,State,Number_feature,Time_Step,number_layers,number_hiddinen_nodes,MAE,RMSE,R2_Score
0,Maharashtra,1,5,1,1,0.08850818127393723,0.09689922645110491,0.6437011293002832
1,Maharashtra,1,5,1,5,0.4859788119792938,0.5053455880773137,-8.6906025765521
2,Maharashtra,1,5,1,8,0.012539833784103394,0.014913631531240854,0.9915600355036975
3,Maharashtra,1,5,1,16,0.016857529059052467,0.01913673899089446,0.9861033632709697
4,Maharashtra,1,5,1,32,0.04790395870804787,0.053389393069104556,0.8918357426374055
5,Maharashtra,1,7,1,1,0.49117934703826904,0.5104442186769351,-9.75757917080296
6,Maharashtra,1,7,1,5,0.045123301446437836,0.05391270065066298,0.879994783728292
7,Maharashtra,1,7,1,8,0.036181483417749405,0.039288722568629794,0.9362685614111267
8,Maharashtra,1,7,1,16,0.05740495026111603,0.0586335742241457,0.8580580899985886
9,Maharashtra,1,7,1,32,0.02691488526761532,0.027239600086260193,0.9693648948801399
10,Maharashtra,1,15,1,1,0.49812066555023193,0.5102693254249215,-14.94136163604836
11,Maharashtra,1,15,1,5,0.029378753155469894,0.03587933827691954,0.9211838374423578
12,Maharashtra,1,15,1,8,0.11292556673288345,0.11370983112757527,0.20836950832707968
13,Maharashtra,1,15,1,16,0.08826941251754761,0.09865228064245586,0.40414478027418876
14,Maharashtra,1,15,1,32,0.05184001103043556,0.062341881206535124,0.7620496945084761
15,Maharashtra,2,5,1,1,0.3921843469142914,0.4193481073981081,-5.673031501303388
16,Maharashtra,2,5,1,5,0.19275084137916565,0.20017341866216998,-0.5205008043899304
17,Maharashtra,2,5,1,8,0.17729215323925018,0.18471770481710323,-0.2947647207756099
18,Maharashtra,2,5,1,16,0.14078152179718018,0.14547402034312645,0.19694600185276456
19,Maharashtra,2,5,1,32,0.09758409857749939,0.09880350940967515,0.6295594251842906
20,Maharashtra,2,7,1,1,0.3566575050354004,0.3837940322515379,-5.081551779013954
21,Maharashtra,2,7,1,5,0.1780921369791031,0.1854499965528877,-0.41994533602531225
22,Maharashtra,2,7,1,8,0.21079345047473907,0.21730369745934489,-0.9496299155723846
23,Maharashtra,2,7,1,16,0.13882838189601898,0.14144912933703274,0.1739268276453586
24,Maharashtra,2,7,1,32,0.1097116693854332,0.11207759536342542,0.48137248411701317
25,Maharashtra,2,15,1,1,0.3026500940322876,0.3260255931004068,-5.507735252833103
26,Maharashtra,2,15,1,5,0.12016664445400238,0.12050696454607668,0.11089963301262762
27,Maharashtra,2,15,1,8,0.2167321890592575,0.21909322378987434,-1.938897021042167
28,Maharashtra,2,15,1,16,0.19621969759464264,0.19764458731217693,-1.391642925115888
29,Maharashtra,2,15,1,32,0.1446777582168579,0.1453104857335922,-0.292767512286253
30,Maharashtra,3,5,1,1,0.396347314119339,0.4150531542012614,-5.537042260457023
31,Maharashtra,3,5,1,5,0.19435356557369232,0.2017125299530423,-0.543972592553255
32,Maharashtra,3,5,1,8,0.1665949821472168,0.1699014465066276,-0.09538811052374507
33,Maharashtra,3,5,1,16,0.08334703743457794,0.08547240079042505,0.7227793146208142
34,Maharashtra,3,5,1,32,0.14086569845676422,0.1426389577502609,0.22794161145318792
35,Maharashtra,3,7,1,1,0.3802696466445923,0.3949184028933186,-5.43921076191342
36,Maharashtra,3,7,1,5,0.1422794759273529,0.1444352707626861,0.13868008284602318
37,Maharashtra,3,7,1,8,0.23591449856758118,0.23957999199458427,-1.3698402809404895
38,Maharashtra,3,7,1,16,0.16263002157211304,0.16464965634330417,-0.11928235492876116
39,Maharashtra,3,7,1,32,0.15221495926380157,0.15413079196097262,0.019163019035807083
40,Maharashtra,3,15,1,1,0.18961049616336823,0.19064578974812282,-1.2252609282728328
41,Maharashtra,3,15,1,5,0.2201673984527588,0.22170936285017787,-2.0095017873969687
42,Maharashtra,3,15,1,8,0.2402089685201645,0.24222163759640647,-2.592132575887963
43,Maharashtra,3,15,1,16,0.2373170405626297,0.23916691980420537,-2.5021011714175185
44,Maharashtra,3,15,1,32,0.17135688662528992,0.1727604437281676,-0.8273221491988758
45,Maharashtra,4,5,1,1,0.3303534686565399,0.35353923950568533,-3.742955801814084
46,Maharashtra,4,5,1,5,0.18098795413970947,0.1966067727329091,-0.4667996384912174
47,Maharashtra,4,5,1,8,0.20113927125930786,0.21181148032637762,-0.7024438223317706
48,Maharashtra,4,5,1,16,0.1499280035495758,0.15238181885662053,0.11886972571020127
49,Maharashtra,4,5,1,32,0.09874965995550156,0.10133808357637271,0.6103100667212319
50,Maharashtra,4,7,1,1,0.09922225028276443,0.11834756537336778,0.42172215605487473
51,Maharashtra,4,7,1,5,0.15566803514957428,0.18108943659242654,-0.3539550426486149
52,Maharashtra,4,7,1,8,0.23187710344791412,0.2381210961484927,-1.3410664016668208
53,Maharashtra,4,7,1,16,0.07716967165470123,0.0836382542442893,0.7111795725744727
54,Maharashtra,4,7,1,32,0.06735564023256302,0.06970686153370896,0.7993824015483719
55,Maharashtra,4,15,1,1,0.21087977290153503,0.233668781274067,-2.342934841987609
56,Maharashtra,4,15,1,5,0.21771904826164246,0.2328291938224208,-2.3189549309062083
57,Maharashtra,4,15,1,8,0.12017706036567688,0.1216030523979067,0.09465213705841757
58,Maharashtra,4,15,1,16,0.03421878069639206,0.03724841372181413,0.9150541681492418
59,Maharashtra,4,15,1,32,0.03266298025846481,0.03452389289191317,0.9270263562027931
60,Maharashtra,5,5,1,1,0.3799622356891632,0.3857837702876256,-4.647571240183492
61,Maharashtra,5,5,1,5,0.14688654243946075,0.16380618713910702,-0.018203058187917565
62,Maharashtra,5,5,1,8,0.14460505545139313,0.16274307094969814,-0.0050296128525291195
63,Maharashtra,5,5,1,16,0.11992701888084412,0.13526397970537876,0.3057144483534603
64,Maharashtra,5,5,1,32,0.14053915441036224,0.1486202106823074,0.16183493343735622
65,Maharashtra,5,7,1,1,0.04895799607038498,0.05321912141313045,0.8830626190518046
66,Maharashtra,5,7,1,5,0.17878465354442596,0.1872076696186992,-0.4469892606949011
67,Maharashtra,5,7,1,8,0.10093045979738235,0.12472806721755438,0.35768759110035764
68,Maharashtra,5,7,1,16,0.16712871193885803,0.17302131937736884,-0.23599620962902002
69,Maharashtra,5,7,1,32,0.13547283411026,0.14657185803207462,0.11300905658028837
70,Maharashtra,5,15,1,1,0.16724564135074615,0.17031579014461162,-0.7759728632328919
71,Maharashtra,5,15,1,5,0.17804917693138123,0.19905300351281754,-1.4258500816994286
72,Maharashtra,5,15,1,8,0.16308118402957916,0.1854838314368171,-1.1063892873882697
73,Maharashtra,5,15,1,16,0.1448812186717987,0.16309213912045536,-0.6285180582289598
74,Maharashtra,5,15,1,32,0.1574450433254242,0.179045868828574,-0.9627054993256925
75,Maharashtra,6,5,1,1,0.2768852114677429,0.2806100452236029,-1.9879975814574915
76,Maharashtra,6,5,1,5,0.28642356395721436,0.3148099521452826,-2.760717421950852
77,Maharashtra,6,5,1,8,0.06314695626497269,0.08077810391104796,0.7523940152794967
78,Maharashtra,6,5,1,16,0.11254137009382248,0.12038534362021454,0.45005268000288357
79,Maharashtra,6,5,1,32,0.17142263054847717,0.17953862366834966,-0.2231779367754414
80,Maharashtra,6,7,1,1,0.3332069516181946,0.3355560576811108,-3.648877634676629
81,Maharashtra,6,7,1,5,0.2348371148109436,0.2507132845133942,-1.5952106033312043
82,Maharashtra,6,7,1,8,0.12508328258991241,0.14858760898267104,0.08844442720880685
83,Maharashtra,6,7,1,16,0.10048705339431763,0.11380211932343962,0.46528959423029237
84,Maharashtra,6,7,1,32,0.10988466441631317,0.12101775907527362,0.3953331688763565
85,Maharashtra,6,15,1,1,0.33086660504341125,0.3320178309702185,-5.749153393193904
86,Maharashtra,6,15,1,5,0.19718506932258606,0.215720270021917,-1.8491048807474773
87,Maharashtra,6,15,1,8,0.14387407898902893,0.148989160527874,-0.3590512876632277
88,Maharashtra,6,15,1,16,0.12822528183460236,0.14236165950509283,-0.2408307978111348
89,Maharashtra,6,15,1,32,0.10217329859733582,0.11117692769029368,0.243244019372302
90,Delhi,1,5,1,1,0.09108242392539978,0.10065563342768062,0.7267049242253716
91,Delhi,1,5,1,5,0.2147560566663742,0.2320138410979674,-0.4520561480152736
92,Delhi,1,5,1,8,0.07835826277732849,0.08549407054340595,0.8028359819066719
93,Delhi,1,5,1,16,0.037016138434410095,0.03946675098344973,0.9579836393804884
94,Delhi,1,5,1,32,0.047080203890800476,0.049739708773386564,0.9332637016948209
95,Delhi,1,7,1,1,0.46354764699935913,0.4857479909589277,-5.834394861464734
96,Delhi,1,7,1,5,0.12108509987592697,0.127430641333522,0.5296449638847986
97,Delhi,1,7,1,8,0.05846227705478668,0.06274250414306137,0.885974580343574
98,Delhi,1,7,1,16,0.08665213733911514,0.09176205928518939,0.7561042004121877
99,Delhi,1,7,1,32,0.09933564811944962,0.10728561255432462,0.6666035199366556
100,Delhi,1,15,1,1,0.47465750575065613,0.48809516412593756,-9.512961001301058
101,Delhi,1,15,1,5,0.15126369893550873,0.15428348072680848,-0.050400445903139524
102,Delhi,1,15,1,8,0.12640228867530823,0.13129988585159907,0.23924502172769369
103,Delhi,1,15,1,16,0.048492442816495895,0.06087907862401747,0.8364493923430338
104,Delhi,1,15,1,32,0.15993300080299377,0.16322140007453162,-0.17562885765491498
105,Delhi,2,5,1,1,0.3618188202381134,0.3995075815863572,-3.3053223660572923
106,Delhi,2,5,1,5,0.16811376810073853,0.18302163811797828,0.0964327480158097
107,Delhi,2,5,1,8,0.16698670387268066,0.18464442183177335,0.0803384490019472
108,Delhi,2,5,1,16,0.13345502316951752,0.14264696889061057,0.45111579896423726
109,Delhi,2,5,1,32,0.09808094054460526,0.105682373046875,0.6987265992230057
110,Delhi,2,7,1,1,0.39531105756759644,0.44081418663166294,-4.628454744163428
111,Delhi,2,7,1,5,0.20257306098937988,0.21719047969722635,-0.36634254179675474
112,Delhi,2,7,1,8,0.16576184332370758,0.17866064103892282,0.07543840352296238
113,Delhi,2,7,1,16,0.16689440608024597,0.17941488442293946,0.06761568009302321
114,Delhi,2,7,1,32,0.10854308307170868,0.11298929195891662,0.6302122226518241
115,Delhi,2,15,1,1,0.420440673828125,0.4490015416989695,-7.896346800625631
116,Delhi,2,15,1,5,0.18594472110271454,0.1913451369679367,-0.615663300956125
117,Delhi,2,15,1,8,0.1894417405128479,0.19477984274373128,-0.6741873306224546
118,Delhi,2,15,1,16,0.15356959402561188,0.15685235979079254,-0.08567083800457342
119,Delhi,2,15,1,32,0.11250261217355728,0.11761085808686632,0.38960517079472456
120,Delhi,3,5,1,1,0.2970426082611084,0.3276101569197637,-1.8951450893595423
121,Delhi,3,5,1,5,0.15617288649082184,0.1707558391195397,0.21348536247251737
122,Delhi,3,5,1,8,0.18735618889331818,0.202935341177085,-0.1108897868069656
123,Delhi,3,5,1,16,0.10243435204029083,0.10755017594854442,0.6879832482188615
124,Delhi,3,5,1,32,0.10531167685985565,0.10990661190457125,0.6741608405381843
125,Delhi,3,7,1,1,0.27029553055763245,0.30055286356882277,-1.616494319721999
126,Delhi,3,7,1,5,0.13495643436908722,0.14563750561239494,0.3856378216319606
127,Delhi,3,7,1,8,0.10949965566396713,0.11681376705048889,0.6047552791286874
128,Delhi,3,7,1,16,0.12483376264572144,0.13088104438714582,0.5038288283450605
129,Delhi,3,7,1,32,0.11059439182281494,0.11622366314621943,0.6087384283418349
130,Delhi,3,15,1,1,0.2222236692905426,0.22940398611280138,-1.322298055391447
131,Delhi,3,15,1,5,0.22873085737228394,0.23570689211304705,-1.4516621890142383
132,Delhi,3,15,1,8,0.23493175208568573,0.24175294991708277,-1.5790490636405892
133,Delhi,3,15,1,16,0.18727625906467438,0.19186590432530493,-0.624469803229367
134,Delhi,3,15,1,32,0.1533307284116745,0.15882529259486172,-0.11315432929229985
135,Delhi,4,5,1,1,0.30088821053504944,0.33525822961977003,-2.0318977571806625
136,Delhi,4,5,1,5,0.13758213818073273,0.16542236127247748,0.26185095077285214
137,Delhi,4,5,1,8,0.20472444593906403,0.22067050355170278,-0.3135427100209125
138,Delhi,4,5,1,16,0.10345125943422318,0.12343270874985826,0.5890242946038574
139,Delhi,4,5,1,32,0.05404847860336304,0.059868470926900744,0.9033165945068549
140,Delhi,4,7,1,1,0.63796067237854,0.6644597604320474,-11.7883769363142
141,Delhi,4,7,1,5,0.13859876990318298,0.16528824611165965,0.20866205526004067
142,Delhi,4,7,1,8,0.2281511425971985,0.24351536602389554,-0.7176346141233552
143,Delhi,4,7,1,16,0.023746678605675697,0.026878415404620798,0.9790740424003812
144,Delhi,4,7,1,32,0.033070407807826996,0.03749563569262931,0.9592770248508092
145,Delhi,4,15,1,1,0.32781127095222473,0.3477861611743354,-4.337533729228692
146,Delhi,4,15,1,5,0.19691863656044006,0.21734703125934687,-1.084603485213849
147,Delhi,4,15,1,8,0.21162575483322144,0.2159681806146984,-1.0582378190466732
148,Delhi,4,15,1,16,0.09731388092041016,0.10048205372130105,0.5544534544318057
149,Delhi,4,15,1,32,0.047110870480537415,0.04756232595584195,0.9001743493299582
150,Delhi,5,5,1,1,0.3195318281650543,0.3413140183264661,-2.1424176515623072
151,Delhi,5,5,1,5,0.1485750526189804,0.1658009487478844,0.25846850804702204
152,Delhi,5,5,1,8,0.16636548936367035,0.18109787073129052,0.11532798814124057
153,Delhi,5,5,1,16,0.028238773345947266,0.03156567367564687,0.9731226959574469
154,Delhi,5,5,1,32,0.08349457383155823,0.09905224555999814,0.735342476227856
155,Delhi,5,7,1,1,0.0193546824157238,0.023339148385371353,0.9842221400268061
156,Delhi,5,7,1,5,0.19596898555755615,0.21543126836284893,-0.34429783859714824
157,Delhi,5,7,1,8,0.104160837829113,0.1283224715308143,0.5230382721891845
158,Delhi,5,7,1,16,0.11629433184862137,0.12695969784667627,0.5331151379209778
159,Delhi,5,7,1,32,0.0485912524163723,0.058768310401079285,0.8999621250264183
160,Delhi,5,15,1,1,0.24032005667686462,0.24811238452588316,-1.7165199093509074
161,Delhi,5,15,1,5,0.15331144630908966,0.16206068433736803,-0.1589678300964401
162,Delhi,5,15,1,8,0.1672728806734085,0.1726119163607876,-0.3147935830659905
163,Delhi,5,15,1,16,0.14270028471946716,0.14709541035726695,0.045195924533049214
164,Delhi,5,15,1,32,0.06292074918746948,0.07397094251653229,0.7585437951599853
165,Delhi,6,5,1,1,0.20622172951698303,0.2256791141185924,-0.3738470187822198
166,Delhi,6,5,1,5,0.2049795687198639,0.23379261457123826,-0.4744064962014831
167,Delhi,6,5,1,8,0.10783427208662033,0.1152277637460198,0.6418459447412789
168,Delhi,6,5,1,16,0.10104599595069885,0.11020314523795961,0.6724001903127357
169,Delhi,6,5,1,32,0.0628349706530571,0.06964442640576213,0.8691636677732224
170,Delhi,6,7,1,1,0.22419606149196625,0.23940652390715705,-0.660160309895637
171,Delhi,6,7,1,5,0.13624663650989532,0.15509083044819497,0.30329282212260045
172,Delhi,6,7,1,8,0.07736306637525558,0.09136715709168775,0.7581988935344227
173,Delhi,6,7,1,16,0.07054612040519714,0.07882317369164236,0.8200359113265716
174,Delhi,6,7,1,32,0.11364796757698059,0.12134302155297899,0.573511147409816
175,Delhi,6,15,1,1,0.24506720900535583,0.2495435033810136,-1.7479491299088146
176,Delhi,6,15,1,5,0.18451261520385742,0.19740597292910986,-0.7196362523104425
177,Delhi,6,15,1,8,0.13225102424621582,0.13612050229296924,0.18235811600578689
178,Delhi,6,15,1,16,0.03918259218335152,0.041872459601894195,0.9226299210395049
179,Delhi,6,15,1,32,0.04426756128668785,0.05074560078673718,0.8863648026262956
180,Uttar-Pradesh,1,5,1,1,0.09851500391960144,0.1091795221849531,0.7786639060963967
181,Uttar-Pradesh,1,5,1,5,0.46041539311408997,0.5001560802036368,-3.6449497370630866
182,Uttar-Pradesh,1,5,1,8,0.14976561069488525,0.16912527367082658,0.46888698375251214
183,Uttar-Pradesh,1,5,1,16,0.08355123549699783,0.09130649258241058,0.8451991780346576
184,Uttar-Pradesh,1,5,1,32,0.08931409567594528,0.09776782337855025,0.8225149280213382
185,Uttar-Pradesh,1,7,1,1,0.4717867076396942,0.5120842189124168,-4.192231697023282
186,Uttar-Pradesh,1,7,1,5,0.25645631551742554,0.2829315066881483,-0.5850168122993895
187,Uttar-Pradesh,1,7,1,8,0.19250941276550293,0.2113130193871493,0.11585439786178242
188,Uttar-Pradesh,1,7,1,16,0.1332867592573166,0.1449626014529682,0.5839138967393995
189,Uttar-Pradesh,1,7,1,32,0.08939514309167862,0.09637114873506256,0.8161069624761708
190,Uttar-Pradesh,1,15,1,1,0.4944837987422943,0.5195972716178358,-6.817231259039222
191,Uttar-Pradesh,1,15,1,5,0.21509799361228943,0.22443464365740068,-0.4584750356919072
192,Uttar-Pradesh,1,15,1,8,0.22094504535198212,0.23136012606106965,-0.5498734424819787
193,Uttar-Pradesh,1,15,1,16,0.20411601662635803,0.20884647454313016,-0.26291318097912586
194,Uttar-Pradesh,1,15,1,32,0.14324858784675598,0.14912549370230707,0.3560932846864978
195,Uttar-Pradesh,2,5,1,1,0.37684404850006104,0.4301348871371272,-2.4354156554524953
196,Uttar-Pradesh,2,5,1,5,0.2493651956319809,0.2784333785765655,-0.4395027248687251
197,Uttar-Pradesh,2,5,1,8,0.22288036346435547,0.24169549650158192,-0.0846934736034135
198,Uttar-Pradesh,2,5,1,16,0.13293705880641937,0.14518370150122484,0.6086136675354012
199,Uttar-Pradesh,2,5,1,32,0.11181313544511795,0.12142416651846942,0.7262335911117391
200,Uttar-Pradesh,2,7,1,1,0.41103488206863403,0.4657504591158919,-3.2951448038872604
201,Uttar-Pradesh,2,7,1,5,0.22684797644615173,0.24934228418380486,-0.23101439486525277
202,Uttar-Pradesh,2,7,1,8,0.24177713692188263,0.26635158962504396,-0.4046944787012581
203,Uttar-Pradesh,2,7,1,16,0.2119581699371338,0.22755924020782944,-0.02532184502695589
204,Uttar-Pradesh,2,7,1,32,0.14262910187244415,0.1547439472204163,0.5258687692709345
205,Uttar-Pradesh,2,15,1,1,0.43312913179397583,0.472987649928759,-5.477669795700497
206,Uttar-Pradesh,2,15,1,5,0.19925250113010406,0.20765217749087508,-0.24851041320693268
207,Uttar-Pradesh,2,15,1,8,0.2966684103012085,0.30832354872660556,-1.7525333253890745
208,Uttar-Pradesh,2,15,1,16,0.2417495995759964,0.25188603358085854,-0.8370771308600065
209,Uttar-Pradesh,2,15,1,32,0.19594328105449677,0.2015877840906444,-0.1766508760703125
210,Uttar-Pradesh,3,5,1,1,0.532859742641449,0.592393329047816,-5.516136650504884
211,Uttar-Pradesh,3,5,1,5,0.2010498046875,0.22295942078489578,0.07695776255247466
212,Uttar-Pradesh,3,5,1,8,0.21982556581497192,0.24294593710070309,-0.09594615249286798
213,Uttar-Pradesh,3,5,1,16,0.21200431883335114,0.23086312867032077,0.01035583109659255
214,Uttar-Pradesh,3,5,1,32,0.20114420354366302,0.21865508029685393,0.11225326788183099
215,Uttar-Pradesh,3,7,1,1,0.532905638217926,0.643780936266303,-7.206301346143027
216,Uttar-Pradesh,3,7,1,5,0.2266281247138977,0.24769128256832618,-0.21476626451020864
217,Uttar-Pradesh,3,7,1,8,0.23802851140499115,0.2599702473728121,-0.33819249404926954
218,Uttar-Pradesh,3,7,1,16,0.20699436962604523,0.22498179534274612,-0.0022268159437810464
219,Uttar-Pradesh,3,7,1,32,0.21158376336097717,0.22742117746364773,-0.0240780794847546
220,Uttar-Pradesh,3,15,1,1,0.20964832603931427,0.21909675192962996,-0.38992401544859456
221,Uttar-Pradesh,3,15,1,5,0.2997892200946808,0.30936038483671097,-1.7710774414367099
222,Uttar-Pradesh,3,15,1,8,0.24376673996448517,0.2536691732588759,-0.8631790396677654
223,Uttar-Pradesh,3,15,1,16,0.274446964263916,0.2854659345432662,-1.3595421499430045
224,Uttar-Pradesh,3,15,1,32,0.2562701404094696,0.26477425037516,-1.0298816186539086
225,Uttar-Pradesh,4,5,1,1,0.3920048773288727,0.4308846875223029,-2.4474032623788635
226,Uttar-Pradesh,4,5,1,5,0.26412808895111084,0.2881124969136188,-0.5413245609192092
227,Uttar-Pradesh,4,5,1,8,0.3096493184566498,0.3463233620944071,-1.2270678632622993
228,Uttar-Pradesh,4,5,1,16,0.128822460770607,0.1428632367699116,0.6210247473085698
229,Uttar-Pradesh,4,5,1,32,0.04718681797385216,0.050792326086059846,0.9520966239732641
230,Uttar-Pradesh,4,7,1,1,0.5492750406265259,0.5921374307366059,-5.942505270634193
231,Uttar-Pradesh,4,7,1,5,0.2706160843372345,0.30110409984606795,-0.7951658335962337
232,Uttar-Pradesh,4,7,1,8,0.27153894305229187,0.30095908864939785,-0.7934370332324292
233,Uttar-Pradesh,4,7,1,16,0.08430442959070206,0.0948443859823733,0.8218874672648053
234,Uttar-Pradesh,4,7,1,32,0.11079763621091843,0.13181367615554418,0.6559732836978841
235,Uttar-Pradesh,4,15,1,1,0.41437026858329773,0.438630380816543,-4.570787921656268
236,Uttar-Pradesh,4,15,1,5,0.3842460513114929,0.40195018073987926,-3.6780370669360476
237,Uttar-Pradesh,4,15,1,8,0.2700340151786804,0.2858728783966187,-1.3662746010840818
238,Uttar-Pradesh,4,15,1,16,0.16466177999973297,0.17071937989941466,0.15611191599609275
239,Uttar-Pradesh,4,15,1,32,0.11685491353273392,0.121537116000375,0.5723021818813427
240,Uttar-Pradesh,5,5,1,1,0.382956326007843,0.41348496231679155,-2.1746023000647683
241,Uttar-Pradesh,5,5,1,5,0.18979297578334808,0.207763671875,0.19848966284894687
242,Uttar-Pradesh,5,5,1,8,0.21653801202774048,0.24117766857448295,-0.08005054330803629
243,Uttar-Pradesh,5,5,1,16,0.07397078722715378,0.0843391383086234,0.867922692741863
244,Uttar-Pradesh,5,5,1,32,0.11526001244783401,0.1265641562624276,0.7025655064245928
245,Uttar-Pradesh,5,7,1,1,0.031245816498994827,0.042249749096500686,0.9646556860279527
246,Uttar-Pradesh,5,7,1,5,0.278117835521698,0.30417571734762927,-0.8319782971264975
247,Uttar-Pradesh,5,7,1,8,0.10957071185112,0.14076403526367964,0.6076671652673009
248,Uttar-Pradesh,5,7,1,16,0.16879580914974213,0.1825941448667671,0.33984647818690394
249,Uttar-Pradesh,5,7,1,32,0.05768103897571564,0.06295182037776954,0.921532865932349
250,Uttar-Pradesh,5,15,1,1,0.3194918930530548,0.33383930691971975,-2.2269644409860256
251,Uttar-Pradesh,5,15,1,5,0.17017512023448944,0.1827821037910388,0.03264344226653093
252,Uttar-Pradesh,5,15,1,8,0.2623552978038788,0.27804712641190954,-1.2384944872776562
253,Uttar-Pradesh,5,15,1,16,0.1521078199148178,0.1562039426633561,0.2935146401842459
254,Uttar-Pradesh,5,15,1,32,0.21709300577640533,0.22696902536183539,-0.49159999898440754
255,Uttar-Pradesh,6,5,1,1,0.2706685960292816,0.29185501755186394,-0.5816275297362681
256,Uttar-Pradesh,6,5,1,5,0.32049453258514404,0.36242061107404416,-1.4389093767259253
257,Uttar-Pradesh,6,5,1,8,0.09980308264493942,0.11421710291691202,0.757767635603014
258,Uttar-Pradesh,6,5,1,16,0.10717394948005676,0.11887956377448683,0.7375876115304658
259,Uttar-Pradesh,6,5,1,32,0.1394808292388916,0.1524345176455086,0.5685439646935957
260,Uttar-Pradesh,6,7,1,1,0.2960924208164215,0.3123695220352457,-0.9320065235938184
261,Uttar-Pradesh,6,7,1,5,0.2306710183620453,0.25983764969299383,-0.3368274709052417
262,Uttar-Pradesh,6,7,1,8,0.10976603627204895,0.13758613099562275,0.6251819060964909
263,Uttar-Pradesh,6,7,1,16,0.20244339108467102,0.22037880623441242,0.038363547699762246
264,Uttar-Pradesh,6,7,1,32,0.11918845027685165,0.1259499677043016,0.6859004353037694
265,Uttar-Pradesh,6,15,1,1,0.332247257232666,0.34258351947012594,-2.3982253444834414
266,Uttar-Pradesh,6,15,1,5,0.2644978165626526,0.28629480665088824,-1.3732641948571809
267,Uttar-Pradesh,6,15,1,8,0.15513727068901062,0.15870603053858548,0.27070027658634854
268,Uttar-Pradesh,6,15,1,16,0.19356957077980042,0.1998061794400564,-0.1559444909037333
269,Uttar-Pradesh,6,15,1,32,0.12952359020709991,0.13752712637828626,0.45235897407116665
270,Kerala,1,5,1,1,0.29488542675971985,0.321001451689566,-1.200609234459225
271,Kerala,1,5,1,5,0.5223743915557861,0.5547731091695952,-5.572941410104288
272,Kerala,1,5,1,8,0.1052844226360321,0.12771756297773987,0.6516384763446308
273,Kerala,1,5,1,16,0.0772821456193924,0.09171969131396103,0.820338852693724
274,Kerala,1,5,1,32,0.07444565743207932,0.08790393304737883,0.8349765688093403
275,Kerala,1,7,1,1,0.5667667984962463,0.6020976076996926,-6.947648386590002
276,Kerala,1,7,1,5,0.13250933587551117,0.1537259379317654,0.481917188002852
277,Kerala,1,7,1,8,0.1224602535367012,0.14671550953326337,0.5280924923136328
278,Kerala,1,7,1,16,0.07947573810815811,0.09316509794063689,0.8097120168612042
279,Kerala,1,7,1,32,0.07145640254020691,0.0827835616121656,0.8497574018631473
280,Kerala,1,15,1,1,0.5344295501708984,0.5633301966295815,-7.079319646116746
281,Kerala,1,15,1,5,0.15940341353416443,0.17109756857386252,0.2546909183972389
282,Kerala,1,15,1,8,0.1245618611574173,0.13984801296577448,0.5020780193437955
283,Kerala,1,15,1,16,0.08537539094686508,0.09348154872471133,0.7775151341087215
284,Kerala,1,15,1,32,0.11470278352499008,0.12406606767554834,0.6081185073930814
285,Kerala,2,5,1,1,0.2777208089828491,0.3372051253321543,-1.4283835819978319
286,Kerala,2,5,1,5,0.16621197760105133,0.1915788845130893,0.2161657084203128
287,Kerala,2,5,1,8,0.14087633788585663,0.1673358593210392,0.40199195370164864
288,Kerala,2,5,1,16,0.08611535280942917,0.09837536213019293,0.7933184693597812
289,Kerala,2,5,1,32,0.06744939833879471,0.07576210195449878,0.8774162190947385
290,Kerala,2,7,1,1,0.29220065474510193,0.35583986046691213,-1.77596516064028
291,Kerala,2,7,1,5,0.1426079124212265,0.1686287654172811,0.37659803046428253
292,Kerala,2,7,1,8,0.14107951521873474,0.16537780533643623,0.4004031165977099
293,Kerala,2,7,1,16,0.14041267335414886,0.16137091644122975,0.42910611794883835
294,Kerala,2,7,1,32,0.11881453543901443,0.13779652034689227,0.5837240554663349
295,Kerala,2,15,1,1,0.3191382884979248,0.3717266508131054,-2.5180023780524485
296,Kerala,2,15,1,5,0.11926702409982681,0.1332636840957171,0.5478605866929291
297,Kerala,2,15,1,8,0.1650916188955307,0.18735117767919296,0.10636201897451947
298,Kerala,2,15,1,16,0.12882226705551147,0.1443608155445505,0.4694243636573342
299,Kerala,2,15,1,32,0.13683535158634186,0.14704965241143692,0.44947543766294806
300,Kerala,3,5,1,1,0.4400077164173126,0.4741723674231469,-3.8017711838168564
301,Kerala,3,5,1,5,0.12223009765148163,0.14356887513721078,0.5598004720893871
302,Kerala,3,5,1,8,0.15495486557483673,0.17758626320916338,0.3264842571110912
303,Kerala,3,5,1,16,0.1171795129776001,0.1366086243834954,0.6014478335626025
304,Kerala,3,5,1,32,0.0949438139796257,0.1086279055513537,0.7479934722369781
305,Kerala,3,7,1,1,0.38017702102661133,0.4142309961627589,-2.761750832774514
306,Kerala,3,7,1,5,0.1335180252790451,0.156259792736264,0.46469738269746474
307,Kerala,3,7,1,8,0.14001241326332092,0.15953013685923467,0.4420564057623765
308,Kerala,3,7,1,16,0.14915086328983307,0.17189742072127645,0.3521961432646682
309,Kerala,3,7,1,32,0.13734650611877441,0.15503082274639707,0.47308449765467364
310,Kerala,3,15,1,1,0.11311647295951843,0.12519526875892387,0.6009525142732413
311,Kerala,3,15,1,5,0.1900903433561325,0.21432646118483822,-0.16950012427906747
312,Kerala,3,15,1,8,0.18998895585536957,0.2084619284159759,-0.10637453660211182
313,Kerala,3,15,1,16,0.17767353355884552,0.19785170785761141,0.003382974577571085
314,Kerala,3,15,1,32,0.18388496339321136,0.20205761071486533,-0.03943933495802843
315,Kerala,4,5,1,1,0.2386673092842102,0.2903952803301461,-0.8009765573281888
316,Kerala,4,5,1,5,0.09294199198484421,0.11151071683016839,0.7344403231951333
317,Kerala,4,5,1,8,0.17071188986301422,0.20640301302639247,0.09016835792329714
318,Kerala,4,5,1,16,0.13678497076034546,0.1543772041688545,0.4910263709479915
319,Kerala,4,5,1,32,0.06826888769865036,0.07531347218257983,0.8788637029215888
320,Kerala,4,7,1,1,0.6154241561889648,0.6516056339248087,-8.308389305651257
321,Kerala,4,7,1,5,0.1471918672323227,0.16263268354093485,0.42014353836481166
322,Kerala,4,7,1,8,0.15362194180488586,0.1802922831032499,0.28737821148491705
323,Kerala,4,7,1,16,0.10025056451559067,0.11438438137982905,0.7131609054272154
324,Kerala,4,7,1,32,0.08259996771812439,0.09506131044655536,0.8018872388245358
325,Kerala,4,15,1,1,0.2575271725654602,0.2940261830961525,-1.2010035560914232
326,Kerala,4,15,1,5,0.21721458435058594,0.24748157303781787,-0.5593170861796131
327,Kerala,4,15,1,8,0.15862220525741577,0.18045397735177723,0.17094838961312953
328,Kerala,4,15,1,16,0.09954442083835602,0.11356628255758981,0.6716420262555862
329,Kerala,4,15,1,32,0.07643710821866989,0.08437561513976752,0.8187480771338563
330,Kerala,5,5,1,1,0.32326576113700867,0.3659898217550015,-1.8606647514730663
331,Kerala,5,5,1,5,0.12410574406385422,0.14365287588761325,0.5592852046599928
332,Kerala,5,5,1,8,0.0707029178738594,0.0898846035828204,0.8274561108507551
333,Kerala,5,5,1,16,0.09315183013677597,0.10764333265456556,0.7525410095584842
334,Kerala,5,5,1,32,0.0644991472363472,0.07367122872353313,0.8840889621455498
335,Kerala,5,7,1,1,0.03308969736099243,0.04066397861367623,0.9637486137479723
336,Kerala,5,7,1,5,0.15473341941833496,0.18383606685630471,0.259088619616908
337,Kerala,5,7,1,8,0.03750026598572731,0.05037907756413368,0.9443576770322543
338,Kerala,5,7,1,16,0.10054204612970352,0.11087999162920507,0.7304674795481102
339,Kerala,5,7,1,32,0.08246900141239166,0.09595860712708987,0.7981295463584835
340,Kerala,5,15,1,1,0.20003901422023773,0.2193482936459725,-0.2249467995285488
341,Kerala,5,15,1,5,0.11841686069965363,0.135398828419733,0.533256131115398
342,Kerala,5,15,1,8,0.1531204879283905,0.17540262559306088,0.21671316368437477
343,Kerala,5,15,1,16,0.140966534614563,0.15017157244232598,0.4258515849183899
344,Kerala,5,15,1,32,0.03910636156797409,0.04630989941671318,0.9453995242880021
345,Kerala,6,5,1,1,0.20751814544200897,0.24331341794789105,-0.2643318410901421
346,Kerala,6,5,1,5,0.13584497570991516,0.18167511807331968,0.2951123557171713
347,Kerala,6,5,1,8,0.07503015547990799,0.0817452594098193,0.8572901039301203
348,Kerala,6,5,1,16,0.10455016791820526,0.12395901020316707,0.6718403734423795
349,Kerala,6,5,1,32,0.07317833602428436,0.08536063916371614,0.8443875553497073
350,Kerala,6,7,1,1,0.23113340139389038,0.25613078798555994,-0.4382303132938412
351,Kerala,6,7,1,5,0.14916953444480896,0.18326734381146234,0.2636658211376708
352,Kerala,6,7,1,8,0.015731418505311012,0.022370191406028295,0.9890290495679667
353,Kerala,6,7,1,16,0.11068540066480637,0.1300537805429956,0.6291906270780634
354,Kerala,6,7,1,32,0.08090009540319443,0.09221980894599567,0.8135538949670273
355,Kerala,6,15,1,1,0.24322472512722015,0.2660380825920521,-0.801923320822544
356,Kerala,6,15,1,5,0.2017708420753479,0.23694477338250663,-0.4293644522343356
357,Kerala,6,15,1,8,0.0836486965417862,0.09136714180190504,0.7874658284519471
358,Kerala,6,15,1,16,0.07060917466878891,0.07864764747779869,0.8425218871094111
359,Kerala,6,15,1,32,0.10454852879047394,0.11501077197252386,0.6632358856181542
360,Tamil-Nadu,1,5,1,1,0.1321393996477127,0.1688465480205467,0.47237125743282327
361,Tamil-Nadu,1,5,1,5,0.35611748695373535,0.4127500173740857,-2.1529586512910384
362,Tamil-Nadu,1,5,1,8,0.10391175001859665,0.1343742922276332,0.6658230702195937
363,Tamil-Nadu,1,5,1,16,0.061776503920555115,0.07663628030219222,0.8913041644883045
364,Tamil-Nadu,1,5,1,32,0.08820430189371109,0.10148390608334883,0.809393180891989
365,Tamil-Nadu,1,7,1,1,0.35247576236724854,0.41134192433626254,-2.185864118088887
366,Tamil-Nadu,1,7,1,5,0.1804119497537613,0.2206827761966394,0.08302361494713273
367,Tamil-Nadu,1,7,1,8,0.16727636754512787,0.20435290397982217,0.21370975279026472
368,Tamil-Nadu,1,7,1,16,0.08276308327913284,0.10311508058756341,0.79979928642781
369,Tamil-Nadu,1,7,1,32,0.0722721591591835,0.08876686406928483,0.851637877331503
370,Tamil-Nadu,1,15,1,1,0.36028021574020386,0.4115014134159125,-2.5072927835338117
371,Tamil-Nadu,1,15,1,5,0.16912046074867249,0.19725549313048388,0.19408819596081883
372,Tamil-Nadu,1,15,1,8,0.18615566194057465,0.21292009062231737,0.061006344698624426
373,Tamil-Nadu,1,15,1,16,0.13432013988494873,0.1517418623487069,0.5230858687137673
374,Tamil-Nadu,1,15,1,32,0.1093125119805336,0.12767363541953025,0.6623771633078387
375,Tamil-Nadu,2,5,1,1,0.25363650918006897,0.3209764646929485,-0.9067354835289954
376,Tamil-Nadu,2,5,1,5,0.13673542439937592,0.1726637051124994,0.44824505579192153
377,Tamil-Nadu,2,5,1,8,0.15927723050117493,0.1918531766403303,0.31878838581021596
378,Tamil-Nadu,2,5,1,16,0.10534756630659103,0.132223006106266,0.6764375112069088
379,Tamil-Nadu,2,5,1,32,0.06736823916435242,0.08170073203906632,0.8764633005923617
380,Tamil-Nadu,2,7,1,1,0.24842356145381927,0.31936307086053695,-0.9203955650218945
381,Tamil-Nadu,2,7,1,5,0.17712253332138062,0.2123444840121688,0.1510086949211764
382,Tamil-Nadu,2,7,1,8,0.17122550308704376,0.21289551580568217,0.14659674831040725
383,Tamil-Nadu,2,7,1,16,0.12808829545974731,0.16043697154876083,0.5153478090083257
384,Tamil-Nadu,2,7,1,32,0.12136563658714294,0.14265896843683928,0.6168053453032962
385,Tamil-Nadu,2,15,1,1,0.14536364376544952,0.202452914053049,0.15105919596625916
386,Tamil-Nadu,2,15,1,5,0.15304824709892273,0.17688296824121078,0.3519606466529126
387,Tamil-Nadu,2,15,1,8,0.22287341952323914,0.25588044232710394,-0.35613712323408087
388,Tamil-Nadu,2,15,1,16,0.18935155868530273,0.21704740911792486,0.024249990710760505
389,Tamil-Nadu,2,15,1,32,0.15370965003967285,0.17278244770419396,0.381658191625073
390,Tamil-Nadu,3,5,1,1,0.2497350573539734,0.3109435421150544,-0.7893990057072207
391,Tamil-Nadu,3,5,1,5,0.1221582442522049,0.15060253200307006,0.5802326738461363
392,Tamil-Nadu,3,5,1,8,0.10837721824645996,0.130964386496629,0.6825681670266875
393,Tamil-Nadu,3,5,1,16,0.08419288694858551,0.10100377894758408,0.8111924594143477
394,Tamil-Nadu,3,5,1,32,0.09572777152061462,0.11336402910459795,0.7621546497820086
395,Tamil-Nadu,3,7,1,1,0.29114359617233276,0.33929096953724736,-1.1675334414560123
396,Tamil-Nadu,3,7,1,5,0.11309921741485596,0.1312872382539212,0.6754614222688278
397,Tamil-Nadu,3,7,1,8,0.15635915100574493,0.18903292432495375,0.3271841961495334
398,Tamil-Nadu,3,7,1,16,0.11932335048913956,0.1395977701957945,0.6330742140496306
399,Tamil-Nadu,3,7,1,32,0.1145235076546669,0.1304692245520453,0.6794930823690415
400,Tamil-Nadu,3,15,1,1,0.18252883851528168,0.21029266056956897,0.08403769130042726
401,Tamil-Nadu,3,15,1,5,0.2073744535446167,0.23440476069646654,-0.13805229330177915
402,Tamil-Nadu,3,15,1,8,0.19121167063713074,0.20237892942342492,0.151679525430518
403,Tamil-Nadu,3,15,1,16,0.20089949667453766,0.21352872673619486,0.05563043021823
404,Tamil-Nadu,3,15,1,32,0.17328640818595886,0.18495126797658332,0.29149325246397806
405,Tamil-Nadu,4,5,1,1,0.2600698471069336,0.3197166553190441,-0.8917971573587957
406,Tamil-Nadu,4,5,1,5,0.12727698683738708,0.1679082362264999,0.4782191750913546
407,Tamil-Nadu,4,5,1,8,0.23703280091285706,0.27384418489429696,-0.3878774430776719
408,Tamil-Nadu,4,5,1,16,0.12538933753967285,0.14584838769616254,0.6063163638380598
409,Tamil-Nadu,4,5,1,32,0.07410585135221481,0.09471674996117357,0.8339657446604227
410,Tamil-Nadu,4,7,1,1,0.39759066700935364,0.4564510967000773,-2.9229228102999727
411,Tamil-Nadu,4,7,1,5,0.23028677701950073,0.2572471604612207,-0.24601276111521808
412,Tamil-Nadu,4,7,1,8,0.195937842130661,0.2335204440015595,-0.026765071065370405
413,Tamil-Nadu,4,7,1,16,0.12374221533536911,0.1404862447819357,0.6283887057289528
414,Tamil-Nadu,4,7,1,32,0.09677880257368088,0.1122013445841619,0.7629623288562224
415,Tamil-Nadu,4,15,1,1,0.27112993597984314,0.314221658280627,-1.0450391612505547
416,Tamil-Nadu,4,15,1,5,0.2893954813480377,0.3301984917390493,-1.2582890314257633
417,Tamil-Nadu,4,15,1,8,0.23796314001083374,0.2697805965145684,-0.5074771054518921
418,Tamil-Nadu,4,15,1,16,0.17949774861335754,0.1977906369606453,0.18970940177796658
419,Tamil-Nadu,4,15,1,32,0.0945994034409523,0.10938312721711214,0.7521836104708595
420,Tamil-Nadu,5,5,1,1,0.33517539501190186,0.3928014964320411,-1.8555538831293785
421,Tamil-Nadu,5,5,1,5,0.1757221519947052,0.21317419362542536,0.15896636151637245
422,Tamil-Nadu,5,5,1,8,0.18719170987606049,0.21844257312008067,0.1168820932476079
423,Tamil-Nadu,5,5,1,16,0.06874504685401917,0.08679988680317277,0.8605616018362573
424,Tamil-Nadu,5,5,1,32,0.07616230845451355,0.09722741862679159,0.8250469095384765
425,Tamil-Nadu,5,7,1,1,0.0432669073343277,0.05357235456415692,0.9459615688066331
426,Tamil-Nadu,5,7,1,5,0.1678158938884735,0.2052023829083134,0.20715900388398645
427,Tamil-Nadu,5,7,1,8,0.16555814445018768,0.19468388486723426,0.2863565392505578
428,Tamil-Nadu,5,7,1,16,0.1179390400648117,0.138043855300544,0.6411975472439184
429,Tamil-Nadu,5,7,1,32,0.07152838259935379,0.08523408783952573,0.8632120225983627
430,Tamil-Nadu,5,15,1,1,0.2733685076236725,0.31242938435928913,-1.0217764324950074
431,Tamil-Nadu,5,15,1,5,0.2294929474592209,0.25760801471057904,-0.3745105286108057
432,Tamil-Nadu,5,15,1,8,0.14373153448104858,0.17113783825719767,0.39337340064986537
433,Tamil-Nadu,5,15,1,16,0.22461998462677002,0.24426311471913564,-0.2357912885500082
434,Tamil-Nadu,5,15,1,32,0.1283092498779297,0.14759304116648492,0.5488082827317533
435,Tamil-Nadu,6,5,1,1,0.23531308770179749,0.2611152323452276,-0.2618523830657604
436,Tamil-Nadu,6,5,1,5,0.23717115819454193,0.30540089353569333,-0.7261744826457515
437,Tamil-Nadu,6,5,1,8,0.04451550543308258,0.05726700580748474,0.9393049832243381
438,Tamil-Nadu,6,5,1,16,0.20069274306297302,0.23651697951682044,-0.03530596942790343
439,Tamil-Nadu,6,5,1,32,0.07018918544054031,0.08866709410596807,0.8544979580601479
440,Tamil-Nadu,6,7,1,1,0.24307774007320404,0.27768836304236216,-0.45189980670388485
441,Tamil-Nadu,6,7,1,5,0.23235227167606354,0.28766613130521484,-0.5581122622419286
442,Tamil-Nadu,6,7,1,8,0.0949135273694992,0.11334928984969606,0.7580871970865771
443,Tamil-Nadu,6,7,1,16,0.11768840998411179,0.1412789912875433,0.6241829995817354
444,Tamil-Nadu,6,7,1,32,0.1801634281873703,0.2053944282861578,0.20567434615583136
445,Tamil-Nadu,6,15,1,1,0.24461883306503296,0.27525948723113114,-0.5693286001698892
446,Tamil-Nadu,6,15,1,5,0.3280491530895233,0.3887495030464357,-2.1301782544238854
447,Tamil-Nadu,6,15,1,8,0.16975921392440796,0.1866281824447419,0.27858729230209167
448,Tamil-Nadu,6,15,1,16,0.15928368270397186,0.18517291883290782,0.2897939792744889
449,Tamil-Nadu,6,15,1,32,0.18212682008743286,0.20553204391950242,0.12503940028728822
