,State,Number_feature,Time_Step,number_layers,kernel_size,MAE,RMSE,R2_Score
0,Karnataka,1,5,2,1,0.17734041810035706,0.17996508469966746,-0.7292414583522189
1,Karnataka,1,5,2,2,0.14837871491909027,0.1497894694669421,-0.19795807393314813
2,Karnataka,1,5,2,3,0.07015779614448547,0.0725351764324143,0.7190840375287999
3,Karnataka,1,5,2,4,0.128084197640419,0.13198537480998615,0.06989773102133201
4,Karnataka,1,5,3,1,0.23457933962345123,0.23736128112608187,-2.008145431361298
5,Karnataka,1,5,3,2,0.02929091453552246,0.03435863754325443,0.9369694688784052
6,Karnataka,1,5,3,3,0.1625651866197586,0.1642425661574864,-0.4402919191708565
7,Karnataka,1,5,3,4,0.05314470827579498,0.05997299669504919,0.8079604778164249
8,Karnataka,1,5,4,1,0.05574393272399902,0.06146673208099157,0.7982752023921101
9,Karnataka,1,5,4,2,0.1196160614490509,0.12832110708098102,0.12082512204360152
10,Karnataka,1,5,4,3,0.04753299057483673,0.05662794217803858,0.8287854388489209
11,Karnataka,1,5,4,4,0.0873146504163742,0.09367954567147797,0.5314363120320764
12,Karnataka,1,7,2,1,0.11222289502620697,0.11649855515884648,-0.14024974190082662
13,Karnataka,1,7,2,2,0.1141192764043808,0.11587963643463636,-0.128166297348566
14,Karnataka,1,7,2,3,0.060528095811605453,0.06818744632695234,0.6093680722170987
15,Karnataka,1,7,2,4,0.036780014634132385,0.04689868934385162,0.8152092061214545
16,Karnataka,1,7,3,1,0.18716922402381897,0.18815711230524076,-1.9744055784059817
17,Karnataka,1,7,3,2,0.17192880809307098,0.17339986379904332,-1.526134079371475
18,Karnataka,1,7,3,3,0.02620552107691765,0.030614186912395383,0.9212583771517165
19,Karnataka,1,7,3,4,0.024450819939374924,0.0285947925883703,0.931303788130565
20,Karnataka,1,7,4,1,0.11086629331111908,0.11756162527662413,-0.16115460726936548
21,Karnataka,1,7,4,2,0.12152039259672165,0.12340859575715529,-0.27952775224483384
22,Karnataka,1,7,4,3,0.03744626045227051,0.043508582131655725,0.840959132465753
23,Karnataka,1,7,4,4,0.11883963644504547,0.12019167893043528,-0.2136897893389067
24,Karnataka,2,5,2,1,0.16868527233600616,0.16959436687591362,-0.5356841853325334
25,Karnataka,2,5,2,2,0.0870526134967804,0.08920788171814378,0.5751011054168872
26,Karnataka,2,5,2,3,0.06909589469432831,0.07088269395186615,0.7317377984196329
27,Karnataka,2,5,2,4,0.0969073697924614,0.10259901746264083,0.43796220234112304
28,Karnataka,2,5,3,1,0.1906677782535553,0.19536610821303665,-1.0378750683271716
29,Karnataka,2,5,3,2,0.039051998406648636,0.04435132343670626,0.8949751117177175
30,Karnataka,2,5,3,3,0.32720059156417847,0.33190972965443244,-4.881918844335923
31,Karnataka,2,5,3,4,0.03010341338813305,0.03449335415715056,0.9364742224312269
32,Karnataka,2,5,4,1,0.27566322684288025,0.2774477615890705,-3.1099972670391267
33,Karnataka,2,5,4,2,0.04034443199634552,0.04316287459814528,0.9005282396502622
34,Karnataka,2,5,4,3,0.3074215352535248,0.3084070268513548,-4.078408721544452
35,Karnataka,2,5,4,4,0.12135381996631622,0.12290791203213816,0.19343613767056633
36,Karnataka,2,7,2,1,0.06788790225982666,0.07593978160699692,0.5154957544757046
37,Karnataka,2,7,2,2,0.09114550054073334,0.09216005939288893,0.2864170976681959
38,Karnataka,2,7,2,3,0.19689688086509705,0.19767154815335625,-2.282821096632919
39,Karnataka,2,7,2,4,0.1491459757089615,0.15038964655173923,-0.9001800340874437
40,Karnataka,2,7,3,1,0.055888477712869644,0.07529322331010706,0.5237108075500195
41,Karnataka,2,7,3,2,0.19759607315063477,0.2050525558517266,-2.5325576882432292
42,Karnataka,2,7,3,3,0.32801082730293274,0.33251642794288283,-8.28934510169059
43,Karnataka,2,7,3,4,0.04860367253422737,0.05416838095127071,0.7534808743579602
44,Karnataka,2,7,4,1,0.4335864782333374,0.43744558609041384,-15.077072694987745
45,Karnataka,2,7,4,2,0.3109235167503357,0.31608697300357613,-7.394060410648169
46,Karnataka,2,7,4,3,0.44315969944000244,0.4481489462685915,-15.873440032503733
47,Karnataka,2,7,4,4,0.3796900510787964,0.3884700270189812,-11.678676079905571
48,Karnataka,3,5,2,1,0.22253060340881348,0.22528869896039336,-1.7099291262042966
49,Karnataka,3,5,2,2,0.31304702162742615,0.3193191967230397,-4.44413888610938
50,Karnataka,3,5,2,3,0.27743440866470337,0.2828081336132215,-3.2703443721426826
51,Karnataka,3,5,2,4,0.17356881499290466,0.17668728975904902,-0.6668237341329148
52,Karnataka,3,5,3,1,0.46193990111351013,0.4711209891875508,-10.850699981644333
53,Karnataka,3,5,3,2,0.27796563506126404,0.2829760726495198,-3.2754173949155216
54,Karnataka,3,5,3,3,0.3201988637447357,0.33045830360657447,-4.830589132521847
55,Karnataka,3,5,3,4,0.2583793103694916,0.2640877728528926,-2.7237084826638283
56,Karnataka,3,5,4,1,0.28076085448265076,0.28664455285322227,-3.3869880206220015
57,Karnataka,3,5,4,2,0.27321377396583557,0.2819752745940458,-3.245229052706783
58,Karnataka,3,5,4,3,0.4711495041847229,0.48261363739474045,-11.43593143744888
59,Karnataka,3,5,4,4,0.357840359210968,0.3636151696728962,-6.059323330680037
60,Karnataka,3,7,2,1,0.18186627328395844,0.1831221000747731,-1.8173474703880368
61,Karnataka,3,7,2,2,0.3774206340312958,0.38195469173017216,-11.2569562314368
62,Karnataka,3,7,2,3,0.296943336725235,0.3030069539189638,-6.7137240041082675
63,Karnataka,3,7,2,4,0.11351383477449417,0.11456522789515342,-0.10271815122848893
64,Karnataka,3,7,3,1,0.28817832469940186,0.29031456600640776,-6.081031196841064
65,Karnataka,3,7,3,2,1.0627976655960083,1.0777973838270398,-96.59625581154657
66,Karnataka,3,7,3,3,0.27187901735305786,0.27504647848357167,-5.355812532737355
67,Karnataka,3,7,3,4,0.2055136263370514,0.20766567693916363,-2.62316695316125
68,Karnataka,3,7,4,1,0.1945815235376358,0.1949394191422433,-2.1927008175536744
69,Karnataka,3,7,4,2,0.27983081340789795,0.28305549720058104,-5.731348167698876
70,Karnataka,3,7,4,3,0.43982812762260437,0.4489013213787656,-15.930144381313166
71,Karnataka,3,7,4,4,0.33994850516319275,0.34402724486473024,-8.943621154753405
72,Karnataka,4,5,2,1,0.23266343772411346,0.2611174151632432,-2.64041376154308
73,Karnataka,4,5,2,2,0.312418133020401,0.32625141430325355,-4.683081504791225
74,Karnataka,4,5,2,3,0.16808059811592102,0.19782763390103125,-1.0895512488289008
75,Karnataka,4,5,2,4,0.3062038719654083,0.35136953992411324,-5.591850135518111
76,Karnataka,4,5,3,1,0.26534298062324524,0.27663737323425924,-3.086023028654056
77,Karnataka,4,5,3,2,0.07822151482105255,0.09625452168792215,0.5053233697818558
78,Karnataka,4,5,3,3,0.36012670397758484,0.3753844912660022,-6.523704220858071
79,Karnataka,4,5,3,4,0.24966652691364288,0.2652639993295459,-2.7569526528818353
80,Karnataka,4,5,4,1,0.26439568400382996,0.2774534545774458,-3.1101660387258647
81,Karnataka,4,5,4,2,0.5579978227615356,0.5755245645899811,-16.685070818555534
82,Karnataka,4,5,4,3,0.21138931810855865,0.22887566723458053,-1.7969090531518361
83,Karnataka,4,5,4,4,0.2447350174188614,0.27046102676956507,-2.905606176749906
84,Karnataka,4,7,2,1,0.21593418717384338,0.23407013456679637,-3.6031050469193326
85,Karnataka,4,7,2,2,0.2346099317073822,0.2701410637465345,-5.131124126660572
86,Karnataka,4,7,2,3,0.2864154577255249,0.31570961875439035,-7.374030096049017
87,Karnataka,4,7,2,4,0.14053025841712952,0.1813613323586866,-1.763428879743624
88,Karnataka,4,7,3,1,0.40877145528793335,0.4193140821087327,-13.771947979817933
89,Karnataka,4,7,3,2,0.2483857274055481,0.26849267416999373,-5.056528287262642
90,Karnataka,4,7,3,3,0.5537741780281067,0.5749316040078446,-26.770980770791024
91,Karnataka,4,7,3,4,0.24326379597187042,0.283642749914379,-5.759308719170387
92,Karnataka,4,7,4,1,0.451301634311676,0.4664092749109372,-17.276509161306
93,Karnataka,4,7,4,2,0.36061370372772217,0.3719020473036659,-10.620265371175101
94,Karnataka,4,7,4,3,0.42188113927841187,0.4388283930134715,-15.178874295750106
95,Karnataka,4,7,4,4,0.6069166660308838,0.6209589494015594,-31.395500546907236
96,Karnataka,5,5,2,1,0.16819612681865692,0.18463126694858772,-0.8200760685011108
97,Karnataka,5,5,2,2,0.18715757131576538,0.21072181518341582,-1.3708171176778232
98,Karnataka,5,5,2,3,0.22922773659229279,0.2533569556493343,-2.427242021422997
99,Karnataka,5,5,2,4,0.12496158480644226,0.15612658156349038,-0.30146590683715724
100,Karnataka,5,5,3,1,0.40760934352874756,0.42966296386023395,-8.856777126764111
101,Karnataka,5,5,3,2,0.287803590297699,0.31509742125340023,-4.301133999198822
102,Karnataka,5,5,3,3,0.2057170271873474,0.2299678904339391,-1.8236670049951784
103,Karnataka,5,5,3,4,0.2899661660194397,0.3193927329416409,-4.4466460030909305
104,Karnataka,5,5,4,1,0.27617722749710083,0.3062231416991728,-4.006740662314631
105,Karnataka,5,5,4,2,0.1983749121427536,0.22438236042531154,-1.6881685464045368
106,Karnataka,5,5,4,3,0.3706310987472534,0.39715669501995043,-7.421759857353008
107,Karnataka,5,5,4,4,0.2677106261253357,0.3048902106258087,-3.9632490686729813
108,Karnataka,5,7,2,1,0.18362638354301453,0.2182750825823037,-3.0028303539974432
109,Karnataka,5,7,2,2,0.2503522038459778,0.30603550775994554,-6.868691495346441
110,Karnataka,5,7,2,3,0.12324340641498566,0.16075633022716723,-1.1711759825538333
111,Karnataka,5,7,2,4,0.33751562237739563,0.38723941393371586,-11.59847599223924
112,Karnataka,5,7,3,1,0.07845927774906158,0.09680456227188317,0.21268129507510547
113,Karnataka,5,7,3,2,0.35392332077026367,0.3696704271748426,-10.481227344104735
114,Karnataka,5,7,3,3,0.2541750371456146,0.2902889267186336,-6.079780783575425
115,Karnataka,5,7,3,4,0.2663566470146179,0.3112536610537389,-7.13931440613443
116,Karnataka,5,7,4,1,0.27580973505973816,0.3027418443312106,-6.700231757961748
117,Karnataka,5,7,4,2,0.34169822931289673,0.36090731473926363,-9.943349132935168
118,Karnataka,5,7,4,3,0.20828817784786224,0.2412560223904921,-3.8900713703385073
119,Karnataka,5,7,4,4,0.33082008361816406,0.37686565352786244,-10.932516318281198
120,Karnataka,6,5,2,1,0.3700438439846039,0.39677540663392546,-7.4055976287627665
121,Karnataka,6,5,2,2,0.1589609831571579,0.2076230318353968,-1.301601540359262
122,Karnataka,6,5,2,3,0.3080594837665558,0.3346778629956454,-4.980438871425698
123,Karnataka,6,5,2,4,0.42992153763771057,0.4748069759990065,-11.036862189932686
124,Karnataka,6,5,3,1,0.1990756392478943,0.21463888978419876,-1.4597781146366535
125,Karnataka,6,5,3,2,0.34437790513038635,0.3671111169462406,-6.195718222483212
126,Karnataka,6,5,3,3,0.4430887997150421,0.4760990860142034,-11.102464335638116
127,Karnataka,6,5,3,4,0.2993620038032532,0.33348369435707975,-4.937837050264882
128,Karnataka,6,5,4,1,0.39879000186920166,0.42994694246597254,-8.869810719257325
129,Karnataka,6,5,4,2,0.523202121257782,0.5428380740328322,-14.733296417496065
130,Karnataka,6,5,4,3,0.40988367795944214,0.4363367931901733,-9.16535913160761
131,Karnataka,6,5,4,4,0.30449962615966797,0.3289471498915298,-4.777385024340968
132,Karnataka,6,7,2,1,0.1775149255990982,0.2035666487829977,-2.4815464414163495
133,Karnataka,6,7,2,2,0.38587886095046997,0.41178085466782643,-13.245944296375457
134,Karnataka,6,7,2,3,0.19666264951229095,0.22876127195727458,-3.3966701384658275
135,Karnataka,6,7,2,4,0.2925713062286377,0.34616496599862023,-9.067581097759799
136,Karnataka,6,7,3,1,0.6603718400001526,0.6760746754335224,-37.40150570044419
137,Karnataka,6,7,3,2,0.46640878915786743,0.5024917621791345,-20.213718567672576
138,Karnataka,6,7,3,3,0.331677109003067,0.3715455767962062,-10.598000186289692
139,Karnataka,6,7,3,4,0.42095035314559937,0.4688048648515085,-17.464736881397982
140,Karnataka,6,7,4,1,0.3173663020133972,0.33975334718948724,-8.698094131614143
141,Karnataka,6,7,4,2,0.33041107654571533,0.3638496054774729,-10.122508062266904
142,Karnataka,6,7,4,3,0.3436596989631653,0.37347242040444867,-10.718605706725707
143,Karnataka,6,7,4,4,0.38491690158843994,0.41675551977089187,-13.59222800661756
144,Maharashtra,1,5,2,1,0.0331340990960598,0.03710271279864622,0.8834119383574452
145,Maharashtra,1,5,2,2,0.1472260057926178,0.15005679669558453,-0.9070148308912589
146,Maharashtra,1,5,2,3,0.05948040261864662,0.06523806353094666,0.6395501347108583
147,Maharashtra,1,5,2,4,0.027723049744963646,0.031526571032975806,0.915822453568511
148,Maharashtra,1,5,3,1,0.014495777897536755,0.016938212943314344,0.9757015861612993
149,Maharashtra,1,5,3,2,0.10514003783464432,0.11012541968517892,-0.027112170023663396
150,Maharashtra,1,5,3,3,0.028213603422045708,0.03349302808895996,0.9049938903081302
151,Maharashtra,1,5,3,4,0.08211798965930939,0.08267426796025418,0.4211267929241461
152,Maharashtra,1,5,4,1,0.08374697715044022,0.09360773000448162,0.2578936050909103
153,Maharashtra,1,5,4,2,0.020671585574746132,0.024198239768887287,0.9504081547127241
154,Maharashtra,1,5,4,3,0.03988730162382126,0.050890843259626214,0.7806578804105035
155,Maharashtra,1,5,4,4,0.1207457035779953,0.12900792793514096,-0.4095340774162073
156,Maharashtra,1,7,2,1,0.040501877665519714,0.042926942741477694,0.8010804673973844
157,Maharashtra,1,7,2,2,0.05531860142946243,0.05786105248429841,0.6385982467453876
158,Maharashtra,1,7,2,3,0.13985691964626312,0.143136355645077,-1.2116554528456338
159,Maharashtra,1,7,2,4,0.015750307589769363,0.020717187117291334,0.9536682060394731
160,Maharashtra,1,7,3,1,0.16089679300785065,0.16219431593617145,-1.8398068432051775
161,Maharashtra,1,7,3,2,0.2565949261188507,0.25974477239677546,-6.283014400746225
162,Maharashtra,1,7,3,3,0.020890075713396072,0.023084828274280038,0.9424731162825368
163,Maharashtra,1,7,3,4,0.022865314036607742,0.028237825948240116,0.9139244004072561
164,Maharashtra,1,7,4,1,0.05956508219242096,0.06266464957159731,0.5761006062183618
165,Maharashtra,1,7,4,2,0.188437357544899,0.19702618296715466,-3.1904958779330492
166,Maharashtra,1,7,4,3,0.024040043354034424,0.026425102657604907,0.9246209095485056
167,Maharashtra,1,7,4,4,0.1737259179353714,0.17863101944147577,-2.4445401623782907
168,Maharashtra,2,5,2,1,0.09568174183368683,0.09580001500218926,0.222726318557666
169,Maharashtra,2,5,2,2,0.05331631004810333,0.058479537515511375,0.7103652980051407
170,Maharashtra,2,5,2,3,0.043935492634773254,0.04808038622562985,0.8042153533190294
171,Maharashtra,2,5,2,4,0.018384281545877457,0.02218077301371822,0.9583326282357835
172,Maharashtra,2,5,3,1,0.11291031539440155,0.1198940919011659,-0.2174139269086528
173,Maharashtra,2,5,3,2,0.08392131328582764,0.08416826608801567,0.4000162682968331
174,Maharashtra,2,5,3,3,0.1852370649576187,0.18879676460579226,-2.018782450128306
175,Maharashtra,2,5,3,4,0.05936213955283165,0.05974173699549947,0.6977276607662649
176,Maharashtra,2,5,4,1,0.07382696121931076,0.07784044179621076,0.48683935863972205
177,Maharashtra,2,5,4,2,0.026451552286744118,0.03182220367526755,0.9142363447514683
178,Maharashtra,2,5,4,3,0.04194830730557442,0.046963255966710485,0.8132076129140015
179,Maharashtra,2,5,4,4,0.11228843033313751,0.11981952816612655,-0.21590025352538422
180,Maharashtra,2,7,2,1,0.0238012857735157,0.02641867868358504,0.9246575520714067
181,Maharashtra,2,7,2,2,0.130157932639122,0.13409953048326592,-0.9412079452405835
182,Maharashtra,2,7,2,3,0.12762977182865143,0.13119813143944914,-0.8581159770517979
183,Maharashtra,2,7,2,4,0.11364905536174774,0.11865680984443361,-0.5198575988051788
184,Maharashtra,2,7,3,1,0.02012530155479908,0.02597179588704974,0.927184893473311
185,Maharashtra,2,7,3,2,0.10710399597883224,0.11185655331239865,-0.350642430914355
186,Maharashtra,2,7,3,3,0.02732701413333416,0.03312647435836596,0.8815410212438028
187,Maharashtra,2,7,3,4,0.03213827311992645,0.041613003451523814,0.8130714414412906
188,Maharashtra,2,7,4,1,0.161865234375,0.16193232577113553,-1.8306400074553322
189,Maharashtra,2,7,4,2,0.05299621820449829,0.057697819604942385,0.640634491190121
190,Maharashtra,2,7,4,3,0.20465102791786194,0.20852955676945853,-3.6941052284169977
191,Maharashtra,2,7,4,4,0.1011086031794548,0.10875412004849283,-0.27675904953755515
192,Maharashtra,3,5,2,1,0.09061995893716812,0.09108758893288074,0.297314206652298
193,Maharashtra,3,5,2,2,0.022965462878346443,0.024824993530761317,0.9478059462945881
194,Maharashtra,3,5,2,3,0.1038130596280098,0.10924937492853032,-0.01083581472985129
195,Maharashtra,3,5,2,4,0.17391516268253326,0.1768972468623124,-1.6502380454657701
196,Maharashtra,3,5,3,1,0.016309745609760284,0.02060369092946442,0.9640471952250651
197,Maharashtra,3,5,3,2,0.24757535755634308,0.2504822877163145,-4.313696762072477
198,Maharashtra,3,5,3,3,0.09087297320365906,0.09132800176463693,0.29360002794905526
199,Maharashtra,3,5,3,4,0.057783957570791245,0.060444892087541564,0.6905703298998495
200,Maharashtra,3,5,4,1,0.0328192375600338,0.03651671156431699,0.8870656597699809
201,Maharashtra,3,5,4,2,0.08766525238752365,0.09075380782146385,0.30245457908702644
202,Maharashtra,3,5,4,3,0.30115678906440735,0.30642769339234327,-6.952409016034408
203,Maharashtra,3,5,4,4,0.14855265617370605,0.15813040533740697,-1.1177444082917352
204,Maharashtra,3,7,2,1,0.05332715064287186,0.05407589766732907,0.6843360495622718
205,Maharashtra,3,7,2,2,0.013213543221354485,0.014319239445990622,0.9778661253336612
206,Maharashtra,3,7,2,3,0.04504835978150368,0.05033917757873614,0.726454365534804
207,Maharashtra,3,7,2,4,0.12314440310001373,0.1282828094745405,-0.7764559533257367
208,Maharashtra,3,7,3,1,0.0721057802438736,0.07774762263584656,0.3474831294951988
209,Maharashtra,3,7,3,2,0.05547221377491951,0.06459019996814762,0.5496493566784453
210,Maharashtra,3,7,3,3,0.376729279756546,0.38130678160524584,-14.69519121297944
211,Maharashtra,3,7,3,4,0.00864144042134285,0.009724723575535945,0.9897912617051915
212,Maharashtra,3,7,4,1,0.0891030877828598,0.09098121786757049,0.10644552355761971
213,Maharashtra,3,7,4,2,0.4052231013774872,0.41172720377456945,-17.299391880504054
214,Maharashtra,3,7,4,3,0.2529597580432892,0.2564652527423933,-6.100265460276199
215,Maharashtra,3,7,4,4,0.2122066766023636,0.21532759369929313,-4.00514753637922
216,Maharashtra,4,5,2,1,0.2952058017253876,0.3000169555521712,-6.623148126915935
217,Maharashtra,4,5,2,2,0.12053798139095306,0.1257300293333688,-0.3388156820369834
218,Maharashtra,4,5,2,3,0.38373425602912903,0.3940817472338982,-12.152715280527172
219,Maharashtra,4,5,2,4,0.1324649602174759,0.13936621150717457,-0.6449689220320829
220,Maharashtra,4,5,3,1,0.15165935456752777,0.15556968762133333,-1.0497111840300506
221,Maharashtra,4,5,3,2,0.13641484081745148,0.14489271096700848,-0.7780167356027607
222,Maharashtra,4,5,3,3,0.41643431782722473,0.42439869740072317,-14.254249063220625
223,Maharashtra,4,5,3,4,0.3613463044166565,0.37462627146049765,-10.886095739401103
224,Maharashtra,4,5,4,1,0.28906354308128357,0.2976956694325148,-6.505641246682239
225,Maharashtra,4,5,4,2,0.2803705334663391,0.2897675267473657,-6.111188677994478
226,Maharashtra,4,5,4,3,0.2748461663722992,0.2805483065010672,-5.665888195264847
227,Maharashtra,4,5,4,4,0.2605721056461334,0.26987093101073717,-5.168150486005648
228,Maharashtra,4,7,2,1,0.24404194951057434,0.24923763412871067,-5.705710139308755
229,Maharashtra,4,7,2,2,0.1994982808828354,0.20419587689460483,-3.501025294542228
230,Maharashtra,4,7,2,3,0.22686456143856049,0.2322964850953778,-4.82509199601666
231,Maharashtra,4,7,2,4,0.2157670110464096,0.22241493164683784,-4.3400512675337035
232,Maharashtra,4,7,3,1,0.054678793996572495,0.059484934596397254,0.618028004747948
233,Maharashtra,4,7,3,2,0.4778607487678528,0.4863399059906288,-24.532734399776686
234,Maharashtra,4,7,3,3,0.14903172850608826,0.15711334843782435,-1.6646715545059116
235,Maharashtra,4,7,3,4,0.2505773901939392,0.25726543529606605,-6.144641106898584
236,Maharashtra,4,7,4,1,0.1437741369009018,0.14961781042237335,-1.4164853168941414
237,Maharashtra,4,7,4,2,0.17196257412433624,0.17829198664532278,-2.431477746627105
238,Maharashtra,4,7,4,3,0.23047520220279694,0.23936893451715135,-5.185190980313438
239,Maharashtra,4,7,4,4,0.2515104115009308,0.2589333905513838,-6.237584744258351
240,Maharashtra,5,5,2,1,0.3431176543235779,0.3600808964674587,-9.981025911657888
241,Maharashtra,5,5,2,2,0.15417148172855377,0.1663932376573704,-1.344844521122969
242,Maharashtra,5,5,2,3,0.04786435887217522,0.057240985494727926,0.7225038846771789
243,Maharashtra,5,5,2,4,0.20977632701396942,0.2164332889369742,-2.96726203026552
244,Maharashtra,5,5,3,1,0.1968417912721634,0.20303190372074684,-2.491172469846889
245,Maharashtra,5,5,3,2,0.1104675903916359,0.12170951548082999,-0.25456114387122764
246,Maharashtra,5,5,3,3,0.16700775921344757,0.17293894439455282,-1.5329600360319149
247,Maharashtra,5,5,3,4,0.21400029957294464,0.2206406884788658,-3.1230059777401635
248,Maharashtra,5,5,4,1,0.5676653385162354,0.5738382700834147,-26.888281430562298
249,Maharashtra,5,5,4,2,0.06829444319009781,0.08076014200075955,0.44762138818317865
250,Maharashtra,5,5,4,3,0.23023754358291626,0.2373699443870356,-3.77193133611377
251,Maharashtra,5,5,4,4,0.13081640005111694,0.13752455302495045,-0.6017810770339802
252,Maharashtra,5,7,2,1,0.311101496219635,0.3180236333208786,-9.917829521635566
253,Maharashtra,5,7,2,2,0.29203325510025024,0.29573269725159795,-8.440961990999414
254,Maharashtra,5,7,2,3,0.276347815990448,0.28494408958364453,-7.764696293822007
255,Maharashtra,5,7,2,4,0.1719067245721817,0.17682688506836813,-2.3753134947558685
256,Maharashtra,5,7,3,1,0.24920831620693207,0.2556615603494272,-6.055834906028678
257,Maharashtra,5,7,3,2,0.07180850207805634,0.08059156776319663,0.2988729176458048
258,Maharashtra,5,7,3,3,0.09622418135404587,0.10528010699318896,-0.19649301392831853
259,Maharashtra,5,7,3,4,0.14146068692207336,0.1496157189162125,-1.4164176413127945
260,Maharashtra,5,7,4,1,0.2345377802848816,0.23990506186867486,-5.212928711703963
261,Maharashtra,5,7,4,2,0.15366661548614502,0.16075728033874706,-1.789708460953244
262,Maharashtra,5,7,4,3,0.15044866502285004,0.15496386851949362,-1.5922592296079103
263,Maharashtra,5,7,4,4,0.14726677536964417,0.15097081986494637,-1.4603878105904906
264,Maharashtra,6,5,2,1,0.10586817562580109,0.11090719386645281,-0.041746760532742844
265,Maharashtra,6,5,2,2,0.17996133863925934,0.183010198604047,-1.8365687756600702
266,Maharashtra,6,5,2,3,0.11362674087285995,0.11841963093462626,-0.18765452461906262
267,Maharashtra,6,5,2,4,0.036278076469898224,0.04161706672467967,0.8533150232911607
268,Maharashtra,6,5,3,1,0.24699147045612335,0.25387967777591314,-4.458817749590848
269,Maharashtra,6,5,3,2,0.12211079895496368,0.13382591658828302,-0.5167818654567484
270,Maharashtra,6,5,3,3,0.24476127326488495,0.2521531545610017,-4.384824411569583
271,Maharashtra,6,5,3,4,0.2706441879272461,0.27668999464910843,-5.483800416826244
272,Maharashtra,6,5,4,1,0.1311492770910263,0.13510822892852714,-0.545988741296513
273,Maharashtra,6,5,4,2,0.2801715135574341,0.28926459542099847,-6.086525413369118
274,Maharashtra,6,5,4,3,0.302184134721756,0.30915408627901875,-7.094550418612203
275,Maharashtra,6,5,4,4,0.12568002939224243,0.13237821174206843,-0.4841430161031304
276,Maharashtra,6,7,2,1,0.14693263173103333,0.15515977069897782,-1.5988175200895909
277,Maharashtra,6,7,2,2,0.12982586026191711,0.13325580075566973,-0.9168573337757073
278,Maharashtra,6,7,2,3,0.25121408700942993,0.2559742269375969,-6.073103354133802
279,Maharashtra,6,7,2,4,0.038918666541576385,0.043529359227035394,0.7954581970132268
280,Maharashtra,6,7,3,1,0.260937362909317,0.2663783721656676,-6.659765220517856
281,Maharashtra,6,7,3,2,0.31247982382774353,0.3190290393713522,-9.986969790949818
282,Maharashtra,6,7,3,3,0.2396942526102066,0.2461734067578058,-5.541837852616731
283,Maharashtra,6,7,3,4,0.11801071465015411,0.12318044557747627,-0.6379515114554395
284,Maharashtra,6,7,4,1,0.28621289134025574,0.29496186345303266,-8.391808623110341
285,Maharashtra,6,7,4,2,0.1424124538898468,0.1493667515169169,-1.408382362782107
286,Maharashtra,6,7,4,3,0.180500328540802,0.18725275586676063,-2.785070370682032
287,Maharashtra,6,7,4,4,0.1441653072834015,0.1486163442263211,-1.384243648349444
288,Uttar-Pradesh,1,5,2,1,0.0692964494228363,0.07283281041488364,0.640910942659018
289,Uttar-Pradesh,1,5,2,2,0.06321217864751816,0.07471139122201795,0.622148046152964
290,Uttar-Pradesh,1,5,2,3,0.11787799000740051,0.1260473141377078,-0.07551186775667951
291,Uttar-Pradesh,1,5,2,4,0.093598872423172,0.10288573200580076,0.28343048182575803
292,Uttar-Pradesh,1,5,3,1,0.047979410737752914,0.05042710517784196,0.8278622776656556
293,Uttar-Pradesh,1,5,3,2,0.08919661492109299,0.09261580678167265,0.41934496236063934
294,Uttar-Pradesh,1,5,3,3,0.13587547838687897,0.14379317397188232,-0.3996665951649425
295,Uttar-Pradesh,1,5,3,4,0.03812038153409958,0.04417689287182015,0.8678891827565834
296,Uttar-Pradesh,1,5,4,1,0.13367478549480438,0.13405507505080622,-0.21650680819974588
297,Uttar-Pradesh,1,5,4,2,0.07266374677419662,0.07739672063095988,0.5944979002952311
298,Uttar-Pradesh,1,5,4,3,0.05600147321820259,0.06593529508845401,0.7057042955933337
299,Uttar-Pradesh,1,5,4,4,0.04651414975523949,0.0588505778741145,0.7655504032548248
300,Uttar-Pradesh,1,7,2,1,0.14484046399593353,0.14906185374929584,-0.9380521885378419
301,Uttar-Pradesh,1,7,2,2,0.01813707873225212,0.024912565601736707,0.9458660993231588
302,Uttar-Pradesh,1,7,2,3,0.11124423891305923,0.11679039270535446,-0.18972523601356306
303,Uttar-Pradesh,1,7,2,4,0.015539944171905518,0.017996785978173925,0.9717497489846394
304,Uttar-Pradesh,1,7,3,1,0.33841654658317566,0.3415465828135053,-9.174950941882436
305,Uttar-Pradesh,1,7,3,2,0.03478320688009262,0.043282259204611456,0.8365999290870849
306,Uttar-Pradesh,1,7,3,3,0.10664437711238861,0.10962815024684255,-0.04827819003581113
307,Uttar-Pradesh,1,7,3,4,0.15854981541633606,0.16385611541043515,-1.3418428239363958
308,Uttar-Pradesh,1,7,4,1,0.1399817317724228,0.14541922823426892,-0.8444890510821372
309,Uttar-Pradesh,1,7,4,2,0.14325125515460968,0.1466302653836399,-0.8753385217995724
310,Uttar-Pradesh,1,7,4,3,0.017062952741980553,0.01890156973811824,0.9688377956067907
311,Uttar-Pradesh,1,7,4,4,0.022208966314792633,0.029090050966350266,0.9261889524388297
312,Uttar-Pradesh,2,5,2,1,0.13468104600906372,0.13957070808343908,-0.31867137287032143
313,Uttar-Pradesh,2,5,2,2,0.022043688222765923,0.028095149799502943,0.9465668572205403
314,Uttar-Pradesh,2,5,2,3,0.1582947075366974,0.1641806449562706,-0.8247021271745778
315,Uttar-Pradesh,2,5,2,4,0.026418205350637436,0.03169215591965853,0.9320089795574942
316,Uttar-Pradesh,2,5,3,1,0.22186116874217987,0.224467979375129,-2.4108040606386263
317,Uttar-Pradesh,2,5,3,2,0.027516743168234825,0.033047285827040036,0.9260701824318718
318,Uttar-Pradesh,2,5,3,3,0.018813280388712883,0.02323511906737874,0.9634541709266244
319,Uttar-Pradesh,2,5,3,4,0.19474124908447266,0.20203790084323772,-1.7632087859711443
320,Uttar-Pradesh,2,5,4,1,0.13540267944335938,0.13913922738086038,-0.310530490417271
321,Uttar-Pradesh,2,5,4,2,0.07448162883520126,0.08544133013687577,0.5058213040145719
322,Uttar-Pradesh,2,5,4,3,0.2868165075778961,0.29242682880564513,-4.7887184048205675
323,Uttar-Pradesh,2,5,4,4,0.09534662216901779,0.1093955616697286,0.18988364408609038
324,Uttar-Pradesh,2,7,2,1,0.0817064419388771,0.08292930761511712,0.4001419219427623
325,Uttar-Pradesh,2,7,2,2,0.044148899614810944,0.04468777809440006,0.8258153226830863
326,Uttar-Pradesh,2,7,2,3,0.02199617773294449,0.025160737997859128,0.9447821945622626
327,Uttar-Pradesh,2,7,2,4,0.025543175637722015,0.034163254806707045,0.898199268882957
328,Uttar-Pradesh,2,7,3,1,0.030572762712836266,0.03253475661884792,0.9076732450109756
329,Uttar-Pradesh,2,7,3,2,0.5097721815109253,0.515067579501962,-22.13986825357194
330,Uttar-Pradesh,2,7,3,3,0.02377931959927082,0.02699375204811709,0.9364436490445545
331,Uttar-Pradesh,2,7,3,4,0.1194595918059349,0.12322270228756468,-0.3243838234503351
332,Uttar-Pradesh,2,7,4,1,0.0940995067358017,0.10192798911198848,0.09380976332337887
333,Uttar-Pradesh,2,7,4,2,0.027859609574079514,0.03607173216118218,0.8865076965042187
334,Uttar-Pradesh,2,7,4,3,0.1751958429813385,0.17833454330166068,-1.773980525223489
335,Uttar-Pradesh,2,7,4,4,0.07666385918855667,0.08475169361793791,0.37348823318979385
336,Uttar-Pradesh,3,5,2,1,0.047211818397045135,0.05001690939988343,0.8306513611519837
337,Uttar-Pradesh,3,5,2,2,0.02892356365919113,0.03599422852065942,0.9122971498186602
338,Uttar-Pradesh,3,5,2,3,0.04103517159819603,0.047074041871768994,0.8499931924848958
339,Uttar-Pradesh,3,5,2,4,0.01628797873854637,0.019814816221771097,0.9734216450894929
340,Uttar-Pradesh,3,5,3,1,0.017234904691576958,0.021437267520075975,0.9688909400560011
341,Uttar-Pradesh,3,5,3,2,0.14709137380123138,0.14753389764077363,-0.4734374316983603
342,Uttar-Pradesh,3,5,3,3,0.023194853216409683,0.028550988471755818,0.9448189034731291
343,Uttar-Pradesh,3,5,3,4,0.15527960658073425,0.16107940944848154,-0.7564186642746746
344,Uttar-Pradesh,3,5,4,1,0.13751459121704102,0.142015883608035,-0.36528032512841935
345,Uttar-Pradesh,3,5,4,2,0.09718099981546402,0.1088524922861187,0.19790696372497996
346,Uttar-Pradesh,3,5,4,3,0.03706224635243416,0.04438196840693936,0.86665979834564
347,Uttar-Pradesh,3,5,4,4,0.06173758953809738,0.07112841926700038,0.6575207032653885
348,Uttar-Pradesh,3,7,2,1,0.032609667629003525,0.03926101103368633,0.8655516816172364
349,Uttar-Pradesh,3,7,2,2,0.08520766347646713,0.08829715277480117,0.3199735131052738
350,Uttar-Pradesh,3,7,2,3,0.09761364012956619,0.09784887390097881,0.1648892111009792
351,Uttar-Pradesh,3,7,2,4,0.044117238372564316,0.051375268710233055,0.7697812688390994
352,Uttar-Pradesh,3,7,3,1,0.12607833743095398,0.12824336754090104,-0.4345056388252675
353,Uttar-Pradesh,3,7,3,2,0.07025627791881561,0.07043048112922491,0.5673330406399182
354,Uttar-Pradesh,3,7,3,3,0.07739106565713882,0.08158023348218606,0.41949992697430416
355,Uttar-Pradesh,3,7,3,4,0.019666191190481186,0.02734560193874857,0.9347760054297518
356,Uttar-Pradesh,3,7,4,1,0.3706032633781433,0.37921896545881856,-11.543319625053162
357,Uttar-Pradesh,3,7,4,2,0.3278410732746124,0.32976266356699446,-8.484956881567102
358,Uttar-Pradesh,3,7,4,3,0.22541986405849457,0.23068534242566185,-3.641650150721836
359,Uttar-Pradesh,3,7,4,4,0.06308117508888245,0.06373793270396623,0.6456533281390238
360,Uttar-Pradesh,4,5,2,1,0.012698455713689327,0.0165947372417071,0.9813581576459874
361,Uttar-Pradesh,4,5,2,2,0.1148509681224823,0.12049792201231016,0.017105032765695083
362,Uttar-Pradesh,4,5,2,3,0.04130665212869644,0.04817321021818362,0.8429061521095094
363,Uttar-Pradesh,4,5,2,4,0.08443283289670944,0.08942029508814395,0.4587221513216403
364,Uttar-Pradesh,4,5,3,1,0.23881202936172485,0.23949744232938394,-2.882842613812386
365,Uttar-Pradesh,4,5,3,2,0.02438482828438282,0.028558404396169263,0.944790236594039
366,Uttar-Pradesh,4,5,3,3,0.12542590498924255,0.13149550246345526,-0.1704957040260433
367,Uttar-Pradesh,4,5,3,4,0.030319221317768097,0.03730643490498491,0.9057859841862574
368,Uttar-Pradesh,4,5,4,1,0.04752993956208229,0.0563711443858474,0.7848894422500802
369,Uttar-Pradesh,4,5,4,2,0.23697583377361298,0.2460379234449668,-3.0978129464670108
370,Uttar-Pradesh,4,5,4,3,0.14981494843959808,0.15682816824665863,-0.6649307234958137
371,Uttar-Pradesh,4,5,4,4,0.05211282894015312,0.054591439382472975,0.7982575999726067
372,Uttar-Pradesh,4,7,2,1,0.014314165338873863,0.016713712005050847,0.9756343368958519
373,Uttar-Pradesh,4,7,2,2,0.15968434512615204,0.16386858515546918,-1.342199155671271
374,Uttar-Pradesh,4,7,2,3,0.024709206074476242,0.02974823124682972,0.9228111283253846
375,Uttar-Pradesh,4,7,2,4,0.11125453561544418,0.11530745338882227,-0.15970396710481416
376,Uttar-Pradesh,4,7,3,1,0.08524132519960403,0.08750196192874968,0.3321667617237254
377,Uttar-Pradesh,4,7,3,2,0.06873688846826553,0.07743181022464779,0.47703666731299277
378,Uttar-Pradesh,4,7,3,3,0.10342670232057571,0.10691170925746439,0.003027949713532596
379,Uttar-Pradesh,4,7,3,4,0.03022080659866333,0.032607541328273065,0.9072596857902321
380,Uttar-Pradesh,4,7,4,1,0.034667883068323135,0.03594318777664316,0.887315124120947
381,Uttar-Pradesh,4,7,4,2,0.36518511176109314,0.37184765178230833,-11.060422607166553
382,Uttar-Pradesh,4,7,4,3,0.1234927549958229,0.12789028230596733,-0.4266174883738749
383,Uttar-Pradesh,4,7,4,4,0.09354735910892487,0.10041030345817657,0.12059483632038104
384,Uttar-Pradesh,5,5,2,1,0.06983271986246109,0.07852033783637058,0.5826385478597274
385,Uttar-Pradesh,5,5,2,2,0.09267325699329376,0.09847535888832125,0.3435477199048773
386,Uttar-Pradesh,5,5,2,3,0.04141994193196297,0.04689829466088037,0.8511111458964977
387,Uttar-Pradesh,5,5,2,4,0.1812308430671692,0.1850934159422215,-1.3191560032951077
388,Uttar-Pradesh,5,5,3,1,0.10734338313341141,0.11529318068748354,0.10018081685073521
389,Uttar-Pradesh,5,5,3,2,0.36557257175445557,0.37763022848056044,-8.653427952180735
390,Uttar-Pradesh,5,5,3,3,0.05970834568142891,0.07674038691652497,0.6013461356171452
391,Uttar-Pradesh,5,5,3,4,0.028463851660490036,0.03445538129846669,0.9196358914892067
392,Uttar-Pradesh,5,5,4,1,0.4212650954723358,0.4354689318790337,-11.836965656016103
393,Uttar-Pradesh,5,5,4,2,0.19540847837924957,0.20519144469602146,-1.850142060685855
394,Uttar-Pradesh,5,5,4,3,0.02004353515803814,0.025606249661689447,0.9556146177527934
395,Uttar-Pradesh,5,5,4,4,0.11280347406864166,0.11923326345847174,0.03762821385086168
396,Uttar-Pradesh,5,7,2,1,0.08570893108844757,0.08845349320545794,0.3175632374480757
397,Uttar-Pradesh,5,7,2,2,0.12949435412883759,0.14790381310811124,-0.9080561955934519
398,Uttar-Pradesh,5,7,2,3,0.3961311876773834,0.4127422011855719,-13.859020047067675
399,Uttar-Pradesh,5,7,2,4,0.028086520731449127,0.034531416738871376,0.8959933269124501
400,Uttar-Pradesh,5,7,3,1,0.13466013967990875,0.13872541146376335,-0.6785893279568453
401,Uttar-Pradesh,5,7,3,2,0.06049789860844612,0.0679636605319429,0.5971104913946326
402,Uttar-Pradesh,5,7,3,3,0.10943491011857986,0.12190785087545437,-0.2962709687404401
403,Uttar-Pradesh,5,7,3,4,0.07263734936714172,0.09299031055706354,0.2457629894867256
404,Uttar-Pradesh,5,7,4,1,0.3350364863872528,0.33813254014808025,-8.972553366713877
405,Uttar-Pradesh,5,7,4,2,0.03705378994345665,0.04188101629418069,0.8470086523393767
406,Uttar-Pradesh,5,7,4,3,0.1319172978401184,0.13657320995365754,-0.6269098350321041
407,Uttar-Pradesh,5,7,4,4,0.23376712203025818,0.24003927325494762,-4.025705250661986
408,Uttar-Pradesh,6,5,2,1,0.1332942396402359,0.1386749441854902,-0.30179916762460723
409,Uttar-Pradesh,6,5,2,2,0.051166046410799026,0.06172850847055629,0.7420594811497698
410,Uttar-Pradesh,6,5,2,3,0.039975713938474655,0.049578398040593094,0.833607786807856
411,Uttar-Pradesh,6,5,2,4,0.1453407257795334,0.15123592345687187,-0.5483101897068379
412,Uttar-Pradesh,6,5,3,1,0.04550263658165932,0.04827785370433385,0.8422229041833514
413,Uttar-Pradesh,6,5,3,2,0.3108431398868561,0.31836631392891523,-5.86123360864933
414,Uttar-Pradesh,6,5,3,3,0.03716696426272392,0.046415575989692384,0.8541604040248204
415,Uttar-Pradesh,6,5,3,4,0.17858190834522247,0.1866123926039632,-1.357376690149736
416,Uttar-Pradesh,6,5,4,1,0.1659139096736908,0.17112691592654922,-0.9823699267736759
417,Uttar-Pradesh,6,5,4,2,0.1481580138206482,0.15215275480440063,-0.5671394559777871
418,Uttar-Pradesh,6,5,4,3,0.016996828839182854,0.02088924669885505,0.9704611509099854
419,Uttar-Pradesh,6,5,4,4,0.1353699415922165,0.14184547332377376,-0.36200590702185
420,Uttar-Pradesh,6,7,2,1,0.0166629645973444,0.019751801078665334,0.9659712642001254
421,Uttar-Pradesh,6,7,2,2,0.012681873515248299,0.01843653646700318,0.9703522885953724
422,Uttar-Pradesh,6,7,2,3,0.24044452607631683,0.2477841600494255,-4.355247200244144
423,Uttar-Pradesh,6,7,2,4,0.058382198214530945,0.0671566262946896,0.6066218883346264
424,Uttar-Pradesh,6,7,3,1,0.3300601541996002,0.33784659876128265,-8.955693442415475
425,Uttar-Pradesh,6,7,3,2,0.04443484544754028,0.056883247093266316,0.7177712776444465
426,Uttar-Pradesh,6,7,3,3,0.13769227266311646,0.1430419601541963,-0.7846757184588715
427,Uttar-Pradesh,6,7,3,4,0.08839619904756546,0.11119771731430993,-0.07851002750868985
428,Uttar-Pradesh,6,7,4,1,0.6801655292510986,0.6905119764613876,-40.58865189402261
429,Uttar-Pradesh,6,7,4,2,0.13273249566555023,0.13869383463461385,-0.6778254626942752
430,Uttar-Pradesh,6,7,4,3,0.37145692110061646,0.376323054784158,-11.352478333265996
431,Uttar-Pradesh,6,7,4,4,0.1469271183013916,0.15667080838121977,-1.1409602007151989
432,Kerala,1,5,2,1,0.07926590740680695,0.08122487470603812,0.6223348210877641
433,Kerala,1,5,2,2,0.07965799421072006,0.08026961656280296,0.6311657859762252
434,Kerala,1,5,2,3,0.09335778653621674,0.09430527159025118,0.49090268728126096
435,Kerala,1,5,2,4,0.03343864157795906,0.03498017571623134,0.9299557058736285
436,Kerala,1,5,3,1,0.23761940002441406,0.24359737991799607,-2.3968317961851344
437,Kerala,1,5,3,2,0.1682274043560028,0.17289476339711127,-0.7111676417173942
438,Kerala,1,5,3,3,0.007573298644274473,0.009173116383338748,0.9951831546539411
439,Kerala,1,5,3,4,0.13326534628868103,0.13684235162754435,-0.07193852994046357
440,Kerala,1,5,4,1,0.43496614694595337,0.44296240154473776,-10.232141528345384
441,Kerala,1,5,4,2,0.2844420075416565,0.2924733869558183,-3.8966786434903744
442,Kerala,1,5,4,3,0.0686737447977066,0.07089677091484015,0.7122722402660886
443,Kerala,1,5,4,4,0.037050552666187286,0.043423496390826405,0.8920609876686816
444,Kerala,1,7,2,1,0.10503391176462173,0.10545254070619203,0.06809026657228945
445,Kerala,1,7,2,2,0.1608225554227829,0.16151097167689688,-1.1860689749728084
446,Kerala,1,7,2,3,0.054216865450143814,0.05456919731770112,0.750451527470283
447,Kerala,1,7,2,4,0.09292380511760712,0.09383799476391472,0.26206659808538824
448,Kerala,1,7,3,1,0.08505620062351227,0.08670086912581075,0.37004914243828935
449,Kerala,1,7,3,2,0.16587822139263153,0.1661329191643906,-1.3129761734575838
450,Kerala,1,7,3,3,0.08054493367671967,0.08172904558314195,0.4402260972237826
451,Kerala,1,7,3,4,0.0369306243956089,0.03753335985112385,0.8819422161879508
452,Kerala,1,7,4,1,0.3105405271053314,0.31357001459516376,-7.240029403314811
453,Kerala,1,7,4,2,0.06701318919658661,0.0679042447040272,0.6135852705960515
454,Kerala,1,7,4,3,0.06711529195308685,0.06832221928766108,0.6088136626161262
455,Kerala,1,7,4,4,0.020274005830287933,0.021853215043437336,0.9599787699213985
456,Kerala,2,5,2,1,0.25216490030288696,0.25892257125601575,-2.837679145732496
457,Kerala,2,5,2,2,0.35120442509651184,0.3566727004402413,-6.28229978253878
458,Kerala,2,5,2,3,0.2146437019109726,0.22070363137516233,-1.7883529933142084
459,Kerala,2,5,2,4,0.3178209960460663,0.3276573549869589,-5.14566286805677
460,Kerala,2,5,3,1,0.2649681568145752,0.2706694412743024,-3.193795752119393
461,Kerala,2,5,3,2,0.18996591866016388,0.19254255682076254,-1.122180571405202
462,Kerala,2,5,3,3,0.2384919375181198,0.24389290258089644,-2.4050788617920853
463,Kerala,2,5,3,4,0.2938408851623535,0.302689998204447,-4.2447524421939455
464,Kerala,2,5,4,1,0.4327576756477356,0.43516243017660317,-9.840057585970234
465,Kerala,2,5,4,2,0.25989285111427307,0.2641772195942464,-2.9950250628288297
466,Kerala,2,5,4,3,0.3342410922050476,0.3418273585213671,-5.688712210420795
467,Kerala,2,5,4,4,0.3271230459213257,0.3333000511700167,-5.359158062170273
468,Kerala,2,7,2,1,0.1667529195547104,0.16777891698555608,-1.3590355911343348
469,Kerala,2,7,2,2,0.2096126228570938,0.20986656907081405,-2.6910187680094784
470,Kerala,2,7,2,3,0.17633792757987976,0.17740792907100345,-1.637581093881587
471,Kerala,2,7,2,4,0.06522812694311142,0.0659281758070576,0.6357480410480376
472,Kerala,2,7,3,1,0.5030615329742432,0.5079298324015615,-20.620572860991263
473,Kerala,2,7,3,2,0.19873517751693726,0.19942632781296013,-2.3329188422289
474,Kerala,2,7,3,3,0.3017031252384186,0.30365664373994344,-6.727257004489965
475,Kerala,2,7,3,4,0.10652521252632141,0.10825542088220778,0.01789239579467572
476,Kerala,2,7,4,1,0.25830361247062683,0.260412028589272,-4.683054886953114
477,Kerala,2,7,4,2,0.20162680745124817,0.20426338570469701,-2.4965589432565514
478,Kerala,2,7,4,3,0.2169346958398819,0.2185025262844816,-3.001037901783307
479,Kerala,2,7,4,4,0.2828960120677948,0.2859919334671218,-5.85436627136558
480,Kerala,3,5,2,1,0.14449666440486908,0.15869994507338264,-0.4417249672503485
481,Kerala,3,5,2,2,0.17046716809272766,0.17403798882713678,-0.7338715692260966
482,Kerala,3,5,2,3,0.16686490178108215,0.1716865785537228,-0.6873358671378411
483,Kerala,3,5,2,4,0.01952385902404785,0.021109012594383993,0.9744926896338731
484,Kerala,3,5,3,1,0.14417502284049988,0.14634940605181523,-0.22605734599766203
485,Kerala,3,5,3,2,0.18352371454238892,0.18834903335819445,-1.0307459140130666
486,Kerala,3,5,3,3,0.06943996995687485,0.07671258737029361,0.6631301689095221
487,Kerala,3,5,3,4,0.14343741536140442,0.1506295411921167,-0.2988206087052421
488,Kerala,3,5,4,1,0.17435699701309204,0.18004538306681053,-0.8556361754185833
489,Kerala,3,5,4,2,0.258623868227005,0.2654527358040417,-3.033696429682599
490,Kerala,3,5,4,3,0.2741434872150421,0.2834431913281818,-3.598973526602906
491,Kerala,3,5,4,4,0.11852982640266418,0.1256217840124672,0.09664444072297651
492,Kerala,3,7,2,1,0.09911337494850159,0.10029936679984176,0.15694454846212835
493,Kerala,3,7,2,2,0.10769088566303253,0.11368449147659736,-0.08308412991000402
494,Kerala,3,7,2,3,0.06323380768299103,0.06656453258249648,0.6286824348883577
495,Kerala,3,7,2,4,0.007731341291218996,0.008725222140121239,0.9936201165762019
496,Kerala,3,7,3,1,0.20705054700374603,0.20806769283709392,-2.628014411091975
497,Kerala,3,7,3,2,0.26197105646133423,0.26522686516491323,-4.895148367503984
498,Kerala,3,7,3,3,0.0792190358042717,0.08130944386041723,0.4459592561141943
499,Kerala,3,7,3,4,0.28329998254776,0.28873356584540544,-5.986413712683099
500,Kerala,3,7,4,1,0.25569355487823486,0.25994496858933075,-4.662686897464381
501,Kerala,3,7,4,2,0.21982911229133606,0.22323720831336932,-3.176312231124502
502,Kerala,3,7,4,3,0.2092811018228531,0.2131156694349844,-2.8061905644000547
503,Kerala,3,7,4,4,0.07683733850717545,0.07869325739789143,0.4810389381361445
504,Kerala,4,5,2,1,0.08729037642478943,0.09630637874001753,0.46906796218215085
505,Kerala,4,5,2,2,0.08098363876342773,0.09382562269515704,0.4960682513717318
506,Kerala,4,5,2,3,0.04034075886011124,0.05713056089173233,0.8131617415154916
507,Kerala,4,5,2,4,0.15202903747558594,0.16529664135710964,-0.5640725837385587
508,Kerala,4,5,3,1,0.2574627697467804,0.2668991803107354,-3.0777758440507395
509,Kerala,4,5,3,2,0.38075244426727295,0.40202476300529755,-8.251974784525153
510,Kerala,4,5,3,3,0.12517251074314117,0.13984175286385375,-0.11944449448468064
511,Kerala,4,5,3,4,0.05168994888663292,0.05641036461447658,0.8178426740563451
512,Kerala,4,5,4,1,0.2089337408542633,0.2189448289414986,-1.7440892812190514
513,Kerala,4,5,4,2,0.25914210081100464,0.27420642912048493,-3.3041178912729077
514,Kerala,4,5,4,3,0.25429055094718933,0.26475539632598244,-3.0125315129457135
515,Kerala,4,5,4,4,0.15225373208522797,0.16879297014024444,-0.6309383493920206
516,Kerala,4,7,2,1,0.08528335392475128,0.10011109982905893,0.160106594952373
517,Kerala,4,7,2,2,0.25438979268074036,0.2737546171817972,-5.280332656052759
518,Kerala,4,7,2,3,0.14112699031829834,0.1569740566083455,-1.064978284274531
519,Kerala,4,7,2,4,0.06703575700521469,0.08803193864749385,0.35055811952204685
520,Kerala,4,7,3,1,0.3751721680164337,0.3851072663270238,-11.428627692785694
521,Kerala,4,7,3,2,0.14945663511753082,0.16024569014386444,-1.1519515755581473
522,Kerala,4,7,3,3,0.33531469106674194,0.34918050193841,-9.217854604517848
523,Kerala,4,7,3,4,0.2935621440410614,0.30764097091529036,-6.931368022637976
524,Kerala,4,7,4,1,0.0825766772031784,0.09811048723827609,0.19333983371772157
525,Kerala,4,7,4,2,0.24003008008003235,0.24988017339775284,-4.232669932334811
526,Kerala,4,7,4,3,0.05083097890019417,0.056071694133559113,0.7365203385430076
527,Kerala,4,7,4,4,0.18373091518878937,0.19512356202611683,-2.190650195444696
528,Kerala,5,5,2,1,0.05860259383916855,0.07731008495399726,0.6578621227799959
529,Kerala,5,5,2,2,0.05332964286208153,0.0733950577252642,0.6916368421401523
530,Kerala,5,5,2,3,0.20986498892307281,0.22562800258794247,-1.9141699743514287
531,Kerala,5,5,2,4,0.10890402644872665,0.12084517037301959,0.16403630469954122
532,Kerala,5,5,3,1,0.19797706604003906,0.20487660997746163,-1.4027779836205294
533,Kerala,5,5,3,2,0.24364396929740906,0.2559314364226196,-2.749524070195578
534,Kerala,5,5,3,3,0.11333645135164261,0.12794055601354662,0.06298760656060254
535,Kerala,5,5,3,4,0.2446449100971222,0.25659625397067765,-2.769029084756189
536,Kerala,5,5,4,1,0.05631285533308983,0.07558168502792197,0.6729892812315883
537,Kerala,5,5,4,2,0.44923684000968933,0.45703586347810865,-10.957197148673664
538,Kerala,5,5,4,3,0.06854389607906342,0.0928127757543584,0.506889370512698
539,Kerala,5,5,4,4,0.16708584129810333,0.17843351040670785,-0.8225593413954133
540,Kerala,5,7,2,1,0.09736478328704834,0.1182974661327482,-0.17276402259061574
541,Kerala,5,7,2,2,0.1328512281179428,0.13722988359193466,-0.5781822116075137
542,Kerala,5,7,2,3,0.041093628853559494,0.05512579620201533,0.7453348595439171
543,Kerala,5,7,2,4,0.1472383290529251,0.15816644549488337,-1.096468965712754
544,Kerala,5,7,3,1,0.20163610577583313,0.2098882416250696,-2.6917811855713762
545,Kerala,5,7,3,2,0.12073324620723724,0.1303033831492382,-0.42288947955890843
546,Kerala,5,7,3,3,0.18135637044906616,0.1898994399439883,-2.022088054827712
547,Kerala,5,7,3,4,0.21541817486286163,0.22596696158993768,-3.279072600613766
548,Kerala,5,7,4,1,0.17189861834049225,0.18330904007659668,-1.8159665469962913
549,Kerala,5,7,4,2,0.0346229150891304,0.04607176266390476,0.8221190543107209
550,Kerala,5,7,4,3,0.12311355024576187,0.1391021339856829,-0.6215386677505366
551,Kerala,5,7,4,4,0.0395764522254467,0.05493258581407961,0.7471169002884084
552,Kerala,6,5,2,1,0.06102827936410904,0.07046432792085244,0.7157715998594265
553,Kerala,6,5,2,2,0.20924396812915802,0.22164979808812374,-1.8123121101096231
554,Kerala,6,5,2,3,0.08748416602611542,0.10202162385399545,0.40418248595000095
555,Kerala,6,5,2,4,0.028430668637156487,0.03670523038241972,0.9228768516474743
556,Kerala,6,5,3,1,0.13501666486263275,0.1464819717210081,-0.2282795803315072
557,Kerala,6,5,3,2,0.06078948453068733,0.08106054434240789,0.6238614107988987
558,Kerala,6,5,3,3,0.2716960608959198,0.2831116364127314,-3.588221108013344
559,Kerala,6,5,3,4,0.156722754240036,0.17096646725973694,-0.6732110780796621
560,Kerala,6,5,4,1,0.26754629611968994,0.2844727830136845,-3.6324454754901865
561,Kerala,6,5,4,2,0.2604723274707794,0.2738182414362191,-3.2919393066840197
562,Kerala,6,5,4,3,0.1733478605747223,0.191249053008409,-1.0937626164487058
563,Kerala,6,5,4,4,0.09130872040987015,0.12135702016924658,0.15693973572531483
564,Kerala,6,7,2,1,0.15020278096199036,0.16186763364644863,-1.1957344180693155
565,Kerala,6,7,2,2,0.12134814262390137,0.12792462054985268,-0.3714121697559276
566,Kerala,6,7,2,3,0.0468941330909729,0.05340915560156397,0.7609486512955488
567,Kerala,6,7,2,4,0.052828166633844376,0.06060291012272134,0.6922155070506348
568,Kerala,6,7,3,1,0.07779676467180252,0.08917756949911852,0.3335447498211579
569,Kerala,6,7,3,2,0.11804269254207611,0.13447094918291563,-0.5153629116930334
570,Kerala,6,7,3,3,0.09266620129346848,0.09929941138863063,0.17367085182028463
571,Kerala,6,7,3,4,0.04740279167890549,0.06510168746360359,0.6448235221309648
572,Kerala,6,7,4,1,0.21110248565673828,0.22862488832465813,-3.3803295260414528
573,Kerala,6,7,4,2,0.2818334698677063,0.29359729734250056,-6.223768915026503
574,Kerala,6,7,4,3,0.12448327243328094,0.13778065681200047,-0.5908757117537495
575,Kerala,6,7,4,4,0.04782801866531372,0.05463176254071964,0.7498789824144425
576,Tamil-Nadu,1,5,2,1,0.14993810653686523,0.15042783846495136,-0.0643325695211805
577,Tamil-Nadu,1,5,2,2,0.04723159968852997,0.0550595912626475,0.8574107046521557
578,Tamil-Nadu,1,5,2,3,0.04456597939133644,0.05462345349413539,0.8596607246283131
579,Tamil-Nadu,1,5,2,4,0.15045717358589172,0.15452718446858796,-0.12313171617818575
580,Tamil-Nadu,1,5,3,1,0.0432828851044178,0.0535138263017253,0.8653045555617236
581,Tamil-Nadu,1,5,3,2,0.0687195211648941,0.07899281891966695,0.7065080982925225
582,Tamil-Nadu,1,5,3,3,0.1066189557313919,0.11731086833446115,0.3527121373132619
583,Tamil-Nadu,1,5,3,4,0.07907843589782715,0.09107550280420672,0.6098567754901918
584,Tamil-Nadu,1,5,4,1,0.14289508759975433,0.14365719359799356,0.029320881177646307
585,Tamil-Nadu,1,5,4,2,0.06827664375305176,0.08814907486166278,0.6345260493718857
586,Tamil-Nadu,1,5,4,3,0.05061107501387596,0.06388888690386703,0.808013118958269
587,Tamil-Nadu,1,5,4,4,0.11727126687765121,0.12639008156929232,0.24864202116599254
588,Tamil-Nadu,1,7,2,1,0.010636944323778152,0.011651795317374645,0.9920034627297243
589,Tamil-Nadu,1,7,2,2,0.12607912719249725,0.1295516445775843,0.011441928916938404
590,Tamil-Nadu,1,7,2,3,0.0632624700665474,0.07330055771937695,0.6835312517483293
591,Tamil-Nadu,1,7,2,4,0.08197402954101562,0.08851765442598276,0.5384953296660707
592,Tamil-Nadu,1,7,3,1,0.2482713758945465,0.24998143246364565,-2.680711437411205
593,Tamil-Nadu,1,7,3,2,0.05504342541098595,0.059818261862180956,0.78924210986419
594,Tamil-Nadu,1,7,3,3,0.08723510801792145,0.09642432425180338,0.45236717048510056
595,Tamil-Nadu,1,7,3,4,0.025339530780911446,0.031046346265461926,0.9432275955509003
596,Tamil-Nadu,1,7,4,1,0.2310262769460678,0.23467999323129685,-2.2439072860720963
597,Tamil-Nadu,1,7,4,2,0.03143544867634773,0.033457834425648106,0.9340656127885234
598,Tamil-Nadu,1,7,4,3,0.5920500755310059,0.6006998837934635,-20.25354626654569
599,Tamil-Nadu,1,7,4,4,0.19653019309043884,0.2043689819348154,-1.4600629852609242
600,Tamil-Nadu,2,5,2,1,0.06715457886457443,0.07409029749324438,0.7418075025297024
601,Tamil-Nadu,2,5,2,2,0.026270968839526176,0.029968348151430003,0.9577577982963161
602,Tamil-Nadu,2,5,2,3,0.07479003071784973,0.08736075312152235,0.6410337142513391
603,Tamil-Nadu,2,5,2,4,0.041344281286001205,0.04242956328711874,0.9153244436356671
604,Tamil-Nadu,2,5,3,1,0.20118702948093414,0.20569925251701154,-0.9901523154526672
605,Tamil-Nadu,2,5,3,2,0.0571851022541523,0.07171832467349888,0.7580747340053691
606,Tamil-Nadu,2,5,3,3,0.040940649807453156,0.04521223229597157,0.9038536346481912
607,Tamil-Nadu,2,5,3,4,0.028896577656269073,0.03591410066894269,0.9393332189861014
608,Tamil-Nadu,2,5,4,1,0.33839187026023865,0.34940474931172716,-4.74220255179885
609,Tamil-Nadu,2,5,4,2,0.2074439525604248,0.21721492875433818,-1.2192196003367277
610,Tamil-Nadu,2,5,4,3,0.2046774923801422,0.21931047673948623,-1.2622451930901
611,Tamil-Nadu,2,5,4,4,0.5310698747634888,0.5405659373219639,-12.744162164325601
612,Tamil-Nadu,2,7,2,1,0.08658012747764587,0.08774836205807479,0.546482229610787
613,Tamil-Nadu,2,7,2,2,0.15866144001483917,0.16207452767187241,-0.5471977183595746
614,Tamil-Nadu,2,7,2,3,0.03895923122763634,0.048138113251775284,0.8635120262159449
615,Tamil-Nadu,2,7,2,4,0.11036265641450882,0.11609616341912526,0.20612524600074478
616,Tamil-Nadu,2,7,3,1,0.1558920443058014,0.15957409026624544,-0.4998266074143396
617,Tamil-Nadu,2,7,3,2,0.26606467366218567,0.2698814356276406,-3.2900498216525014
618,Tamil-Nadu,2,7,3,3,0.13923712074756622,0.14432472861699092,-0.22686788735251873
619,Tamil-Nadu,2,7,3,4,0.07169454544782639,0.07773258180802398,0.6441045288293983
620,Tamil-Nadu,2,7,4,1,0.19240941107273102,0.19999979287375216,-1.3560002829354234
621,Tamil-Nadu,2,7,4,2,0.733574628829956,0.7436458514726042,-31.572315528538674
622,Tamil-Nadu,2,7,4,3,0.5141341686248779,0.524261878750847,-15.188732878524512
623,Tamil-Nadu,2,7,4,4,0.055849507451057434,0.06929122799654976,0.7172042829811254
624,Tamil-Nadu,3,5,2,1,0.08248408883810043,0.08300066243960832,0.6759708666008561
625,Tamil-Nadu,3,5,2,2,0.4002915322780609,0.41592773440366104,-7.136856950911504
626,Tamil-Nadu,3,5,2,3,0.04707774147391319,0.059937199357644154,0.8310283700741286
627,Tamil-Nadu,3,5,2,4,0.03388418257236481,0.041731981900812606,0.9180858431952534
628,Tamil-Nadu,3,5,3,1,0.06514962762594223,0.06839339227330977,0.779986552443442
629,Tamil-Nadu,3,5,3,2,0.17849616706371307,0.18628528630338242,-0.6322176097429821
630,Tamil-Nadu,3,5,3,3,0.06592270731925964,0.07804459368032138,0.7135119020247471
631,Tamil-Nadu,3,5,3,4,0.08231639862060547,0.09321826401774694,0.5912827419277118
632,Tamil-Nadu,3,5,4,1,0.42429882287979126,0.42957502106703865,-7.679584101930677
633,Tamil-Nadu,3,5,4,2,0.25975537300109863,0.275818026416631,-2.5782133992924545
634,Tamil-Nadu,3,5,4,3,0.1257544457912445,0.13580097325208706,0.13258553993361222
635,Tamil-Nadu,3,5,4,4,0.12910492718219757,0.13903725534246256,0.09075003059504139
636,Tamil-Nadu,3,7,2,1,0.1463441699743271,0.14654990320018654,-0.26499070496459853
637,Tamil-Nadu,3,7,2,2,0.021353648975491524,0.02257048801104319,0.9699946879253443
638,Tamil-Nadu,3,7,2,3,0.06719148904085159,0.06767466132708465,0.7302456752010444
639,Tamil-Nadu,3,7,2,4,0.02399061806499958,0.02778847846278635,0.9545173459934131
640,Tamil-Nadu,3,7,3,1,0.23194462060928345,0.23769248076784089,-2.3277228260067977
641,Tamil-Nadu,3,7,3,2,0.2338971197605133,0.24461257331825992,-2.5243076450295083
642,Tamil-Nadu,3,7,3,3,0.11223901063203812,0.1206010246230265,0.14332067719640873
643,Tamil-Nadu,3,7,3,4,0.16796009242534637,0.1739065175684184,-0.7813448442485471
644,Tamil-Nadu,3,7,4,1,0.0880984514951706,0.09192543969382481,0.5022770426231669
645,Tamil-Nadu,3,7,4,2,0.5675345063209534,0.582598467432423,-18.991941610311088
646,Tamil-Nadu,3,7,4,3,0.46289312839508057,0.47456623399366493,-12.2650818902997
647,Tamil-Nadu,3,7,4,4,0.12937037646770477,0.13731482537557374,-0.11058327151728564
648,Tamil-Nadu,4,5,2,1,0.08617345243692398,0.10522789739795373,0.479185907162083
649,Tamil-Nadu,4,5,2,2,0.10737378150224686,0.11577972180082566,0.36949879035720024
650,Tamil-Nadu,4,5,2,3,0.12828753888607025,0.1367285111893688,0.12069586066160132
651,Tamil-Nadu,4,5,2,4,0.02812678925693035,0.032596877193341145,0.9500226889253366
652,Tamil-Nadu,4,5,3,1,0.009126017801463604,0.017256600120364004,0.9859934434121523
653,Tamil-Nadu,4,5,3,2,0.03005765564739704,0.039313620782751524,0.9273045856933716
654,Tamil-Nadu,4,5,3,3,0.13666290044784546,0.14844385560132212,-0.03644301333682698
655,Tamil-Nadu,4,5,3,4,0.05330653861165047,0.05612124328144635,0.851858905257444
656,Tamil-Nadu,4,5,4,1,0.17557039856910706,0.18056064429407348,-0.5334411542950916
657,Tamil-Nadu,4,5,4,2,0.04381817579269409,0.06088703110479487,0.825630492620652
658,Tamil-Nadu,4,5,4,3,0.26746681332588196,0.27746083917606656,-2.620964797761557
659,Tamil-Nadu,4,5,4,4,0.08149965852499008,0.09967254991447885,0.5327255066509884
660,Tamil-Nadu,4,7,2,1,0.025648433715105057,0.030511336642016534,0.9451674105079
661,Tamil-Nadu,4,7,2,2,0.025848934426903725,0.030822943696296973,0.9440417029005618
662,Tamil-Nadu,4,7,2,3,0.08805824816226959,0.09453482739323688,0.47361929221308685
663,Tamil-Nadu,4,7,2,4,0.19894620776176453,0.20521885720649988,-1.480566122292149
664,Tamil-Nadu,4,7,3,1,0.01335221529006958,0.01660101903699056,0.9837674867693484
665,Tamil-Nadu,4,7,3,2,0.14410246908664703,0.1593638098285073,-0.49587629247918286
666,Tamil-Nadu,4,7,3,3,0.1590941697359085,0.16902827833176073,-0.6828096632790999
667,Tamil-Nadu,4,7,3,4,0.17903701961040497,0.1883223698457557,-1.088911588450944
668,Tamil-Nadu,4,7,4,1,0.46731042861938477,0.4784846704552689,-12.48504371794345
669,Tamil-Nadu,4,7,4,2,0.07540415227413177,0.09736522224963225,0.4416274801254432
670,Tamil-Nadu,4,7,4,3,0.18908372521400452,0.1985330280390661,-1.3215701810654386
671,Tamil-Nadu,4,7,4,4,0.22299876809120178,0.22973887394498865,-2.1087459667361217
672,Tamil-Nadu,5,5,2,1,0.2029619812965393,0.21211875311701645,-1.1163090028497784
673,Tamil-Nadu,5,5,2,2,0.05770040675997734,0.06814478161569854,0.7815831416172485
674,Tamil-Nadu,5,5,2,3,0.15490058064460754,0.18590576197524403,-0.6255735395652939
675,Tamil-Nadu,5,5,2,4,0.17371942102909088,0.18882913176489527,-0.6770997056105232
676,Tamil-Nadu,5,5,3,1,0.029792673885822296,0.037230077311913815,0.9348058185189152
677,Tamil-Nadu,5,5,3,2,0.1978181004524231,0.21526354611092038,-1.1795252993429766
678,Tamil-Nadu,5,5,3,3,0.0472155325114727,0.05433599508722628,0.8611339181596699
679,Tamil-Nadu,5,5,3,4,0.23852011561393738,0.2590830590450233,-2.157177308593125
680,Tamil-Nadu,5,5,4,1,0.1604137122631073,0.17551710627604966,-0.44897141466495016
681,Tamil-Nadu,5,5,4,2,0.3253760039806366,0.3431369994450401,-4.5380392259039795
682,Tamil-Nadu,5,5,4,3,0.08250944316387177,0.09391214336366643,0.5851754243205463
683,Tamil-Nadu,5,5,4,4,0.09354117512702942,0.10390032055794332,0.4922443781463366
684,Tamil-Nadu,5,7,2,1,0.29998522996902466,0.3109318967534795,-4.694385191359933
685,Tamil-Nadu,5,7,2,2,0.040729109197854996,0.04439854811819575,0.8838942264849856
686,Tamil-Nadu,5,7,2,3,0.0678141862154007,0.07819533460286889,0.6398545245466969
687,Tamil-Nadu,5,7,2,4,0.13919641077518463,0.15508997773389344,-0.4167191255813696
688,Tamil-Nadu,5,7,3,1,0.0213237963616848,0.0234263102820916,0.9676760784379217
689,Tamil-Nadu,5,7,3,2,0.10202285647392273,0.13307905795737882,-0.04312351017958771
690,Tamil-Nadu,5,7,3,3,0.16572332382202148,0.17496383071827237,-0.8030709613826972
691,Tamil-Nadu,5,7,3,4,0.09240981936454773,0.10592723462632336,0.3391064568403407
692,Tamil-Nadu,5,7,4,1,0.5664647817611694,0.5855843051706724,-19.19738383631443
693,Tamil-Nadu,5,7,4,2,0.08777855336666107,0.09221756190384908,0.49910861854233923
694,Tamil-Nadu,5,7,4,3,0.10390377044677734,0.1412196369050436,-0.17464444753091612
695,Tamil-Nadu,5,7,4,4,0.10843627154827118,0.12174630844136937,0.1269725503148459
696,Tamil-Nadu,6,5,2,1,0.20621147751808167,0.2127202340790609,-1.1283278922212232
697,Tamil-Nadu,6,5,2,2,0.2396584302186966,0.24912353448632932,-1.919109928951892
698,Tamil-Nadu,6,5,2,3,0.2987862527370453,0.3125533535234454,-3.5948280127496117
699,Tamil-Nadu,6,5,2,4,0.03354974836111069,0.054668978977852285,0.859426688443882
700,Tamil-Nadu,6,5,3,1,0.04033096507191658,0.049278983940469555,0.8857794039265838
701,Tamil-Nadu,6,5,3,2,0.21064656972885132,0.22661912966719316,-1.415538981550554
702,Tamil-Nadu,6,5,3,3,0.1956677883863449,0.20892514075646174,-1.0530631381598412
703,Tamil-Nadu,6,5,3,4,0.16820968687534332,0.18128486371988212,-0.5457668987619
704,Tamil-Nadu,6,5,4,1,0.435210257768631,0.4517944466217073,-8.600695907587424
705,Tamil-Nadu,6,5,4,2,0.22545664012432098,0.23939062830701707,-1.6954742239782221
706,Tamil-Nadu,6,5,4,3,0.17728561162948608,0.1963242551465455,-0.8128790844762923
707,Tamil-Nadu,6,5,4,4,0.24477486312389374,0.25908579099294593,-2.1572437866603416
708,Tamil-Nadu,6,7,2,1,0.2013673037290573,0.20696650698329203,-1.5229949432547296
709,Tamil-Nadu,6,7,2,2,0.16957418620586395,0.18863316685810563,-1.095812262922661
710,Tamil-Nadu,6,7,2,3,0.22060854732990265,0.23433381354527855,-2.2343440468378253
711,Tamil-Nadu,6,7,2,4,0.11055689305067062,0.12044988473355822,0.1454665466636249
712,Tamil-Nadu,6,7,3,1,0.07892116159200668,0.08328891168710774,0.5914072508606677
713,Tamil-Nadu,6,7,3,2,0.15715330839157104,0.1736747032498089,-0.7765989531854587
714,Tamil-Nadu,6,7,3,3,0.2202792465686798,0.2308514537194583,-2.13892913778711
715,Tamil-Nadu,6,7,3,4,0.14612405002117157,0.1497272811203612,-0.32043844601508686
716,Tamil-Nadu,6,7,4,1,0.06346862763166428,0.07009400420136432,0.7106136507208087
717,Tamil-Nadu,6,7,4,2,0.09379388391971588,0.0959696610111558,0.4575194940255165
718,Tamil-Nadu,6,7,4,3,0.26096150279045105,0.26939654093775234,-3.27464788960868
719,Tamil-Nadu,6,7,4,4,0.17446786165237427,0.1841219142945307,-0.9967664143810986
