,Province_State,Country_Region,Last_Update,Lat,Long_,Confirmed,Deaths,Recovered,Active,FIPS,Incident_Rate,People_Tested,People_Hospitalized,Mortality_Rate,UID,ISO3,Testing_Rate,Hospitalization_Rate,date,Total_Test_Results,Case_Fatality_Ratio,New_Confirmerd,New_Deaths
4,California,US,2020-04-12 23:18:15,36.1162,-119.6816,22805,643,,22155.0,6.0,58.13772584,190328.0,5234.0,2.81202018,84000006.0,USA,485.42386849999997,22.9611757,2020-04-12,,,,
64,California,US,2020-04-13 23:07:54,36.1162,-119.6816,23956,713,,23217.0,6.0,61.035047905282056,190882.0,3015.0,2.9877564665078773,84000006.0,USA,486.83682312715933,12.59872132380594,2020-04-13,,,1151.0,70.0
123,California,US,2020-04-14 23:33:31,36.1162,-119.6816,25427,766,,24589.0,6.0,64.66945279,202208.0,5163.0,3.0288689069999997,84000006.0,USA,515.7233282,20.36204449,2020-04-14,,,1471.0,53.0
182,California,US,2020-04-15 22:56:51,36.1162,-119.6816,26719,866,,25826.0,6.0,68.06156401321954,216486.0,5163.0,3.2264108521322044,84000006.0,USA,552.13878988855,19.347223263134232,2020-04-15,,,1292.0,100.0
241,California,US,2020-04-16 23:30:51,36.1162,-119.6816,27687,962,,26721.0,6.0,70.58906944442319,246400.0,5031.0,3.4577446977634865,84000006.0,USA,628.4332373850444,18.177548144668854,2020-04-16,,,968.0,96.0
300,California,US,2020-04-17 23:30:52,36.1162,-119.6816,29470,1044,,28120.0,6.0,74.36374960404116,258800.0,4892.0,3.5566073327159864,84000006.0,USA,660.0589360196814,16.778132180951406,2020-04-17,,,1783.0,82.0
359,California,US,2020-04-18 22:32:47,36.1162,-119.6816,30785,1140,,29351.0,6.0,77.76606266683194,251614.0,4892.0,3.73880817290348,84000006.0,USA,641.7313335689958,16.044078580564758,2020-04-18,,,1315.0,96.0
418,California,US,2020-04-19 23:41:01,36.1162,-119.6816,31660,1178,,30254.0,6.0,80.1634946601028,280900.0,4731.0,3.744710635996309,84000006.0,USA,716.4240924572199,15.05201870764532,2020-04-19,,,875.0,38.0
477,California,US,2020-04-20 23:36:47,36.1162,-119.6816,33946,1223,,32461.0,6.0,85.91478098438557,290500.0,4674.0,3.6365255595796473,84000006.0,USA,740.9085043033904,13.875200379979816,2020-04-20,,,2286.0,45.0
536,California,US,2020-04-21 23:40:34,36.1162,-119.6816,35778,1278,,34183.0,6.0,90.45204855462906,300100.0,4886.0,3.614831524037784,84000006.0,USA,765.392916149561,13.776963203158045,2020-04-21,,,1832.0,55.0
595,California,US,2020-04-22 23:40:26,36.1162,-119.6816,37731,1425,,35923.0,6.0,95.24436208160348,465327.0,4984.0,3.805162810625536,84000006.0,USA,1186.7976990773966,13.346186803770351,2020-04-22,,,1953.0,147.0
654,California,US,2020-04-24 03:33:00,36.1162,-119.6816,39946,1530,,38028.0,6.0,100.89873094232848,482097.0,4929.0,3.875028437097141,84000006.0,USA,1229.568906021176,12.459240160764391,2020-04-23,,,2215.0,105.0
713,California,US,2020-04-25 06:32:46,36.1162,-119.6816,41803,1620,,39734.0,6.0,105.47425540608162,494173.0,4880.0,3.9197195018740176,84000006.0,USA,1260.3682557560044,11.800265989602226,2020-04-24,,,1857.0,90.0
772,California,US,2020-04-26 02:32:45,36.1162,-119.6816,42771,1689,,40679.0,6.0,108.05787094776608,506035.0,4847.0,3.986499244712991,84000006.0,USA,1290.6218071434294,11.440237915407856,2020-04-25,,,968.0,69.0
831,California,US,2020-04-27 02:32:46,36.1162,-119.6816,43887,1725,,41833.0,6.0,111.0929178328643,526084.0,4928.0,3.960236925478672,84000006.0,USA,1341.755971008416,11.313650764497911,2020-04-26,,,1116.0,36.0
890,California,US,2020-04-28 02:32:46,36.1162,-119.6816,45381,1779,,43187.0,6.0,114.68396490363598,553409.0,4878.0,3.956322554819197,84000006.0,USA,1411.4472786851466,10.848196415069165,2020-04-27,,,1494.0,54.0
949,California,US,2020-04-29 02:32:33,36.1162,-119.6816,46714,1861,,44300.0,6.0,117.7394154652727,577608.0,,4.037778355428474,84000006.0,USA,1473.1658497544672,,2020-04-28,,,1333.0,82.0
1008,California,US,2020-04-30 02:32:31,36.1162,-119.6816,49310,1946,,46801.0,6.0,124.32725252763296,603139.0,,3.992040535827846,84000006.0,USA,1538.2816329674445,,2020-04-29,,,2596.0,85.0
1067,California,US,2020-05-01 02:32:32,36.1162,-119.6816,50712,2029,0.0,48099.0,6.0,127.85453810922189,625337.0,,4.05146618791143,84000006.0,USA,1594.8967344425794,,2020-04-30,,,1402.0,83.0
1125,California,US,2020-05-02 02:32:31,36.1162,-119.6816,52536,2128,0.0,49900.0,6.0,132.6902094488406,654985.0,,4.08641832929689,84000006.0,USA,1670.5127596941693,,2020-05-01,,,1824.0,99.0
1183,California,US,2020-05-03 02:32:33,36.1162,-119.6816,53833,2181,0.0,51167.0,6.0,136.05936653725635,686803.0,,4.086452846458095,84000006.0,USA,1751.663282206821,,2020-05-02,,,1297.0,53.0
1241,California,US,2020-05-04 02:32:32,36.1162,-119.6816,55323,2218,0.0,52687.0,6.0,140.02788162398986,715751.0,,4.036209314609402,84000006.0,USA,1825.4939857612947,,2020-05-03,,,1490.0,37.0
1299,California,US,2020-05-05 02:32:38,36.1162,-119.6816,56419,2280,0.0,53606.0,6.0,142.5298824595204,747874.0,,4.076300909025839,84000006.0,USA,1907.422398441975,,2020-05-04,,,1096.0,62.0
1357,California,US,2020-05-06 02:32:35,36.1162,-119.6816,59039,2379,,56075.0,6.0,149.08966446664024,779902.0,,4.073149035171753,84000006.0,USA,1989.1085174637617,,2020-05-05,,,2620.0,99.0
1415,California,US,2020-05-07 02:32:32,36.1162,-119.6816,61245,2464,,58152.0,6.0,154.59865713202862,809036.0,,4.064933350930447,84000006.0,USA,2063.4136064977547,,2020-05-06,,,2206.0,85.0
1473,California,US,2020-05-08 02:32:36,36.1162,-119.6816,62869,2537,,59613.0,6.0,158.50596118914666,842874.0,,4.078972774666924,84000006.0,USA,2149.7160573363713,,2020-05-07,,,1624.0,73.0
1531,California,US,2020-05-09 02:32:39,36.1162,-119.6816,64543,2617,,61166.0,6.0,162.6657607434284,875272.0,,4.096959814358958,84000006.0,USA,2232.3458463980623,,2020-05-08,,,1674.0,80.0
1589,California,US,2020-05-10 02:32:34,36.1162,-119.6816,67271,2692,,63871.0,6.0,169.75348788098128,912570.0,,4.037080441119024,84000006.0,USA,2327.4728873395693,,2020-05-09,,,2728.0,75.0
1647,California,US,2020-05-11 02:32:34,36.1162,-119.6816,68231,2723,,64884.0,6.0,172.41106675011767,955664.0,,4.017751479289942,84000006.0,USA,2437.3823919332026,,2020-05-10,,,960.0,31.0
1705,California,US,2020-05-12 03:32:31,36.1162,-119.6816,70039,2785,,66550.0,6.0,176.82081134199572,991897.0,,4.008423603398288,84000006.0,USA,2529.7931934355247,,2020-05-11,,,1808.0,62.0
1763,California,US,2020-05-13 03:32:30,36.1162,-119.6816,71768,2883,,68099.0,6.0,181.02651916848896,1033370.0,,4.0561864239623535,84000006.0,USA,2635.568403070549,,2020-05-12,,,1729.0,98.0
1821,California,US,2020-05-14 03:32:32,36.1162,-119.6816,73603,2950,,69841.0,6.0,185.6683555809921,1065592.0,,4.061924778153246,84000006.0,USA,2717.749311248394,,2020-05-13,,,1835.0,67.0
1879,California,US,2020-05-15 02:33:07,36.1162,-119.6816,75580,3053,,71819.0,6.0,189.4881996388813,1104651.0,,4.076344646124668,84000006.0,USA,2795.719694131105,,2020-05-14,,,1977.0,103.0
1937,California,US,2020-05-16 02:32:24,36.1162,-119.6816,77427,3135,,73557.0,6.0,194.09943095330271,1133906.0,,4.089030289596182,84000006.0,USA,2869.760073990269,,2020-05-15,,,1847.0,82.0
1995,California,US,2020-05-17 02:32:37,36.1162,-119.6816,79471,3206,,75517.0,6.0,199.24214337421608,1179126.0,,4.074944426802159,84000006.0,USA,2984.2056722548873,,2020-05-16,,,2044.0,71.0
2053,California,US,2020-05-18 02:32:26,36.1162,-119.6816,80809,3240,,76926.0,6.0,202.88911610971618,1235243.0,,4.041613651672779,84000006.0,USA,3126.2300782216166,,2020-05-17,,,1338.0,34.0
2111,California,US,2020-05-19 02:32:23,36.1162,-119.6816,82259,3279,,78178.0,6.0,206.15645948343632,1292672.0,,4.02543673349129,84000006.0,USA,3271.5749756727173,,2020-05-18,,,1450.0,39.0
2169,California,US,2020-05-20 02:32:25,36.1162,-119.6816,84623,3402,,80349.0,6.0,211.9647887186707,1339316.0,,4.063186550768937,84000006.0,USA,3389.624522011834,,2020-05-19,,,2364.0,123.0
2227,California,US,2020-05-21 02:32:54,36.1162,-119.6816,86818,3497,,82500.0,6.0,217.6465748333117,1380120.0,,4.0664209216600575,84000006.0,USA,3492.8938318656487,,2020-05-20,,,2195.0,95.0
2285,California,US,2020-05-22 02:36:57,36.1162,-119.6816,88926,3580,,84448.0,6.0,222.79434897904883,1421127.0,,4.070157103747544,84000006.0,USA,3596.676906789072,,2020-05-21,,,2108.0,83.0
2343,California,US,2020-05-23 02:32:47,36.1162,-119.6816,91210,3660,,86586.0,6.0,228.4153943958051,1466773.0,,4.061959845765191,84000006.0,USA,3712.200652441145,,2020-05-22,,,2284.0,80.0
2401,California,US,2020-05-24 02:32:48,36.1162,-119.6816,93379,3735,,88801.0,6.0,234.2034767317445,1515306.0,,4.039377991981759,84000006.0,USA,3835.0309978762775,,2020-05-23,,,2169.0,75.0
2459,California,US,2020-05-25 02:32:50,36.1162,-119.6816,94769,3753,,90266.0,6.0,237.95168396371932,1582745.0,,3.9927674962773883,84000006.0,USA,4005.7098280701643,,2020-05-24,,,1390.0,18.0
2517,California,US,2020-05-26 02:32:41,36.1162,-119.6816,97082,3768,,92631.0,6.0,243.97513650396232,1644102.0,,3.9097510373443978,84000006.0,USA,4160.9959530750775,,2020-05-25,,,2313.0,15.0
2575,California,US,2020-05-27 02:32:37,36.1162,-119.6816,100207,3818,,95568.0,6.0,251.53482252820854,1696396.0,,3.842554861299768,84000006.0,USA,4293.344872041242,,2020-05-26,,,3125.0,50.0
2633,California,US,2020-05-28 02:32:37,36.1162,-119.6816,102014,3894,,97155.0,6.0,255.7436467191431,1736894.0,,3.8545274616526473,84000006.0,USA,4395.839737997025,,2020-05-27,,,1807.0,76.0
2691,California,US,2020-05-29 02:32:58,36.1162,-119.6816,104893,3986,,99820.0,6.0,262.7364195631311,1790559.0,,3.8463390904799977,84000006.0,USA,4531.658469329857,,2020-05-28,,,2879.0,92.0
2749,California,US,2020-05-30 02:32:55,36.1162,-119.6816,107707,4069,,102545.0,6.0,269.84561207806513,1835478.0,,3.8237887115229503,84000006.0,USA,4645.342278008504,,2020-05-29,,,2814.0,83.0
2807,California,US,2020-05-31 02:32:52,36.1162,-119.6816,110937,4136,,105751.0,6.0,278.12912475210516,1888595.0,,3.7708721961872698,84000006.0,USA,4779.774096739634,,2020-05-30,,,3230.0,67.0
2865,California,US,2020-06-01 02:32:54,36.1162,-119.6816,112919,4166,,107779.0,6.0,283.3325778709034,1944848.0,,3.7266304008003504,84000006.0,USA,4922.14269999438,,2020-05-31,,,1982.0,30.0
2923,California,US,2020-06-02 02:33:16,36.1162,-119.6816,115688,4211,,110516.0,6.0,290.37343710071684,2012583.0,,3.675490050813628,84000006.0,USA,5093.570665462179,,2020-06-01,,,2769.0,45.0
2981,California,US,2020-06-03 02:33:21,36.1162,-119.6816,118292,4299,,112910.0,6.0,296.6550376069704,2071591.0,,3.6727381307853086,84000006.0,USA,5242.911794661616,,2020-06-02,,,2604.0,88.0
3039,California,US,2020-06-04 02:33:23,36.1162,-119.6816,120557,4367,,114974.0,6.0,302.0533671314824,2131294.0,,3.6649126922948017,84000006.0,USA,5394.011873237302,,2020-06-03,,,2265.0,68.0
3097,California,US,2020-06-05 02:33:15,36.1162,-119.6816,123490,4438,,117724.0,6.0,309.1903991329468,2182671.0,,3.6376137777486734,84000006.0,USA,5524.039991371784,,2020-06-04,,,2933.0,71.0
3155,California,US,2020-06-06 02:33:09,36.1162,-119.6816,126989,4519,,121209.0,6.0,318.2255779433113,2238463.0,,3.601934180597752,84000006.0,USA,5665.2418670546585,,2020-06-05,,,3499.0,81.0
3213,California,US,2020-06-07 03:53:50,36.1162,-119.6816,129735,4595,,123986.0,6.0,325.45119012919116,2308300.0,,3.5818434907032266,84000006.0,USA,5841.989705312201,,2020-06-06,,,2746.0,76.0
3271,California,US,2020-06-08 03:33:42,36.1162,-119.6816,131769,4622,,125983.0,6.0,330.56859392598585,2362218.0,,3.546300195230257,84000006.0,USA,5978.4487448352365,,2020-06-07,,,2034.0,27.0
3329,California,US,2020-06-09 03:33:19,36.1162,-119.6816,135114,4647,,129159.0,6.0,338.6698845063716,2431190.0,,3.4801518503019064,84000006.0,USA,6153.007387106516,,2020-06-08,,,3345.0,25.0
3387,California,US,2020-06-10 04:07:14,36.1162,-119.6816,138148,4735,,131896.0,6.0,345.8195708198954,2486245.0,,3.4726033913686227,84000006.0,USA,6292.344017191845,,2020-06-09,,,3034.0,88.0
3445,California,US,2020-06-11 03:33:54,36.1162,-119.6816,141313,4846,,134861.0,6.0,353.59944187397406,2540798.0,,3.474215366997101,84000006.0,USA,6430.410154346416,,2020-06-10,,,3165.0,111.0
3503,California,US,2020-06-12 05:10:05,36.1162,-119.6816,145024,4926,,138443.0,6.0,362.8674600262304,2597647.0,,3.4412771922972305,84000006.0,USA,6574.287151598634,,2020-06-11,,,3711.0,80.0
3561,California,US,2020-06-13 03:33:25,36.1162,-119.6816,148434,4970,,141681.0,6.0,371.1737504619773,2662258.0,,3.3942683367539668,84000006.0,USA,6737.808702891762,,2020-06-12,,,3410.0,44.0
3619,California,US,2020-06-14 03:33:28,36.1162,-119.6816,151885,5070,,144942.0,6.0,379.674917303438,2724393.0,,3.383593968723753,84000006.0,USA,6895.063838853105,,2020-06-13,,,3451.0,100.0
3677,California,US,2020-06-15 03:33:25,36.1162,-119.6816,154012,5094,,147201.0,6.0,385.45034532731813,2801996.0,,3.3479973736047275,84000006.0,USA,7091.466354601209,,2020-06-14,,,2127.0,24.0
3735,California,US,2020-06-16 04:33:22,36.1162,-119.6816,157620,5110,,150612.0,6.0,394.1210799503738,2868182.0,,3.2839731322964694,84000006.0,USA,7258.974014193026,,2020-06-15,,,3608.0,16.0
3793,California,US,2020-06-17 04:33:33,36.1162,-119.6816,161149,5196,,153761.0,6.0,402.30841985276317,2937755.0,,3.2712426318405146,84000006.0,USA,7435.053704773836,,2020-06-16,,,3529.0,86.0
3851,California,US,2020-06-18 04:33:30,36.1162,-119.6816,165425,5267,,157527.0,6.0,412.01933892709604,2997988.0,,3.237754763572034,84000006.0,USA,7587.495140427813,,2020-06-17,,,4276.0,71.0
3909,California,US,2020-06-19 04:33:29,36.1162,-119.6816,170296,5350,,161731.0,6.0,422.871676949181,3074530.0,,3.2049363800677497,84000006.0,USA,7781.212411156923,,2020-06-18,,,4871.0,83.0
3967,California,US,2020-06-20 04:33:32,36.1162,-119.6816,174428,5422,,165436.0,6.0,432.4282134163902,3155702.0,,3.1756622303379336,84000006.0,USA,7986.6475748529765,,2020-06-19,,,4132.0,72.0
4025,California,US,2020-06-21 04:33:37,36.1162,-119.6816,178846,5487,,169719.0,6.0,443.43999577042274,3234412.0,,3.1356120835782733,84000006.0,USA,8185.851755291014,,2020-06-20,,,4418.0,65.0
4083,California,US,2020-06-22 04:33:33,36.1162,-119.6816,182026,5511,,173031.0,6.0,451.8753601891749,3319256.0,,3.088839850794753,84000006.0,USA,8400.580245763444,,2020-06-21,,,3180.0,24.0
4141,California,US,2020-06-23 04:33:35,36.1162,-119.6816,188948,5561,,179199.0,6.0,467.6147935285747,3411686.0,,3.0124753064703813,84000006.0,USA,8634.507858492296,,2020-06-22,,,6922.0,50.0
4199,California,US,2020-06-24 04:33:41,36.1162,-119.6816,196541,5621,,185851.0,6.0,484.60194203702486,3496929.0,,2.9382119001237745,84000006.0,USA,8850.246163067059,,2020-06-23,,,7593.0,60.0
4257,California,US,2020-06-25 05:27:08,36.1162,-119.6816,201764,5709,,190200.0,6.0,495.85921804500845,3592899.0,,2.922036493556208,84000006.0,USA,9093.13302873392,,2020-06-24,,,5223.0,88.0
4315,California,US,2020-06-26 04:33:54,36.1162,-119.6816,207480,5797,,195306.0,6.0,508.9868013753617,3694345.0,,2.886948565973189,84000006.0,USA,9349.878896968161,,2020-06-25,,,5716.0,88.0
4373,California,US,2020-06-27 04:33:48,36.1162,-119.6816,213752,5862,,200976.0,6.0,523.4937047201823,3771314.0,,2.8369205778267683,84000006.0,USA,9544.67684594714,,2020-06-26,,,6272.0,65.0
4431,California,US,2020-06-28 04:34:18,36.1162,-119.6816,217612,5894,,204685.0,6.0,532.9591301405643,3862310.0,,2.8012574554572054,84000006.0,USA,9774.975201977371,,2020-06-27,,,3860.0,32.0
4489,California,US,2020-06-29 04:33:57,36.1162,-119.6816,222630,5926,,209364.0,6.0,544.8845538252808,3955952.0,,2.7552764565992867,84000006.0,USA,10011.970219949406,,2020-06-28,,,5018.0,32.0
4547,California,US,2020-06-30 04:34:02,36.1162,-119.6816,231578,5979,,217663.0,6.0,566.0172549643687,4061692.0,,2.6752099299786267,84000006.0,USA,10279.583611380203,,2020-06-29,,,8948.0,53.0
4605,California,US,2020-07-01 04:34:05,36.1162,-119.6816,239538,6074,,225150.0,6.0,585.2163772207906,4167139.0,,2.6302587877110435,84000006.0,USA,10546.455460124327,,2020-06-30,,,7960.0,95.0
4663,California,US,2020-07-02 04:33:59,36.1162,-119.6816,247317,6160,,232512.0,6.0,604.0687713267866,4254176.0,,2.5846213146417183,84000006.0,USA,10766.73413186598,,2020-07-01,,,7779.0,86.0
4721,California,US,2020-07-03 04:34:05,36.1162,-119.6816,255494,6253,,240285.0,6.0,623.9841276457668,4338718.0,,2.541066720746299,84000006.0,USA,10980.698301890025,,2020-07-02,,,8177.0,93.0
4779,California,US,2020-07-04 04:34:04,36.1162,-119.6816,259664,6306,,244199.0,6.0,634.0164662464068,4448176.0,,2.520817199837135,84000006.0,USA,11257.721439768147,,2020-07-03,,,4170.0,53.0
4837,California,US,2020-07-05 04:34:00,36.1162,-119.6816,261909,6334,,246561.0,6.0,640.0424496490617,4553031.0,,2.5045967694102296,84000006.0,USA,11523.09501796444,,2020-07-04,,,2245.0,28.0
4895,California,US,2020-07-06 04:34:10,36.1162,-119.6816,273416,6374,,258308.0,6.0,669.8711940353243,4680138.0,,2.407804111364246,84000006.0,USA,11844.785346549597,,2020-07-05,,,11507.0,40.0
4953,California,US,2020-07-07 04:34:13,36.1162,-119.6816,279891,6442,,264594.0,6.0,685.9522938003262,4793353.0,,2.376445846477392,84000006.0,USA,12131.3169345091,,2020-07-06,,,6475.0,68.0
5011,California,US,2020-07-08 05:34:00,36.1162,-119.6816,292859,6573,,277439.0,6.0,718.7952953191218,4896370.0,,2.3143388307536297,84000006.0,USA,12392.038787592386,,2020-07-07,,,12968.0,131.0
5069,California,US,2020-07-09 04:34:36,36.1162,-119.6816,301140,6702,,285842.0,6.0,740.4291072157596,4996175.0,,2.296281104730653,84000006.0,USA,12644.631510608755,,2020-07-08,,,8281.0,129.0
5127,California,US,2020-07-10 04:34:42,36.1162,-119.6816,310753,6851,,295625.0,6.0,765.5453857911259,5078434.0,,2.2675579534785317,84000006.0,USA,12852.817721746509,,2020-07-09,,,9613.0,149.0
5185,California,US,2020-07-11 04:34:39,36.1162,-119.6816,319276,6958,,303930.0,6.0,786.8071609132191,5175737.0,,2.2371616514145103,84000006.0,USA,13099.07822700839,,2020-07-10,,,8523.0,107.0
5243,California,US,2020-07-12 04:34:43,36.1162,-119.6816,326299,7031,,311734.0,6.0,806.7402332690822,5275695.0,,2.204472943678806,84000006.0,USA,13352.058171973771,,2020-07-11,,,7023.0,73.0
5301,California,US,2020-07-13 04:43:16,36.1162,-119.6816,331786,7055,,317492.0,6.0,821.3736797344964,5406599.0,,2.172593462191451,84000006.0,USA,13683.358185136787,,2020-07-12,,,5487.0,24.0
5359,California,US,2020-07-14 04:34:58,36.1162,-119.6816,340931,7094,,326268.0,6.0,843.6807010326904,5544365.0,,2.126549015019933,84000006.0,USA,14032.024976170032,,2020-07-13,,,9145.0,39.0
5417,California,US,2020-07-15 04:34:53,36.1162,-119.6816,353610,7254,,338961.0,6.0,876.2124064748268,5674955.0,,2.0940986854837083,84000006.0,USA,14362.53029853572,,2020-07-14,,,12679.0,160.0
5475,California,US,2020-07-16 04:45:12,36.1162,-119.6816,362293,7381,,347510.0,6.0,898.1651070353598,5793276.0,,2.078137988362428,84000006.0,USA,14661.984469970215,,2020-07-15,,,8683.0,127.0
5533,California,US,2020-07-17 04:35:02,36.1162,-119.6816,372098,7496,,357217.0,6.0,923.0207067823038,5915508.0,,2.053434821472638,84000006.0,USA,14971.336844297522,,2020-07-16,,,9805.0,115.0
5591,California,US,2020-07-18 04:34:58,36.1162,-119.6816,381075,7609,,365656.0,6.0,944.6671729910008,6044099.0,,2.0369234231458586,84000006.0,USA,15296.782972701889,,2020-07-17,,,8977.0,113.0
5649,California,US,2020-07-19 04:35:12,36.1162,-119.6816,388450,7696,,373043.0,6.0,963.6132090062358,6167218.0,,2.022876203233135,84000006.0,USA,15608.380221988524,,2020-07-18,,,7375.0,87.0
5707,California,US,2020-07-20 05:34:58,36.1162,-119.6816,394389,7723,,379191.0,6.0,979.2058523257474,6286852.0,,1.9940243883527264,84000006.0,USA,15911.157415769798,,2020-07-19,,,5939.0,27.0
5765,California,US,2020-07-21 04:38:59,36.1162,-119.6816,405371,7778,,390100.0,6.0,1006.9542278094552,6414321.0,,1.9528991881770428,84000006.0,USA,16233.763916548052,,2020-07-20,,,10982.0,55.0
5823,California,US,2020-07-22 04:34:54,36.1162,-119.6816,416450,7893,,401417.0,6.0,1035.8946394891523,6536932.0,,1.9271692258828992,84000006.0,USA,16544.075487729457,,2020-07-21,,,11079.0,115.0
5881,California,US,2020-07-23 05:15:18,36.1162,-119.6816,428241,8053,,413239.0,6.0,1066.216902045729,6664419.0,,1.9101038249550184,84000006.0,USA,16866.727544031117,,2020-07-22,,,11791.0,160.0
5939,California,US,2020-07-24 05:30:54,36.1162,-119.6816,437338,8191,,422572.0,6.0,1090.2271937471096,6778304.0,,1.90378691329308,84000006.0,USA,17154.95480980658,,2020-07-23,,,9097.0,138.0
5997,California,US,2020-07-25 04:47:52,36.1162,-119.6816,446585,8334,,431848.0,6.0,1114.0476707676005,6915876.0,,1.8939763962879244,84000006.0,USA,17503.130613531917,,2020-07-24,,,9247.0,143.0
6055,California,US,2020-07-26 04:35:13,36.1162,-119.6816,452831,8422,,438044.0,6.0,1129.9085855027695,7047355.0,,1.8832931647747129,84000006.0,USA,17835.88587258176,,2020-07-25,,,6246.0,88.0
6113,California,US,2020-07-27 04:35:15,36.1162,-119.6816,458288,8459,,443840.0,6.0,1144.6786985384244,7168139.0,,1.8678364228102449,84000006.0,USA,18141.573558136686,,2020-07-26,,,5457.0,37.0
6171,California,US,2020-07-28 04:59:02,36.1162,-119.6816,464577,8511,,449627.0,6.0,1159.4412189868438,7296578.0,,1.8540953154297664,84000006.0,USA,18466.63499545445,,2020-07-27,,,6289.0,52.0
6229,California,US,2020-07-29 04:35:24,36.1162,-119.6816,477355,8685,,462083.0,6.0,1191.4338507352522,7417866.0,,1.843606748208224,84000006.0,USA,18773.598235664947,,2020-07-28,,,12778.0,174.0
6287,California,US,2020-07-30 04:35:17,36.1162,-119.6816,491537,8901,,476005.0,6.0,1227.2480847255795,7517466.0,,1.837030560121094,84000006.0,USA,19025.672131886884,,2020-07-29,,,14182.0,216.0
6345,California,US,2020-07-31 04:35:31,36.1162,-119.6816,499519,9024,,483908.0,6.0,1247.5481321311636,7633840.0,,1.8310767770127443,84000006.0,USA,19320.198714205475,,2020-07-30,,,7982.0,123.0
6403,California,US,2020-08-01 04:36:46,36.1162,-119.6816,507206,9232,,491342.0,6.0,1266.8383654344125,7811041.0,,1.84075308257218,84000006.0,USA,19768.670064450693,,2020-07-31,,,7687.0,208.0
6461,California,US,2020-08-02 04:35:05,36.1162,-119.6816,513078,9362,,497268.0,6.0,1282.1677990630901,7886587.0,,1.844603277057636,84000006.0,USA,19959.86659621758,,2020-08-01,,,5872.0,130.0
6519,California,US,2020-08-03 04:34:47,36.1162,-119.6816,518282,9419,,502779.0,6.0,1296.2444557978931,8035975.0,,1.8345292136476792,84000006.0,USA,20337.947070201542,,2020-08-02,,,5204.0,57.0
6577,California,US,2020-08-04 04:42:12,36.1162,-119.6816,522847,9466,,507410.0,6.0,1308.0787684357824,8184696.0,,1.8266386250582856,84000006.0,USA,20714.33945895679,,2020-08-03,,,4565.0,47.0
6635,California,US,2020-08-05 04:34:56,36.1162,-119.6816,532850,9651,,517001.0,6.0,1332.9672693940809,8305713.0,,1.8386701728737287,84000006.0,USA,21020.616835453682,,2020-08-04,,,10003.0,185.0
6693,California,US,2020-08-06 04:35:14,36.1162,-119.6816,537165,9816,,520798.0,6.0,1342.8907809110108,8409400.0,,1.8484525240950915,84000006.0,USA,21283.034366352917,,2020-08-05,,,4315.0,165.0
6751,California,US,2020-08-07 04:35:29,36.1162,-119.6816,547639,10035,,531318.0,6.0,1370.0545271775775,8500463.0,,1.8511505729311948,84000006.0,USA,21513.502290164743,,2020-08-06,,,10474.0,219.0
6809,California,US,2020-08-08 04:35:11,36.1162,-119.6816,553552,10152,,536681.0,6.0,1383.9109988825485,8596882.0,,1.85309812843124,84000006.0,USA,21757.52551305453,,2020-08-07,,,5913.0,117.0
6867,California,US,2020-08-09 04:35:07,36.1162,-119.6816,560936,10329,,544081.0,6.0,1403.0797507900274,8707527.0,,1.8591672258418293,84000006.0,USA,22037.55278461553,,2020-08-08,,,7384.0,177.0
6925,California,US,2020-08-10 04:35:08,36.1162,-119.6816,566043,10362,,549369.0,6.0,1416.6401115928104,8826119.0,,1.8538765797343797,84000006.0,USA,22337.692819763648,,2020-08-09,,,5107.0,33.0
6983,California,US,2020-08-11 04:35:27,36.1162,-119.6816,579653,10509,,563755.0,6.0,1453.2996536287012,8998353.0,,1.8243529172057933,84000006.0,USA,22773.59337640912,,2020-08-10,,,13610.0,147.0
7041,California,US,2020-08-12 04:30:24,36.1162,-119.6816,585315,10556,,568423.0,6.0,1465.2326699006535,9186279.0,,1.8176133870861881,84000006.0,USA,23249.2082260216,,2020-08-11,,,5662.0,47.0
7099,California,US,2020-08-13 04:30:24,36.1162,-119.6816,596862,10782,,580623.0,6.0,1496.691289680158,9303467.0,,1.8183017234382184,84000006.0,USA,23545.79493034345,,2020-08-12,,,11547.0,226.0
7157,California,US,2020-08-14 04:30:24,36.1162,-119.6816,602811,10904,,587114.0,6.0,1513.415228497774,9445493.0,,1.8177743886124045,84000006.0,USA,23905.24319525125,,2020-08-13,,,5949.0,122.0
7215,California,US,2020-08-15 04:30:23,36.1162,-119.6816,617459,11178,,601953.0,6.0,1551.6742755779649,9556598.0,,1.8182974746412093,84000006.0,USA,24186.434663521715,,2020-08-14,,,14648.0,274.0
7273,California,US,2020-08-16 04:30:18,36.1162,-119.6816,622431,11244,,606776.0,6.0,1564.0577853592292,9681111.0,,1.815227979559672,84000006.0,USA,24501.55993501049,,2020-08-15,,,4972.0,66.0
7331,California,US,2020-08-17 04:30:23,36.1162,-119.6816,627796,11277,,612630.0,6.0,1578.9367254785943,9798135.0,,1.8021296000948912,84000006.0,USA,24797.7315778968,,2020-08-16,,,5365.0,33.0
7389,California,US,2020-08-18 04:30:23,36.1162,-119.6816,633339,11331,,618119.0,6.0,1592.9627649651602,9933780.0,,1.7946823637822422,84000006.0,USA,25141.03040975447,,2020-08-17,,,5543.0,54.0
7447,California,US,2020-08-19 04:30:00,36.1162,-119.6816,641991,11492,,626636.0,6.0,1615.04454,10049039.0,,1.802739211,84000006.0,USA,25432.735080000002,,2020-08-18,,,8652.0,161.0
7505,California,US,2020-08-20 04:30:22,36.1162,-119.6816,651034,11717,,635584.0,6.0,1638.16143677869,10140683.0,,1.8060357746487576,84000006.0,USA,25664.673435356948,,2020-08-19,,,9043.0,225.0
7563,California,US,2020-08-21 04:30:30,36.1162,-119.6816,656039,11847,,640457.0,6.0,1650.798032801141,10227966.0,,1.8106082325182784,84000006.0,USA,25885.574699251923,,2020-08-20,,,5005.0,130.0
7621,California,US,2020-08-22 04:30:29,36.1162,-119.6816,662673,11991,,646954.0,6.0,1667.5852431790536,10329372.0,,1.8130217028380635,84000006.0,USA,26142.21933298969,,2020-08-21,,,6634.0,144.0
7679,California,US,2020-08-23 04:30:28,36.1162,-119.6816,667844,12110,,652304.0,6.0,1681.5935666287369,10436352.0,,1.825761737416,84000006.0,USA,26412.970993811206,,2020-08-22,,,5171.0,119.0
7737,California,US,2020-08-24 04:30:23,36.1162,-119.6816,672608,12181,,657127.0,6.0,1693.8555950142313,10541031.0,,1.8158319387999045,84000006.0,USA,26677.899140223013,,2020-08-23,,,4764.0,71.0
7795,California,US,2020-08-25 04:30:29,36.1162,-119.6816,678638,12262,,663326.0,6.0,1709.751941823167,10652487.0,,1.8110873777497518,84000006.0,USA,26959.978941200043,,2020-08-24,,,6030.0,81.0
7853,California,US,2020-08-26 04:30:22,36.1162,-119.6816,684221,12418,,668650.0,6.0,1723.5982900784907,10762506.0,,1.8181230837904827,84000006.0,USA,27238.42189289122,,2020-08-25,,,5583.0,156.0
7911,California,US,2020-08-27 04:30:22,36.1162,-119.6816,689783,12550,,674472.0,6.0,1738.712600402159,10832757.0,,1.8241524066817656,84000006.0,USA,27416.21750818728,,2020-08-26,,,5562.0,132.0
7969,California,US,2020-08-28 04:30:22,36.1162,-119.6816,694617,12710,,679144.0,6.0,1750.9037646401214,10918415.0,,1.8324104067381592,84000006.0,USA,27633.006120662965,,2020-08-27,,,4834.0,160.0
8027,California,US,2020-08-29 04:30:22,36.1162,-119.6816,699912,12857,,684580.0,6.0,1764.9854830997488,11010637.0,,1.8361450274955728,84000006.0,USA,27866.40731401015,,2020-08-28,,,5295.0,147.0
8085,California,US,2020-08-30 04:30:24,36.1162,-119.6816,704311,12945,,689144.0,6.0,1776.7615859021646,11109630.0,,1.836652716804504,84000006.0,USA,28116.94497674808,,2020-08-29,,,4399.0,88.0
8143,California,US,2020-08-31 04:30:24,36.1162,-119.6816,708033,12976,,693014.0,6.0,1786.6648505198002,11231829.0,,1.8325634498711667,84000006.0,USA,28426.213832615795,,2020-08-30,,,3722.0,31.0
8201,California,US,2020-09-01 04:30:22,36.1162,-119.6816,714572,13061,,699453.0,6.0,1803.1761968948197,11373305.0,,1.8277132530966003,84000006.0,USA,28784.27012319707,,2020-08-31,,,6539.0,85.0
8259,California,US,2020-09-02 04:30:23,36.1162,-119.6816,717815,13175,,702467.0,6.0,1811.1281665929046,11470696.0,,1.8375751274774084,84000006.0,USA,29030.753344351182,,2020-09-01,,,3243.0,114.0
8317,California,US,2020-09-03 04:30:31,36.1162,-119.6816,723371,13360,,707964.0,6.0,1825.4629712937185,11580370.0,,1.8462984606554167,84000006.0,USA,29308.323148510277,,2020-09-02,,,5556.0,185.0
8375,California,US,2020-09-04 04:30:31,36.1162,-119.6816,728355,13541,,712525.0,6.0,1837.451666538732,11663924.0,,1.858493866543253,84000006.0,USA,29519.7868264714,,2020-09-03,,,4984.0,181.0
8433,California,US,2020-09-05 04:30:29,36.1162,-119.6816,733034,13694,,717024.0,6.0,1849.2049915794405,11796970.0,,1.8665265197861665,84000006.0,USA,29856.50794692063,,2020-09-04,,,4679.0,153.0
8491,California,US,2020-09-06 04:30:30,36.1162,-119.6816,737632,13744,,721605.0,6.0,1860.9785635194453,11916323.0,,1.8643735873381984,84000006.0,USA,30158.57396836417,,2020-09-05,,,4598.0,50.0
8549,California,US,2020-09-07 04:30:33,36.1162,-119.6816,740883,13791,,725125.0,6.0,1869.942878182278,12047191.0,,1.8584135474300807,84000006.0,USA,30489.78287048036,,2020-09-06,,,3251.0,47.0
8607,California,US,2020-09-08 04:30:25,36.1162,-119.6816,743002,13816,,727207.0,6.0,1875.2804670089047,12158292.0,,1.8567678635293168,84000006.0,USA,30770.964215301174,,2020-09-07,,,2119.0,25.0
8665,California,US,2020-09-09 04:30:32,36.1162,-119.6816,746375,13879,,730521.0,6.0,1883.8322510986031,12267948.0,,1.8570714615822792,84000006.0,USA,31048.488463936847,,2020-09-08,,,3373.0,63.0
8723,California,US,2020-09-10 04:30:24,36.1162,-119.6816,749453,14049,,733307.0,6.0,1891.2881717639627,12343797.0,,1.8711611288790158,84000006.0,USA,31240.45184701453,,2020-09-09,,,3078.0,170.0
8781,California,US,2020-09-11 04:30:23,36.1162,-119.6816,752958,14157,,736884.0,6.0,1900.5789676779261,12389991.0,,1.874531433722923,84000006.0,USA,31357.362505268306,,2020-09-10,,,3505.0,108.0
8839,California,US,2020-09-12 04:30:24,36.1162,-119.6816,756997,14312,,740675.0,6.0,1910.5606890303286,12451660.0,,1.8850053980302157,84000006.0,USA,31513.438259345723,,2020-09-11,,,4039.0,155.0
8897,California,US,2020-09-13 04:32:00,36.1162,-119.6816,760938,14388,,744606.0,6.0,1920.7550028253283,12556967.0,,1.8877819254137056,84000006.0,USA,31779.955787352184,,2020-09-12,,,3941.0,76.0
8955,California,US,2020-09-14 04:30:37,36.1162,-119.6816,763711,14448,,747350.0,6.0,1927.828763266496,12690016.0,,1.8875504116955133,84000006.0,USA,32116.684500388652,,2020-09-13,,,2773.0,60.0
9013,California,US,2020-09-15 03:30:30,36.1162,-119.6816,767310,14502,,750695.0,6.0,1936.4488806413144,12806189.0,,1.8871204259646024,84000006.0,USA,32410.702379362458,,2020-09-14,,,3599.0,54.0
9071,California,US,2020-09-16 04:30:32,36.1162,-119.6816,770342,14655,,753610.0,6.0,1944.2186282457453,12928170.0,,1.8997557940338765,84000006.0,USA,32719.419507224386,,2020-09-15,,,3032.0,153.0
9129,California,US,2020-09-17 04:30:32,36.1162,-119.6816,773866,14764,,756630.0,6.0,1952.1073263835349,13000522.0,,1.9046544823750424,84000006.0,USA,32902.532464447766,,2020-09-16,,,3524.0,109.0
9187,California,US,2020-09-18 05:10:31,36.1162,-119.6816,777545,14872,,760233.0,6.0,1961.512011106032,13080037.0,,1.9101023564036297,84000006.0,USA,33103.77398912737,,2020-09-17,,,3679.0,108.0
9245,California,US,2020-09-19 04:30:26,36.1162,-119.6816,782010,14949,,764598.0,6.0,1972.7844722884865,13177186.0,,1.9106057670967336,84000006.0,USA,33349.64474157782,,2020-09-18,,,4465.0,77.0
9303,California,US,2020-09-20 04:30:31,36.1162,-119.6816,785766,15084,,768295.0,6.0,1982.4574284266416,13343886.0,,1.917241256049625,84000006.0,USA,33771.539505636014,,2020-09-19,,,3756.0,135.0
9361,California,US,2020-09-21 04:30:33,36.1162,-119.6816,788552,15079,,771152.0,6.0,1989.6830406125214,13523158.0,,1.9100243205014704,84000006.0,USA,34225.2522719362,,2020-09-20,,,2786.0,-5.0
9419,California,US,2020-09-22 04:30:33,36.1162,-119.6816,792524,15118,,775040.0,6.0,1999.6242681663346,13672782.0,,1.9055912192948703,84000006.0,USA,34603.93002944937,,2020-09-21,,,3972.0,39.0
9477,California,US,2020-09-23 04:30:25,36.1162,-119.6816,795593,15254,,777876.0,6.0,2007.1383986671674,13804055.0,,1.915227629513344,84000006.0,USA,34936.16393084236,,2020-09-22,,,3069.0,136.0
9535,California,US,2020-09-24 04:30:25,36.1162,-119.6816,799100,15357,,781145.0,6.0,2015.66993585757,13879423.0,,1.919928280489581,84000006.0,USA,35126.909969099936,,2020-09-23,,,3507.0,103.0
9593,California,US,2020-09-25 04:30:27,36.1162,-119.6816,802438,15449,,784123.0,6.0,2023.46499208612,13952857.0,,1.9252898003291992,84000006.0,USA,35312.76131945297,,2020-09-24,,,3338.0,92.0
9651,California,US,2020-09-26 04:30:24,36.1162,-119.6816,806606,15588,,788144.0,6.0,2033.952885920896,14052247.0,,1.9306671975711125,84000006.0,USA,35564.30373456841,,2020-09-25,,,4168.0,139.0
9709,California,US,2020-09-27 04:30:34,36.1162,-119.6816,810373,15647,,791868.0,6.0,2043.5473853242831,14182730.0,,1.9299003902403984,84000006.0,USA,35894.538254656036,,2020-09-26,,,3767.0,59.0
9767,California,US,2020-09-28 04:30:36,36.1162,-119.6816,812649,15669,,794284.0,6.0,2049.7201587468257,14333498.0,,1.9269283482942128,84000006.0,USA,36276.111318768366,,2020-09-27,,,2276.0,22.0
9825,California,US,2020-09-29 04:30:25,36.1162,-119.6816,815576,15696,,797078.0,6.0,2056.8597216107028,14484852.0,,1.9235620042056767,84000006.0,USA,36659.16746825406,,2020-09-28,,,2927.0,27.0
9883,California,US,2020-09-30 04:30:25,36.1162,-119.6816,818727,15818,,799872.0,6.0,2064.3080496888265,14613545.0,,1.9348890583507223,84000006.0,USA,36984.87174462444,,2020-09-29,,,3151.0,122.0
9941,California,US,2020-10-01 04:30:28,36.1162,-119.6816,822246,15943,,803230.0,6.0,2073.0673644962976,14705202.0,,1.9392881341447783,84000006.0,USA,37216.84300070892,,2020-09-30,,,3519.0,125.0
9999,California,US,2020-10-02 04:30:36,36.1162,-119.6816,825397,16037,,806232.0,6.0,2080.8877293489663,14771851.0,,1.9427028539111293,84000006.0,USA,37385.52244959743,,2020-10-01,,,3151.0,94.0
10057,California,US,2020-10-03 04:30:36,36.1162,-119.6816,829328,16123,,809959.0,6.0,2090.525253413355,14868431.0,,1.9435529465032635,84000006.0,USA,37629.95314133553,,2020-10-02,,,3931.0,86.0
10115,California,US,2020-10-04 04:30:24,36.1162,-119.6816,832666,16186,,813406.0,6.0,2099.403518754184,14998888.0,,1.9426874063465545,84000006.0,USA,37960.12185900044,,2020-10-03,,,3338.0,63.0
10173,California,US,2020-10-05 04:30:35,36.1162,-119.6816,835627,16216,,816566.0,6.0,2107.482031572863,15160287.0,,1.9390834537229515,84000006.0,USA,38368.60052141333,,2020-10-04,,,2961.0,30.0
10231,California,US,2020-10-06 04:30:27,36.1162,-119.6816,838511,16240,,819336.0,6.0,2114.5532611516187,15301681.0,,1.935471516097412,84000006.0,USA,38726.44928127684,,2020-10-05,,,2884.0,24.0
10289,California,US,2020-10-07 04:30:35,36.1162,-119.6816,841372,16310,,821958.0,6.0,2121.3739353516,15430421.0,,1.9379576760733093,84000006.0,USA,39052.27250818057,,2020-10-06,,,2861.0,70.0
10347,California,US,2020-10-08 04:30:35,36.1162,-119.6816,845181,16411,,825590.0,6.0,2130.803928698216,15556706.0,,1.940545984929828,84000006.0,USA,39371.88246786317,,2020-10-07,,,3809.0,101.0
10405,California,US,2020-10-09 04:30:36,36.1162,-119.6816,848654,16487,,828852.0,6.0,2139.262070878675,15623623.0,,1.9423379511871943,84000006.0,USA,39541.240187878066,,2020-10-08,,,3473.0,76.0
10463,California,US,2020-10-10 04:30:24,36.1162,-119.6816,852535,16555,,832590.0,6.0,2148.8945332182398,15736497.0,,1.9416400887553056,84000006.0,USA,39826.90875175512,,2020-10-09,,,3881.0,68.0
10521,California,US,2020-10-11 04:30:32,36.1162,-119.6816,855787,16640,,835843.0,6.0,2157.332428499404,15878445.0,,1.9435482924883565,84000006.0,USA,40186.1596093948,,2020-10-10,,,3252.0,85.0
10579,California,US,2020-10-12 04:30:24,36.1162,-119.6816,858460,16655,,838611.0,6.0,2164.368226004394,16047004.0,,1.938633520036483,84000006.0,USA,40612.75924667666,,2020-10-11,,,2673.0,15.0
10637,California,US,2020-10-13 04:30:36,36.1162,-119.6816,861269,16661,,841327.0,6.0,2171.259764351907,16191341.0,,1.93329626663776,84000006.0,USA,40978.05633461828,,2020-10-12,,,2809.0,6.0
10695,California,US,2020-10-14 04:30:28,36.1162,-119.6816,864779,16721,,844666.0,6.0,2179.8571039650187,16333717.0,,1.9324052896169788,84000006.0,USA,41338.39040137023,,2020-10-13,,,3510.0,60.0
10753,California,US,2020-10-15 04:30:37,36.1162,-119.6816,868727,16813,,848475.0,6.0,2189.7122821968287,16425487.0,,1.9335324385925168,84000006.0,USA,41570.64764490725,,2020-10-14,,,3948.0,92.0
10811,California,US,2020-10-16 04:30:37,36.1162,-119.6816,871801,16907,,851316.0,6.0,2197.1631411373637,16517812.0,,1.9388399213037408,84000006.0,USA,41804.30951708285,,2020-10-15,,,3074.0,94.0
10869,California,US,2020-10-17 04:30:24,36.1162,-119.6816,875002,16990,,854343.0,6.0,2205.0214689262107,16621956.0,,1.940882843445016,84000006.0,USA,42067.88365210431,,2020-10-16,,,3201.0,83.0
10927,California,US,2020-10-18 04:30:24,36.1162,-119.6816,877459,17029,,856658.0,6.0,2210.996835080628,16756711.0,,1.940902961719936,84000006.0,USA,42408.93001641543,,2020-10-17,,,2457.0,39.0
10985,California,US,2020-10-19 04:30:24,36.1162,-119.6816,879455,17055,,858713.0,6.0,2216.2559671724875,16892062.0,,1.9389237311748884,84000006.0,USA,42751.48477472401,,2020-10-18,,,1996.0,26.0
11043,California,US,2020-10-20 04:30:29,36.1162,-119.6816,883478,17059,,862663.0,6.0,2226.260466286597,17042408.0,,1.93055152931012,84000006.0,USA,43131.98981489855,,2020-10-19,,,4023.0,4.0
11101,California,US,2020-10-21 04:30:32,36.1162,-119.6816,887581,17130,,866691.0,6.0,2236.6395330376627,17189070.0,,1.929853147850174,84000006.0,USA,43503.171157947756,,2020-10-20,,,4103.0,71.0
11159,California,US,2020-10-22 04:30:36,36.1162,-119.6816,890889,17213,,869772.0,6.0,2244.7205767187534,17293139.0,,1.9355333343104768,84000006.0,USA,43766.555478288334,,2020-10-21,,,3308.0,83.0
11217,California,US,2020-10-23 04:30:40,36.1162,-119.6816,897337,17328,,876108.0,6.0,2260.9813677149978,17358770.0,,1.93157548322968,84000006.0,USA,43932.658509241555,,2020-10-22,,,6448.0,115.0
11275,California,US,2020-10-24 04:30:33,36.1162,-119.6816,902941,17384,,881494.0,6.0,2274.7366049234947,17483293.0,,1.9253470464475373,84000006.0,USA,44247.80908935445,,2020-10-23,,,5604.0,56.0
11333,California,US,2020-10-25 04:30:24,36.1162,-119.6816,907637,17421,,886341.0,6.0,2287.0998678054634,17609179.0,,1.9191443026544681,84000006.0,USA,44566.40923493472,,2020-10-24,,,4696.0,37.0
11391,California,US,2020-10-26 04:30:38,36.1162,-119.6816,910475,17439,,889238.0,6.0,2294.46973914882,17787885.0,,1.91463452298488,84000006.0,USA,45018.68953310978,,2020-10-25,,,2838.0,18.0
11449,California,US,2020-10-27 04:30:25,36.1162,-119.6816,914421,17467,,893052.0,6.0,2304.193312535212,17982829.0,,1.9096303098069285,84000006.0,USA,45512.06597512876,,2020-10-26,,,3946.0,28.0
11507,California,US,2020-10-28 04:30:37,36.1162,-119.6816,918894,17544,,897428.0,6.0,2315.4556502680202,18127049.0,,1.908430321525695,84000006.0,USA,45877.066952168185,,2020-10-27,,,4473.0,77.0
11565,California,US,2020-10-29 04:30:35,36.1162,-119.6816,923355,17610,,901747.0,6.0,2326.561074531291,18223596.0,,1.9068266766455344,84000006.0,USA,46121.414125446696,,2020-10-28,,,4461.0,66.0
11623,California,US,2020-10-30 04:30:29,36.1162,-119.6816,927754,17642,,906089.0,6.0,2337.626004995973,18323771.0,,1.901048884423504,84000006.0,USA,46374.943267555456,,2020-10-29,,,4399.0,32.0
11681,California,US,2020-10-31 04:30:34,36.1162,-119.6816,932233,17695,,910410.0,6.0,2348.71118235995,18444523.0,,1.8984340989711517,84000006.0,USA,46680.5499655132,,2020-10-30,,,4479.0,53.0
11739,California,US,2020-11-01 04:39:05,36.1162,-119.6816,936325,17738,,914484.0,6.0,2359.1256811847816,18602317.0,,1.8944518169422504,84000006.0,USA,47079.90486893132,,2020-10-31,,,4092.0,43.0
11797,California,US,2020-11-02 05:30:37,36.1162,-119.6816,940200,17751,,918207.0,6.0,2368.5784522931044,18743315.0,,1.8881734585063439,84000006.0,USA,47436.75140727972,,2020-11-01,,,3875.0,13.0
11855,California,US,2020-11-03 06:00:57,36.1162,-119.6816,945821,17778,,922722.0,6.0,2380.0508516060972,18912501.0,,1.8809860794907758,84000006.0,USA,47864.93789529382,,2020-11-02,,,5621.0,27.0
11913,California,US,2020-11-04 05:30:25,36.1162,-119.6816,950944,17830,,927656.0,6.0,2392.6798550413127,19074921.0,,1.8769813021141293,84000006.0,USA,48276.000568229225,,2020-11-03,,,5123.0,52.0
11971,California,US,2020-11-05 06:05:43,36.1162,-119.6816,956520,17891,,933112.0,6.0,2406.647684692405,19181012.0,,1.872712741345224,84000006.0,USA,48544.50229236659,,2020-11-04,,,5576.0,61.0
12029,California,US,2020-11-06 05:30:35,36.1162,-119.6816,963049,17947,,938994.0,6.0,2421.665822244423,19266363.0,,1.866533452334421,84000006.0,USA,48760.513930081834,,2020-11-05,,,6529.0,56.0
12087,California,US,2020-11-07 05:30:37,36.1162,-119.6816,969497,18020,,945280.0,6.0,2437.754514596661,19396349.0,,1.8615858830515848,84000006.0,USA,49089.49061155076,,2020-11-06,,,6448.0,73.0
12145,California,US,2020-11-08 05:30:26,36.1162,-119.6816,974535,18047,,951401.0,6.0,2453.321849292053,19565151.0,,1.8528681751502527,84000006.0,USA,49516.70524839871,,2020-11-07,,,5038.0,27.0
12203,California,US,2020-11-09 05:30:38,36.1162,-119.6816,980738,18063,,954740.0,6.0,2461.802769234219,19565151.0,,1.8477187001715816,84000006.0,USA,49516.70524839871,,2020-11-08,,,6203.0,16.0
12261,California,US,2020-11-10 05:42:01,36.1162,-119.6816,987844,18122,,963276.0,6.0,2483.527692177684,,,,84000006.0,USA,50410.929802658786,,2020-11-09,19918479.0,1.8364470695416373,7106.0,59.0
12319,California,US,2020-11-11 05:30:39,36.1162,-119.6816,996453,18162,,971366.0,6.0,2504.116257898221,,,,84000006.0,USA,50856.77158685806,,2020-11-10,20094641.0,1.825896069664212,8609.0,40.0
12377,California,US,2020-11-12 05:30:39,36.1162,-119.6816,1001880,18197,,977467.0,6.0,2519.6633456943187,,,,84000006.0,USA,51179.33506297533,,2020-11-11,20222093.0,1.8188484041885344,5427.0,35.0
12435,California,US,2020-11-13 05:30:30,36.1162,-119.6816,1011951,18227,,985981.0,6.0,2541.279441554073,,,,84000006.0,USA,51482.985404288695,,2020-11-12,20342072.0,1.8060662313915925,10071.0,30.0
12493,California,US,2020-11-14 05:30:30,36.1162,-119.6816,1021804,18304,,995361.0,6.0,2565.1960913462144,,,,84000006.0,USA,51828.265901414874,,2020-11-13,20478500.0,1.7961336508919992,9853.0,77.0
12551,California,US,2020-11-15 05:30:30,36.1162,-119.6816,1030034,18342,,1004814.0,6.0,2589.241815121361,,,,84000006.0,USA,52316.9653096967,,2020-11-14,20671596.0,1.7841451244151163,8230.0,38.0
12609,California,US,2020-11-16 05:30:30,36.1162,-119.6816,1038776,18352,,1013833.0,6.0,2612.090440975695,,,,84000006.0,USA,52810.96181300657,,2020-11-15,20866785.0,1.7694107616062476,8742.0,10.0
12667,California,US,2020-11-17 05:30:30,36.1162,-119.6816,1050688,18393,,1023402.0,6.0,2636.374065817557,,,,84000006.0,USA,53322.47188420656,,2020-11-16,21068894.0,1.7556086743656942,11912.0,41.0
12725,California,US,2020-11-18 05:42:00,36.1162,-119.6816,1062095,18450,,1033938.0,6.0,2663.188553071286,,,,84000006.0,USA,53803.796359420216,,2020-11-17,21259076.0,1.7435390602355825,11407.0,57.0
12783,California,US,2020-11-19 05:30:29,36.1162,-119.6816,1074204,18540,,1045587.0,6.0,2692.938840722781,,,,84000006.0,USA,54207.385395653386,,2020-11-18,21418543.0,1.7342393143114918,12109.0,90.0
12841,California,US,2020-11-20 05:30:34,36.1162,-119.6816,1088201,18644,,1058632.0,6.0,2726.17918764024,,,,84000006.0,USA,54546.482995907376,,2020-11-19,21552528.0,1.7213560668935566,13997.0,104.0
12899,California,US,2020-11-21 05:30:30,36.1162,-119.6816,1101494,18741,,1071110.0,6.0,2758.007313331877,,,,84000006.0,USA,54997.03471505514,,2020-11-20,21730551.0,1.7104840559761414,13293.0,97.0
12957,California,US,2020-11-22 05:30:30,36.1162,-119.6816,1115122,18803,,1086763.0,6.0,2797.7038902620093,,,,84000006.0,USA,55607.68372865277,,2020-11-21,21971832.0,1.6891088123679818,13628.0,62.0
13015,California,US,2020-11-23 05:30:34,36.1162,-119.6816,1123987,18820,,1095798.0,6.0,2820.706898723466,,,,84000006.0,USA,56279.56948916794,,2020-11-22,22237309.0,1.6801791616869624,8865.0,17.0
13073,California,US,2020-11-24 05:30:26,36.1162,-119.6816,1141930,18878,,1109466.0,6.0,2855.3670594539813,,,,84000006.0,USA,56836.95397244544,,2020-11-23,22457544.0,1.662177290047411,17943.0,58.0
13131,California,US,2020-11-25 05:30:40,36.1162,-119.6816,1159318,18978,,1126347.0,6.0,2898.3664118315996,,,,84000006.0,USA,57555.26081131907,,2020-11-24,22741363.0,1.6470356066010658,17388.0,100.0
13189,California,US,2020-11-26 05:30:40,36.1162,-119.6816,1173797,19081,,1141972.0,6.0,2938.179408432677,,,,84000006.0,USA,57982.946188575625,,2020-11-25,22910351.0,1.6338484331662273,14479.0,103.0
13247,California,US,2020-11-27 05:30:26,36.1162,-119.6816,1181614,19122,,1152777.0,6.0,2965.669635950374,,,,84000006.0,USA,58454.68375697312,,2020-11-26,23096745.0,1.6235678041170778,7817.0,41.0
13305,California,US,2020-11-28 05:30:35,36.1162,-119.6816,1198409,19184,,1166487.0,6.0,3000.529734811428,,,,84000006.0,USA,59009.380464369206,,2020-11-27,23315918.0,1.6101034433895425,16795.0,62.0
13363,California,US,2020-11-29 05:30:26,36.1162,-119.6816,1212263,19227,,1181508.0,6.0,3038.6141523852,,,,84000006.0,USA,59660.48025189572,,2020-11-28,23573182.0,1.5921720705233278,13854.0,43.0
13421,California,US,2020-11-30 05:30:26,36.1162,-119.6816,1226219,19247,,1196304.0,6.0,3076.149372815597,,,,84000006.0,USA,60253.509401381954,,2020-11-29,23807501.0,1.5756239432969543,13956.0,20.0
13479,California,US,2020-12-01 05:30:26,36.1162,-119.6816,1244952,19308,,1211091.0,6.0,3113.628914272933,,,,84000006.0,USA,60804.402222573,,2020-11-30,24025171.0,1.5584459920797489,18733.0,61.0
13537,California,US,2020-12-02 05:30:41,36.1162,-119.6816,1262927,19422,,1226738.0,6.0,3153.560861407368,,,,84000006.0,USA,61148.95889304938,,2020-12-01,24161313.0,1.5492254675203565,17975.0,114.0
13595,California,US,2020-12-03 05:30:41,36.1162,-119.6816,1282173,19530,,1245772.0,6.0,3202.0015679704993,,,,84000006.0,USA,61497.74463461598,,2020-12-02,24299126.0,1.5341666258293274,19246.0,108.0
13653,California,US,2020-12-04 05:30:41,36.1162,-119.6816,1305611,19680,,1266997.0,6.0,3256.0810359872694,,,,84000006.0,USA,61941.951481697186,,2020-12-03,24474642.0,1.5198010182270414,23438.0,150.0
13711,California,US,2020-12-05 05:30:31,36.1162,-119.6816,1330683,19906,,1290573.0,6.0,3316.206734305989,,,,84000006.0,USA,62450.239765046885,,2020-12-04,24675478.0,1.5060592670267352,25072.0,226.0
13769,California,US,2020-12-06 05:30:26,36.1162,-119.6816,1356263,19998,,1318071.0,6.0,3386.144586195517,,,,84000006.0,USA,63023.47250874747,,2020-12-05,24901975.0,1.4851178041483144,25580.0,92.0
13827,California,US,2020-12-07 05:30:36,36.1162,-119.6816,1383556,20047,,1346745.0,6.0,3458.8613250132757,,,,84000006.0,USA,63765.194886655714,,2020-12-06,25195046.0,1.458139584231195,27293.0,49.0
13885,California,US,2020-12-08 05:30:26,36.1162,-119.6816,1412484,20153,,1370813.0,6.0,3519.9943065719176,,,,84000006.0,USA,64520.16379842764,,2020-12-07,25493351.0,1.4390708268743508,28928.0,106.0
13943,California,US,2020-12-09 05:30:36,36.1162,-119.6816,1440537,20363,,1395191.0,6.0,3582.1725343066632,,,,84000006.0,USA,65270.37215800285,,2020-12-08,25789775.0,1.42751569172161,28053.0,210.0
14001,California,US,2020-12-10 05:30:26,36.1162,-119.6816,1473446,20562,,1428576.0,6.0,3667.186733583681,,,,84000006.0,USA,65908.8986210672,,2020-12-09,26042071.0,1.408639276956936,32909.0,199.0
14059,California,US,2020-12-11 05:30:31,36.1162,-119.6816,1509057,20737,,1461948.0,6.0,3752.1325995755797,,,,84000006.0,USA,66623.26237630313,,2020-12-10,26324332.0,1.3896992413751703,35611.0,175.0
14117,California,US,2020-12-12 05:30:32,36.1162,-119.6816,1546199,20956,,1495428.0,6.0,3837.331551808664,,,,84000006.0,USA,67250.94409393266,,2020-12-11,26572343.0,1.3709797093420129,37142.0,219.0
14175,California,US,2020-12-13 05:30:42,36.1162,-119.6816,1575719,21075,,1528218.0,6.0,3920.751307766208,,,,84000006.0,USA,68045.09581756513,,2020-12-12,26886130.0,1.3528482238299586,29520.0,119.0
14233,California,US,2020-12-14 05:30:41,36.1162,-119.6816,1607328,21144,,1564338.0,6.0,4012.37358880061,,,,84000006.0,USA,68828.28890695419,,2020-12-13,27195587.0,1.327128293693996,31609.0,69.0
14291,California,US,2020-12-15 05:30:31,36.1162,-119.6816,1632907,21236,,1590349.0,6.0,4078.467060686512,,,,84000006.0,USA,69730.41987538894,,2020-12-14,27552039.0,1.3120751998302196,25579.0,92.0
14349,California,US,2020-12-16 05:30:42,36.1162,-119.6816,1675929,21602,,1623322.0,6.0,4162.615705018672,,,,84000006.0,USA,70472.03089535104,,2020-12-15,27845066.0,1.3023319158871118,43022.0,366.0
14407,California,US,2020-12-17 05:30:43,36.1162,-119.6816,1738097,21936,,1686742.0,6.0,4324.127751556778,,,,84000006.0,USA,71242.73924046237,,2020-12-16,28149590.0,1.2769240043802994,62168.0,334.0
14465,California,US,2020-12-18 05:30:33,36.1162,-119.6816,1784859,22257,,1731880.0,6.0,4439.06686799171,,,,84000006.0,USA,72019.12684082593,,2020-12-17,28456358.0,1.2596537919034148,46762.0,321.0
14523,California,US,2020-12-19 05:30:27,36.1162,-119.6816,1833771,22544,,1779825.0,6.0,4561.1075843543385,,,,84000006.0,USA,72739.58491274966,,2020-12-18,28741027.0,1.241264125136292,48912.0,287.0
14581,California,US,2020-12-20 05:30:33,36.1162,-119.6816,1869881,22702,,1819975.0,6.0,4663.258253022109,,,,84000006.0,USA,73679.09671900769,,2020-12-19,29112249.0,1.2255794529015926,36110.0,158.0
14639,California,US,2020-12-21 05:30:38,36.1162,-119.6816,1909406,22783,,1861358.0,6.0,4768.228302416698,,,,84000006.0,USA,74572.29121226614,,2020-12-20,29465170.0,1.203535182239377,39525.0,81.0
14697,California,US,2020-12-22 05:30:44,36.1162,-119.6816,1954347,23012,,1901050.0,6.0,4869.093292979238,,,,84000006.0,USA,75572.57408675793,,2020-12-21,29860404.0,1.187023978019499,44941.0,229.0
14755,California,US,2020-12-23 05:30:33,36.1162,-119.6816,1990644,23395,,1935269.0,6.0,4956.71428054048,,,,84000006.0,USA,76407.19683121852,,2020-12-22,30190182.0,1.1865665087913861,36297.0,383.0
14813,California,US,2020-12-24 05:30:27,36.1162,-119.6816,2035301,23744,,1978936.0,6.0,5068.036794588854,,,,84000006.0,USA,77111.7332477092,,2020-12-23,30468560.0,1.1764329880638844,44657.0,349.0
14871,California,US,2020-12-25 05:30:37,36.1162,-119.6816,2068468,24044,,2016307.0,6.0,5163.4351223417625,,,,84000006.0,USA,77874.00116667696,,2020-12-24,30769749.0,1.1705293825863106,33167.0,300.0
14929,California,US,2020-12-26 05:30:27,36.1162,-119.6816,2085231,24104,,2036839.0,6.0,5215.593665787926,,,,84000006.0,USA,78625.95075959152,,2020-12-25,31066861.0,1.1625599222048555,16763.0,60.0
14987,California,US,2020-12-27 05:30:43,36.1162,-119.6816,2144654,24342,,2096392.0,6.0,5366.9721392289175,,,,84000006.0,USA,79586.87113099154,,2020-12-26,31446542.0,1.1420298876266737,59423.0,238.0
15045,California,US,2020-12-28 05:30:44,36.1162,-119.6816,2178934,24403,,2132107.0,6.0,5457.5238654631,,,,84000006.0,USA,80548.98860031237,,2020-12-27,31826696.0,1.1260491497591576,34280.0,61.0
15103,California,US,2020-12-29 05:30:33,36.1162,-119.6816,2222669,24660,,2168265.0,6.0,5549.3815167018065,,,,84000006.0,USA,81312.85349346201,,2020-12-28,32128516.0,1.1136579643943223,43735.0,257.0
15161,California,US,2020-12-30 05:30:45,36.1162,-119.6816,2258759,25102,,2203415.0,6.0,5639.601699960035,,,,84000006.0,USA,81935.33175797273,,2020-12-29,32374471.0,1.1181906466361389,36090.0,442.0
15219,California,US,2020-12-31 05:30:27,36.1162,-119.6816,2291414,25532,,2235701.0,6.0,5722.368493415316,,,,84000006.0,USA,82564.51680787487,,2020-12-30,32623076.0,1.1204603201631111,32655.0,430.0
15277,California,US,2021-01-01 05:30:27,36.1162,-119.6816,2325599,26132,,2265110.0,6.0,5798.223501623788,,,,84000006.0,USA,83152.70441756719,,2020-12-31,32855482.0,1.1303762930449361,34185.0,600.0
15335,California,US,2021-01-02 05:30:44,36.1162,-119.6816,2365024,26504,,2309915.0,6.0,5912.603297465698,,,,84000006.0,USA,83666.03670970372,,2021-01-01,33058311.0,1.1251600354592777,39425.0,372.0
15393,California,US,2021-01-03 05:30:33,36.1162,-119.6816,2415246,26696,,2362015.0,6.0,6045.109129901398,,,,84000006.0,USA,84509.14543583133,,2021-01-02,33391442.0,1.1112148464533191,50222.0,192.0
15451,California,US,2021-01-04 05:30:45,36.1162,-119.6816,2452262,26788,,2400292.0,6.0,6142.225913231964,,,,84000006.0,USA,85575.50912789695,,2021-01-03,33812786.0,1.0976006724545002,37016.0,92.0
15509,California,US,2021-01-05 05:30:33,36.1162,-119.6816,2490518,27160,,2431220.0,6.0,6221.112894609852,,,,84000006.0,USA,86370.77443099063,,2021-01-04,34127013.0,1.0935275212562547,38256.0,372.0
15567,California,US,2021-01-06 05:30:39,36.1162,-119.6816,2529480,27684,,2468414.0,6.0,6316.5618396109985,,,,84000006.0,USA,86886.49079551914,,2021-01-05,34330784.0,1.0978382203160972,38962.0,524.0
15625,California,US,2021-01-07 05:30:38,36.1162,-119.6816,2567843,28240,,2502931.0,6.0,6405.250851110048,,,,84000006.0,USA,87437.80627073298,,2021-01-06,34548621.0,1.1034206989964268,38363.0,556.0
15683,California,US,2021-01-08 09:30:35,36.1162,-119.6816,2609088,28746,,2547789.0,6.0,6520.400029125165,,,,84000006.0,USA,87973.67589264721,,2021-01-07,34760355.0,1.108775770419837,41245.0,506.0
15741,California,US,2021-01-09 05:30:45,36.1162,-119.6816,2653925,29306,,2590723.0,6.0,6630.426741618663,,,,84000006.0,USA,88649.35288505533,,2021-01-08,35027330.0,1.110988541618556,44837.0,560.0
15799,California,US,2021-01-10 09:30:31,36.1162,-119.6816,2704483,29890,,2645555.0,6.0,6770.720037695677,,,,84000006.0,USA,89475.47193181209,,2021-01-09,35353748.0,1.1104332958790577,50558.0,584.0
15857,California,US,2021-01-11 09:30:28,36.1162,-119.6816,2744008,30187,,2687858.0,6.0,6878.534776441204,,,,84000006.0,USA,90672.76219816839,,2021-01-10,35826824.0,1.10395597716146,39525.0,297.0
15915,California,US,2021-01-12 09:30:29,36.1162,-119.6816,2784716,30670,,2727541.0,6.0,6980.171680039364,,,,84000006.0,USA,91542.62973257668,,2021-01-11,36170528.0,1.1051402436747215,40708.0,483.0
15973,California,US,2021-01-13 09:30:45,36.1162,-119.6816,2832085,31345,,2773506.0,6.0,7098.216164653657,,,,84000006.0,USA,92397.69678360038,,2021-01-12,36508384.0,1.1108999548252319,47369.0,675.0
16031,California,US,2021-01-14 09:30:29,36.1162,-119.6816,2870104,31871,,2811378.0,6.0,7195.398750406931,,,,84000006.0,USA,93243.68056942783,,2021-01-13,36842651.0,1.1144322564896578,38019.0,526.0
16089,California,US,2021-01-15 09:30:46,36.1162,-119.6816,2910044,32517,,2851381.0,6.0,7298.245406237963,,,,84000006.0,USA,93971.8476482581,,2021-01-14,37130366.0,1.120713361554032,39940.0,646.0
16147,California,US,2021-01-16 09:30:46,36.1162,-119.6816,2948054,33192,,2889688.0,6.0,7396.926262539063,,,,84000006.0,USA,94779.62300425363,,2021-01-15,37449536.0,1.1291652552956353,38010.0,675.0
16205,California,US,2021-01-17 09:30:45,36.1162,-119.6816,2983149,33574,,2926455.0,6.0,7491.0060109753895,,,,84000006.0,USA,95672.3062633049,,2021-01-16,37802255.0,1.1287008891965609,35095.0,382.0
16263,California,US,2021-01-18 09:30:43,36.1162,-119.6816,3014428,33810,,2958116.0,6.0,7571.659534316762,,,,84000006.0,USA,96751.36476122844,,2021-01-17,38228615.0,1.12359700788607,31279.0,236.0
16321,California,US,2021-01-19 09:30:34,36.1162,-119.6816,3043005,33961,,2986012.0,6.0,7642.592015134152,,,,84000006.0,USA,97832.39986269565,,2021-01-18,38655756.0,1.1175067670985557,28577.0,151.0
16379,California,US,2021-01-20 09:30:27,36.1162,-119.6816,3078551,34656,,3021127.0,6.0,7733.222198103103,,,,84000006.0,USA,98765.7490189808,,2021-01-19,39024543.0,1.1271554094034235,35546.0,695.0
16437,California,US,2021-01-21 08:30:39,36.1162,-119.6816,3097632,35277,,3039752.0,6.0,7781.9261143570675,,,,84000006.0,USA,99433.4411404795,,2021-01-20,39288363.0,1.140232313390217,19081.0,621.0
16495,California,US,2021-01-22 05:30:39,36.1162,-119.6816,3122705,36036,,3060265.0,6.0,7835.0792867310965,,,,84000006.0,USA,100001.34894966552,,2021-01-21,39512756.0,1.1482925007768554,25073.0,759.0
16553,California,US,2021-01-23 08:30:39,36.1162,-119.6816,3147207,36615,,3088058.0,6.0,7907.477136884959,,,,84000006.0,USA,100540.63270497337,,2021-01-22,39725839.0,1.1638000012802376,24502.0,579.0
16611,California,US,2021-01-24 08:30:39,36.1162,-119.6816,3168028,37101,,3110889.0,6.0,7966.484194017634,,,,84000006.0,USA,101158.87177494416,,2021-01-23,39970119.0,1.1705559711983378,20821.0,486.0
16669,California,US,2021-01-25 08:30:35,36.1162,-119.6816,3187475,37376,,3131407.0,6.0,8019.108416147579,,,,84000006.0,USA,101957.6018286797,,2021-01-24,40285715.0,1.1715534784606605,19447.0,275.0
16727,California,US,2021-01-26 08:30:28,36.1162,-119.6816,3213222,37800,,3175679.0,6.0,8132.222780783556,,,,84000006.0,USA,102978.02783710753,,2021-01-25,40688908.0,1.1683911040071306,25747.0,424.0
16785,California,US,2021-01-27 08:30:30,36.1162,-119.6816,3235045,38496,,3196777.0,6.0,8187.453791197727,,,,84000006.0,USA,103792.6162747158,,2021-01-26,41010770.0,1.1829201757626246,21823.0,696.0
16843,California,US,2021-01-28 05:30:28,36.1162,-119.6816,3251292,39050,,3211832.0,6.0,8226.945368272496,,,,84000006.0,USA,104404.35609001297,,2021-01-27,41252482.0,1.1941307720396757,16247.0,554.0
16901,California,US,2021-01-29 08:30:32,36.1162,-119.6816,3273905,39817,,3234331.0,6.0,8285.803104522869,,,,84000006.0,USA,104956.46878688653,,2021-01-28,41470634.0,1.2087705660365833,22613.0,767.0
16959,California,US,2021-01-30 08:30:40,36.1162,-119.6816,3293531,40497,,3253293.0,6.0,8335.473810218171,,,,84000006.0,USA,105479.77773865065,,2021-01-29,41677405.0,1.2217282910043965,19626.0,680.0
17017,California,US,2021-01-31 08:30:39,36.1162,-119.6816,3310949,40976,,3270247.0,6.0,8379.556371708066,,,,84000006.0,USA,106246.7581234293,,2021-01-30,41980456.0,1.2293152205002251,17418.0,479.0
17075,California,US,2021-02-01 08:30:40,36.1162,-119.6816,3324264,41211,,3283336.0,6.0,8413.254804722073,,,,84000006.0,USA,107002.37746684108,,2021-01-31,42279018.0,1.2311898212656998,13315.0,235.0
17133,California,US,2021-02-02 08:30:40,36.1162,-119.6816,3342647,41702,,3301245.0,6.0,8459.77964843942,,,,84000006.0,USA,107736.77046720454,,2021-02-01,42569193.0,1.2385992298917594,18383.0,491.0
17191,California,US,2021-02-03 08:30:42,36.1162,-119.6816,3355781,42157,,3313879.0,6.0,8493.019995356879,,,,84000006.0,USA,108452.24020931445,,2021-02-02,42851891.0,1.2486512081688286,13134.0,455.0
17249,California,US,2021-02-04 08:30:28,36.1162,-119.6816,3368281,42762,,3325797.0,6.0,8524.655775505214,,,,84000006.0,USA,108997.2411828107,,2021-02-03,43067233.0,1.2612961923307469,12500.0,605.0
17307,California,US,2021-02-05 08:30:29,36.1162,-119.6816,3382932,43387,,3339812.0,6.0,8561.735440701475,,,,84000006.0,USA,109422.66396907103,,2021-02-04,43235327.0,1.274633956579677,14651.0,625.0
17365,California,US,2021-02-06 08:30:40,36.1162,-119.6816,3399745,44019,,3356055.0,6.0,8604.286830432193,,,,84000006.0,USA,109923.21034430283,,2021-02-05,43433104.0,1.2850963822286672,16813.0,632.0
17423,California,US,2021-02-07 08:30:40,36.1162,-119.6816,3408241,44361,,3364250.0,6.0,8625.789037483413,,,,84000006.0,USA,110647.16606807976,,2021-02-06,43719155.0,1.2907244528775987,8496.0,342.0
17481,California,US,2021-02-08 08:30:45,36.1162,-119.6816,3417982,44594,,3373827.0,6.0,8650.442168237409,,,,84000006.0,USA,111343.57588536589,,2021-02-07,43994322.0,1.2918441349310792,9741.0,233.0
17539,California,US,2021-02-09 08:30:43,36.1162,-119.6816,3432088,44940,,3387594.0,6.0,8686.1425134192,,,,84000006.0,USA,112176.80665550001,,2021-02-08,44323550.0,1.2964119801123979,14106.0,346.0
17597,California,US,2021-02-10 08:30:40,36.1162,-119.6816,3442672,45454,,3397663.0,6.0,8712.929161186401,,,,84000006.0,USA,112834.20829043206,,2021-02-09,44583304.0,1.3073856585814738,10584.0,514.0
17655,California,US,2021-02-11 08:30:52,36.1162,-119.6816,3451176,45925,,3405680.0,6.0,8734.451615136915,,,,84000006.0,USA,113308.23122758749,,2021-02-10,44770601.0,1.3182752777603923,8504.0,471.0
17713,California,US,2021-02-12 08:30:43,36.1162,-119.6816,3461753,46475,,3415731.0,6.0,8761.220546867231,,,,84000006.0,USA,113696.41490431961,,2021-02-11,44923981.0,1.3294420485805891,10577.0,550.0
17771,California,US,2021-02-13 08:31:01,36.1162,-119.6816,3471311,46932,,3424845.0,6.0,8785.410529799854,,,,84000006.0,USA,114206.2824458143,,2021-02-12,45125441.0,1.3385720841491875,9558.0,457.0
17829,California,US,2021-02-14 08:31:01,36.1162,-119.6816,3480228,47349,,3433354.0,6.0,8807.978229926472,,,,84000006.0,USA,114930.60514464095,,2021-02-13,45411637.0,1.346865780058088,8917.0,417.0
17887,California,US,2021-02-15 08:30:38,36.1162,-119.6816,3485841,47564,,3438784.0,6.0,8822.183960644279,,,,84000006.0,USA,115668.55400669307,,2021-02-14,45703217.0,1.349946827752614,5613.0,215.0
17945,California,US,2021-02-16 08:31:10,36.1162,-119.6816,3491392,47630,,3444273.0,6.0,8836.232777892552,,,,84000006.0,USA,116328.88131857324,,2021-02-15,45964127.0,1.349576329441094,5551.0,66.0
18003,California,US,2021-02-17 08:30:41,36.1162,-119.6816,3499871,48037,,3452361.0,6.0,8857.691960282771,,,,84000006.0,USA,116996.01158861653,,2021-02-16,46227725.0,1.3574786042114124,8479.0,407.0
18061,California,US,2021-02-18 08:30:52,36.1162,-119.6816,3506402,48457,,3458466.0,6.0,8874.221022694674,,,,84000006.0,USA,117393.88087579884,,2021-02-17,46384932.0,1.3670993799341888,6531.0,420.0
18119,California,US,2021-02-19 08:30:54,36.1162,-119.6816,3512396,48824,,3463829.0,6.0,8888.611506368548,,,,84000006.0,USA,117695.87097137005,,2021-02-18,46504255.0,1.3740828817501156,5994.0,367.0
18177,California,US,2021-02-20 08:30:31,36.1162,-119.6816,3521225,49380,,3472389.0,6.0,8911.735996225776,,,,84000006.0,USA,117992.9916876608,,2021-02-19,46621654.0,1.3869037053866198,8829.0,556.0
18235,California,US,2021-02-21 08:31:19,36.1162,-119.6816,3527338,49680,,3478218.0,6.0,8927.207158149517,,,,84000006.0,USA,118479.47912219467,,2021-02-20,46813876.0,1.3925515502058492,6113.0,300.0
18293,California,US,2021-02-22 08:30:43,36.1162,-119.6816,3531846,49936,,3482501.0,6.0,8938.616285902213,,,,84000006.0,USA,119060.24118157054,,2021-02-21,47043348.0,1.3971447226181437,4508.0,256.0
18351,California,US,2021-02-23 08:30:54,36.1162,-119.6816,3536946,50151,,3487405.0,6.0,8951.523684202733,,,,84000006.0,USA,119762.43908119267,,2021-02-22,47320802.0,1.4006716528892442,5100.0,215.0
18409,California,US,2021-02-24 08:30:30,36.1162,-119.6816,3543340,50496,,3493452.0,6.0,8967.706018464209,,,,84000006.0,USA,120249.79460153381,,2021-02-23,47513367.0,1.4079371440505286,6394.0,345.0
18467,California,US,2021-02-25 08:30:46,36.1162,-119.6816,3549090,51582,,3498118.0,6.0,8982.258477332445,,,,84000006.0,USA,120601.09095861301,,2021-02-24,47652172.0,1.436199138370681,5750.0,1086.0
18525,California,US,2021-02-26 08:30:29,36.1162,-119.6816,3554629,52082,,3503234.0,6.0,8996.276924231775,,,,84000006.0,USA,121011.06029898649,,2021-02-25,47814160.0,1.4458611573809812,5539.0,500.0
18583,California,US,2021-02-27 05:30:48,36.1162,-119.6816,3559682,52435,,3507517.0,6.0,9008.126422044135,,,,84000006.0,USA,121470.19923429767,,2021-02-26,47995576.0,1.455169272929508,5053.0,353.0
18641,California,US,2021-02-28 05:30:29,36.1162,-119.6816,3564094,52599,,3511625.0,6.0,9018.925611955572,,,,84000006.0,USA,122036.89476038846,,2021-02-27,48219490.0,1.4578886725644844,4412.0,164.0
18699,California,US,2021-03-01 05:30:39,36.1162,-119.6816,3567582,52835,,3514756.0,6.0,9027.36856896156,,,,84000006.0,USA,122668.638512189,,2021-02-28,48469106.0,1.4622724293324705,3488.0,236.0
18757,California,US,2021-03-02 08:30:59,36.1162,-119.6816,3573549,53146,,3521058.0,6.0,9044.160841064295,,,,84000006.0,USA,123285.0806698474,,2021-03-01,48712676.0,1.4688758990012452,5967.0,311.0
18815,California,US,2021-03-03 08:31:00,36.1162,-119.6816,3577966,53449,,3525168.0,6.0,9055.339660337511,,,,84000006.0,USA,123752.0602169106,,2021-03-02,48897190.0,1.475642865248021,4417.0,303.0
18873,California,US,2021-03-04 08:31:01,36.1162,-119.6816,3582320,53728,,3529237.0,6.0,9066.35903527878,,,,84000006.0,USA,124083.24381040268,,2021-03-03,49028048.0,1.4818050872060564,4354.0,279.0
18931,California,US,2021-03-05 08:30:53,36.1162,-119.6816,3587567,54108,,3534101.0,6.0,9079.638470353844,,,,84000006.0,USA,124386.02859677117,,2021-03-04,49147685.0,1.490313630379586,5247.0,380.0
18989,California,US,2021-03-06 08:31:06,36.1162,-119.6816,3592560,54495,,3538706.0,6.0,9092.275066376296,,,,84000006.0,USA,124757.60475435664,,2021-03-05,49294503.0,1.4990424655398935,4993.0,387.0
19047,California,US,2021-03-07 08:30:37,36.1162,-119.6816,3596760,54771,,3542626.0,6.0,9102.904688506136,,,,84000006.0,USA,124757.60475435664,,2021-03-06,49294503.0,1.5050767913344232,4200.0,276.0
19105,California,US,2021-03-08 05:31:09,36.1162,-119.6816,3599311,54858,,,6.0,9109.206535911684,,,,84000006.0,USA,125647.23073161436,,2021-03-07,49646014.0,1.5064249496422866,2551.0,87.0
19163,California,US,2021-03-09 05:30:55,36.1162,-119.6816,3602445,54950,,,6.0,9117.128135260828,,,,84000006.0,USA,125647.23073161436,,2021-03-08,49646014.0,1.507780967027354,3134.0,92.0
19221,California,US,2021-03-10 08:30:50,36.1162,-119.6816,3607891,55259,,,6.0,9131.075718012626,,,,84000006.0,USA,126346.97622555935,,2021-03-09,49922499.0,1.5141255653233427,5446.0,309.0
19279,California,US,2021-03-11 08:31:04,36.1162,-119.6816,3611295,55515,,,6.0,9139.690773662622,,,,84000006.0,USA,126897.0136152552,,2021-03-10,50139831.0,1.519953368528464,3404.0,256.0
19337,California,US,2021-03-12 08:31:09,36.1162,-119.6816,3614852,55776,,,6.0,9148.693051261629,,,,84000006.0,USA,127109.96037858966,,2021-03-11,50223971.0,1.5259269259156392,3557.0,261.0
19395,California,US,2021-03-13 08:31:17,36.1162,-119.6816,3618976,56122,,,6.0,9158.626686228208,,,,84000006.0,USA,127343.25527571555,,2021-03-12,50316151.0,1.5341370855402254,4124.0,346.0
19453,California,US,2021-03-14 08:30:48,36.1162,-119.6816,3620890,56281,,,6.0,9163.974398504482,,,,84000006.0,USA,127343.25527571555,,2021-03-13,50316151.0,1.5583461524652782,1914.0,159.0
19511,California,US,2021-03-15 08:31:14,36.1162,-119.6816,3623063,56421,,,6.0,9169.47396252547,,,,84000006.0,USA,128794.34548645873,,2021-03-14,50889509.0,1.5614688455596826,2173.0,140.0
19569,California,US,2021-03-16 08:30:54,36.1162,-119.6816,3626027,56521,,,6.0,9176.975438714242,,,,84000006.0,USA,129326.27708646006,,2021-03-15,51099687.0,1.5629778818525069,2964.0,100.0
19627,California,US,2021-03-17 08:30:46,36.1162,-119.6816,3628300,56644,,,6.0,9182.401607725284,,,,84000006.0,USA,129741.71815136801,,2021-03-16,51263837.0,1.5654168450164008,2273.0,123.0
19685,California,US,2021-03-18 08:31:01,36.1162,-119.6816,3631572,56882,,,6.0,9190.371293460254,,,,84000006.0,USA,129963.24200741627,,2021-03-17,51351366.0,1.5693191456550235,3272.0,238.0
19743,California,US,2021-03-19 08:31:06,36.1162,-119.6816,3635179,57133,,,6.0,9199.196410690434,,,,84000006.0,USA,130238.99971408848,,2021-03-18,51460324.0,1.5736736503478728,3607.0,251.0
19801,California,US,2021-03-20 08:31:02,36.1162,-119.6816,3638212,57313,,,6.0,9206.583998070673,,,,84000006.0,USA,130596.84341222714,,2021-03-19,51601716.0,1.576534351405246,3033.0,180.0
19859,California,US,2021-03-21 08:31:03,36.1162,-119.6816,3640524,57343,,,6.0,9212.020290531364,,,,84000006.0,USA,131127.8841486595,,2021-03-20,51811542.0,1.5779392363581817,2312.0,30.0
19917,California,US,2021-03-22 08:30:50,36.1162,-119.6816,3641876,57404,,,6.0,9215.13578216037,,,,84000006.0,USA,131705.57627192984,,2021-03-21,52039801.0,1.5793282533736324,1352.0,61.0
19975,California,US,2021-03-23 08:31:09,36.1162,-119.6816,3645303,57662,,,6.0,9223.697689699715,,,,84000006.0,USA,132239.66163584366,,2021-03-22,52250830.0,1.5810725676693131,3427.0,258.0
20033,California,US,2021-03-24 08:31:28,36.1162,-119.6816,3647808,57843,,,6.0,9229.905895196023,,,,84000006.0,USA,132639.92258800525,,2021-03-23,52408982.0,1.5848350713652894,2505.0,181.0
20091,California,US,2021-03-25 08:31:00,36.1162,-119.6816,3650638,58067,,,6.0,9236.956877875487,,,,84000006.0,USA,132933.5734919293,,2021-03-24,52525010.0,1.5884749736076151,2830.0,224.0
20149,California,US,2021-03-26 05:30:37,36.1162,-119.6816,3653168,58375,,,6.0,9245.665575434721,,,,84000006.0,USA,133200.24034081807,,2021-03-25,52630376.0,1.5995431910057245,2530.0,308.0
20207,California,US,2021-03-27 08:30:58,36.1162,-119.6816,3656610,58605,,,6.0,9262.92352622124,,,,84000006.0,USA,133541.59800120586,,2021-03-26,52765254.0,1.6023007731994676,3442.0,230.0
20265,California,US,2021-03-28 08:30:56,36.1162,-119.6816,3658714,58795,,,6.0,9259.701738370934,,,,84000006.0,USA,134040.28419256493,,2021-03-27,52962296.0,1.6075320454126778,2104.0,190.0
20323,California,US,2021-03-29 07:31:02,36.1162,-119.6816,3660713,58948,,,6.0,9264.760932332256,,,,84000006.0,USA,134040.28419256493,,2021-03-28,52962296.0,1.6103147119154109,1999.0,153.0
20381,California,US,2021-03-30 07:30:52,36.1162,-119.6816,3663913,59030,,,6.0,9272.85969205023,,,,84000006.0,USA,135108.95856201256,,2021-03-29,53384553.0,1.611119041309114,3200.0,82.0
20439,California,US,2021-03-31 07:31:23,36.1162,-119.6816,3666266,59128,,,6.0,9278.814811305352,,,,84000006.0,USA,135548.78701712127,,2021-03-30,53558339.0,1.6127580486522255,2353.0,98.0
20497,California,US,2021-04-01 07:31:21,36.1162,-119.6816,3668745,59274,,,6.0,9285.088819224373,,,,84000006.0,USA,135869.17648242673,,2021-03-31,53684932.0,1.6156478577824296,2479.0,146.0
20555,California,US,2021-04-02 07:30:30,36.1162,-119.6816,3671349,59411,,,6.0,9291.679184944871,,,,84000006.0,USA,136126.19821466386,,2021-04-01,53786487.0,1.6182335158003232,2604.0,137.0
20613,California,US,2021-04-03 07:30:45,36.1162,-119.6816,3675191,59614,,,6.0,9301.402758331264,,,,84000006.0,USA,136501.0746168344,,2021-04-02,53934609.0,1.622065356603235,3842.0,203.0
20671,California,US,2021-04-04 04:30:32,36.1162,-119.6816,3676183,59667,,,6.0,9301.607758186623,,,,84000006.0,USA,138068.46048626525,,2021-04-03,54553918.0,1.6220296076045528,992.0,53.0
20729,California,US,2021-04-05 04:30:40,36.1162,-119.6816,3676873,59720,,,6.0,9301.607758186623,,,,84000006.0,USA,138932.8233949277,,2021-04-04,54895447.0,1.6220296076045528,690.0,53.0
20787,California,US,2021-04-06 07:30:46,36.1162,-119.6816,3682861,59799,,,6.0,9320.814473030285,,,,84000006.0,USA,139417.94922548402,,2021-04-05,55087131.0,1.623710479434331,5988.0,79.0
20845,California,US,2021-04-07 07:30:57,36.1162,-119.6816,3685045,59887,,,6.0,9326.341876537801,,,,84000006.0,USA,139899.2661081104,,2021-04-06,55277310.0,1.6251361923667147,2184.0,88.0
20903,California,US,2021-04-08 07:30:39,36.1162,-119.6816,3687493,59993,,,6.0,9332.537427722049,,,,84000006.0,USA,140152.39031223324,,2021-04-07,55377325.0,1.626931901972424,2448.0,106.0
20961,California,US,2021-04-09 07:31:00,36.1162,-119.6816,3690031,60129,,,6.0,9338.960756523367,,,,84000006.0,USA,140421.4437643764,,2021-04-08,55483634.0,1.6294985055681104,2538.0,136.0
21019,California,US,2021-04-10 07:30:45,36.1162,-119.6816,3693674,60286,,,6.0,9348.180688289798,,,,84000006.0,USA,140741.74211863507,,2021-04-09,55610191.0,1.6321418728344732,3643.0,157.0
21077,California,US,2021-04-11 07:30:58,36.1162,-119.6816,3696980,60384,,,6.0,9356.54771942343,,,,84000006.0,USA,141292.08068095788,,2021-04-10,55827642.0,1.633333153005967,3306.0,98.0
21135,California,US,2021-04-12 07:30:55,36.1162,-119.6816,3700471,60452,,,6.0,9365.382960103258,,,,84000006.0,USA,141927.87887434225,,2021-04-11,56078860.0,1.633629881169181,3491.0,68.0
21193,California,US,2021-04-13 07:30:54,36.1162,-119.6816,3704070,60495,,,6.0,9374.491533923569,,,,84000006.0,USA,142648.7064521781,,2021-04-12,56363675.0,1.6332034761762062,3599.0,43.0
21251,California,US,2021-04-14 07:30:58,36.1162,-119.6816,3706629,60547,,,6.0,9380.968010835531,,,,84000006.0,USA,142648.7064521781,,2021-04-13,56363675.0,1.6334788294161622,2559.0,52.0
21309,California,US,2021-04-15 07:30:52,36.1162,-119.6816,3708716,60717,,,6.0,9386.2499206891,,,,84000006.0,USA,143556.66093502255,,2021-04-14,56722428.0,1.6371434210654037,2087.0,170.0
21367,California,US,2021-04-16 07:30:33,36.1162,-119.6816,3711723,60808,,,6.0,9393.860223961585,,,,84000006.0,USA,143847.98850725256,,2021-04-15,56837538.0,1.638268804002885,3007.0,91.0
21425,California,US,2021-04-17 07:31:00,36.1162,-119.6816,3714587,60922,,,6.0,9401.10861390917,,,,84000006.0,USA,144252.4051354944,,2021-04-16,56997332.0,1.64007465702109,2864.0,114.0
21483,California,US,2021-04-18 07:30:46,36.1162,-119.6816,3716579,60994,,,6.0,9406.150091833608,,,,84000006.0,USA,144838.24916659333,,2021-04-17,57228812.0,1.641132880533415,1992.0,72.0
21541,California,US,2021-04-19 07:30:33,36.1162,-119.6816,3718210,61038,,,6.0,9410.277928427362,,,,84000006.0,USA,145476.8211851811,,2021-04-18,57481126.0,1.6415963595385952,1631.0,44.0
21599,California,US,2021-04-20 07:30:55,36.1162,-119.6816,3720901,61045,,,6.0,9417.088479177697,,,,84000006.0,USA,146115.4438210171,,2021-04-19,57733460.0,1.6405972639422548,2691.0,7.0
21657,California,US,2021-04-21 07:30:41,36.1162,-119.6816,3723446,61122,,,6.0,9423.529524015898,,,,84000006.0,USA,146623.20315412275,,2021-04-20,57934087.0,1.6415438816623096,2545.0,77.0
21715,California,US,2021-04-22 07:30:56,36.1162,-119.6816,3725088,61193,,,6.0,9427.685200096184,,,,84000006.0,USA,146982.16296258502,,2021-04-21,58075920.0,1.6427262926406034,1642.0,71.0
21773,California,US,2021-04-23 07:30:57,36.1162,-119.6816,3727913,61309,,,6.0,9434.834886409706,,,,84000006.0,USA,147302.29934164928,,2021-04-22,58202413.0,1.64459310075101,2825.0,116.0
21831,California,US,2021-04-24 04:30:47,36.1162,-119.6816,3729116,61401,,,6.0,9437.879513891185,,,,84000006.0,USA,147946.96061520002,,2021-04-23,58457133.0,1.6465296332964705,1203.0,92.0
21889,California,US,2021-04-25 07:30:46,36.1162,-119.6816,3731145,61445,,,6.0,9443.014633724859,,,,84000006.0,USA,148421.56311984773,,2021-04-24,58644659.0,1.6468135116700102,2029.0,44.0
21947,California,US,2021-04-26 07:31:03,36.1162,-119.6816,3731770,61479,,,6.0,9444.596422732275,,,,84000006.0,USA,149058.49513959262,,2021-04-25,58896325.0,1.6474487977554886,625.0,34.0
22005,California,US,2021-04-27 07:31:09,36.1162,-119.6816,3734562,61500,,,6.0,9451.66259058621,,,,84000006.0,USA,149563.12885761954,,2021-04-26,59095717.0,1.6467794616878766,2792.0,21.0
22063,California,US,2021-04-28 07:31:03,36.1162,-119.6816,3736745,61526,,,6.0,9457.187463231314,,,,84000006.0,USA,150149.40566619093,,2021-04-27,59327368.0,1.6465132086883103,2183.0,26.0
22121,California,US,2021-04-29 07:31:03,36.1162,-119.6816,3738327,61587,,,6.0,9461.191287566888,,,,84000006.0,USA,150546.13606528795,,2021-04-28,59484125.0,1.6474481766843831,1582.0,61.0
22179,California,US,2021-04-30 07:31:03,36.1162,-119.6816,3740038,61672,,,6.0,9465.521593153593,,,,84000006.0,USA,150893.83606687986,,2021-04-29,59621509.0,1.6489672030070284,1711.0,85.0
22237,California,US,2021-05-01 07:30:34,36.1162,-119.6816,3742115,61768,,,6.0,9470.778194383041,,,,84000006.0,USA,151333.41649747218,,2021-04-30,59795197.0,1.6589014501157768,2077.0,96.0
22295,California,US,2021-05-02 07:30:45,36.1162,-119.6816,3743681,61866,,,6.0,9474.741524920022,,,,84000006.0,USA,151892.05628850596,,2021-05-01,60015928.0,1.6525446479013568,1566.0,98.0
22353,California,US,2021-05-03 07:30:56,36.1162,-119.6816,3744937,61939,,,6.0,9477.920288109328,,,,84000006.0,USA,152524.44794108396,,2021-05-02,60265800.0,1.6539397057947838,1256.0,73.0
22411,California,US,2021-05-04 07:31:00,36.1162,-119.6816,3747337,61967,,,6.0,9483.994357897807,,,,84000006.0,USA,153154.97940978926,,2021-05-03,60514937.0,1.6536276294339154,2400.0,28.0
22469,California,US,2021-05-05 07:30:56,36.1162,-119.6816,3749580,62029,,,6.0,9489.671082287625,,,,84000006.0,USA,153648.07745694288,,2021-05-04,60709771.0,1.6542919473647717,2243.0,62.0
22527,California,US,2021-05-06 07:30:59,36.1162,-119.6816,3750644,62070,,,6.0,9492.36391989385,,,,84000006.0,USA,154024.79379608686,,2021-05-05,60858620.0,1.6549157957940024,1064.0,41.0
22585,California,US,2021-05-07 07:30:51,36.1162,-119.6816,3753173,62154,,,6.0,9498.764470933464,,,,84000006.0,USA,154255.43128768026,,2021-05-06,60949750.0,1.6560387703950763,2529.0,84.0
22643,California,US,2021-05-08 07:31:12,36.1162,-119.6816,3755869,62220,,,6.0,9505.587675995856,,,,84000006.0,USA,154615.26424367467,,2021-05-07,61091928.0,1.656607299136365,2696.0,66.0
22701,California,US,2021-05-09 07:30:54,36.1162,-119.6816,3757115,62280,,,6.0,9508.741130561042,,,,84000006.0,USA,155240.44040751643,,2021-05-08,61338949.0,1.6576548761483212,1246.0,60.0
22759,California,US,2021-05-10 07:30:55,36.1162,-119.6816,3758137,62314,,,6.0,9511.32767194597,,,,84000006.0,USA,155864.72317692678,,2021-05-09,61585617.0,1.658108791669915,1022.0,34.0
22817,California,US,2021-05-11 07:31:18,36.1162,-119.6816,3760303,62334,,,6.0,9516.809519930071,,,,84000006.0,USA,156477.3285471688,,2021-05-10,61827671.0,1.6576855641686317,2166.0,20.0
22875,California,US,2021-05-12 07:31:16,36.1162,-119.6816,3761779,62365,,,6.0,9520.545072849987,,,,84000006.0,USA,157042.68271618127,,2021-05-11,62051055.0,1.657859220331657,1476.0,31.0
22933,California,US,2021-05-13 04:31:15,36.1162,-119.6816,3762912,62471,,,6.0,9523.412539962634,,,,84000006.0,USA,157424.65312569228,,2021-05-12,62201980.0,1.6601770118461447,1133.0,106.0
