,Province_State,Country_Region,Last_Update,Lat,Long_,Confirmed,Deaths,Recovered,Active,FIPS,Incident_Rate,People_Tested,People_Hospitalized,Mortality_Rate,UID,ISO3,Testing_Rate,Hospitalization_Rate,date,Total_Test_Results,Case_Fatality_Ratio,Cum_Confirmerd,Cum_Deaths
35,New York,US,2020-04-12 23:18:15,42.1657,-74.9481,189033,9385,23887.0,179648.0,36.0,1121.124012,461601.0,42594.0,4.9647416060000005,84000036.0,USA,2737.680538,22.53257368,2020-04-12,,,,
95,New York,US,2020-04-13 23:07:54,42.1657,-74.9481,195749,10058,23887.0,185691.0,36.0,1160.9555172357552,478357.0,42712.0,5.138212711176047,84000036.0,USA,2837.057652188998,21.819779411389074,2020-04-13,,,6716.0,673.0
154,New York,US,2020-04-14 23:33:31,42.1657,-74.9481,203020,10842,23887.0,192178.0,36.0,1204.0786369999998,499143.0,46201.0,5.340360556,84000036.0,USA,2960.336041,22.75687124,2020-04-14,,,7271.0,784.0
213,New York,US,2020-04-15 22:56:51,42.1657,-74.9481,214454,11617,23887.0,202837.0,36.0,1271.8918333849808,526012.0,46201.0,5.417012506178482,84000036.0,USA,3119.6917150647723,21.5435478004607,2020-04-15,,,11434.0,775.0
272,New York,US,2020-04-16 23:30:51,42.1657,-74.9481,223691,14832,23887.0,208859.0,36.0,1326.6749797239493,550579.0,50450.0,6.630575213128825,84000036.0,USA,3265.394600862048,22.55343308403109,2020-04-16,,,9237.0,3215.0
331,New York,US,2020-04-17 23:30:52,42.1657,-74.9481,230597,17131,23887.0,213466.0,36.0,1367.6333437617227,550579.0,52424.0,7.428977827118306,84000036.0,USA,3265.394600862048,22.73403383391805,2020-04-17,,,6906.0,2299.0
390,New York,US,2020-04-18 22:32:47,42.1657,-74.9481,241712,17671,23887.0,224041.0,36.0,1433.5546029971488,596532.0,54339.0,7.3107665320712245,84000036.0,USA,3537.9343782480605,22.480886344078908,2020-04-18,,,11115.0,540.0
449,New York,US,2020-04-19 23:41:01,42.1657,-74.9481,247815,18298,23887.0,229517.0,36.0,1469.750504491868,617555.0,55723.0,7.383733833706597,84000036.0,USA,3662.6183758104858,22.48572523858524,2020-04-19,,,6103.0,627.0
508,New York,US,2020-04-20 23:36:47,42.1657,-74.9481,253060,18611,23887.0,234449.0,36.0,1500.8577473789405,633861.0,57103.0,7.354382359914645,84000036.0,USA,3759.3266127059296,22.56500434679523,2020-04-20,,,5245.0,313.0
567,New York,US,2020-04-21 23:40:34,42.1657,-74.9481,258361,19104,23887.0,239257.0,36.0,1532.2971171681436,649325.0,57103.0,7.394304867994782,84000036.0,USA,3851.041084394336,22.10202004172457,2020-04-21,,,5301.0,493.0
626,New York,US,2020-04-22 23:40:26,42.1657,-74.9481,263292,19413,23887.0,243879.0,36.0,1561.5420770682683,669982.0,57103.0,7.373182626133722,84000036.0,USA,3973.5543954178343,21.688087750482353,2020-04-22,,,4931.0,309.0
685,New York,US,2020-04-24 03:33:00,42.1657,-74.9481,263460,20973,23887.0,242487.0,36.0,1562.5384577746606,695920.0,57103.0,7.960601229788202,84000036.0,USA,4127.388459479776,21.67425795187125,2020-04-23,,,168.0,1560.0
744,New York,US,2020-04-25 06:32:46,42.1657,-74.9481,271590,21411,23887.0,250179.0,36.0,1610.7561669590075,730656.0,57103.0,7.883574505688722,84000036.0,USA,4333.402032201482,21.02544276298833,2020-04-24,,,8130.0,438.0
803,New York,US,2020-04-26 02:32:45,42.1657,-74.9481,282143,22009,23887.0,260134.0,36.0,1673.3442954980496,777568.0,57103.0,7.800654278149732,84000036.0,USA,4611.629482786486,20.239027727074564,2020-04-25,,,10553.0,598.0
862,New York,US,2020-04-27 02:32:46,42.1657,-74.9481,288045,22269,23887.0,265776.0,36.0,1708.3480986476209,805350.0,57103.0,7.73108368484091,84000036.0,USA,4776.400011268592,19.824333003523755,2020-04-26,,,5902.0,260.0
921,New York,US,2020-04-28 02:32:46,42.1657,-74.9481,291996,22668,23887.0,269328.0,36.0,1731.7808377604565,826095.0,57103.0,7.763120042740311,84000036.0,USA,4899.435235995439,19.55608980944945,2020-04-27,,,3951.0,399.0
980,New York,US,2020-04-29 02:32:33,42.1657,-74.9481,295106,22912,51630.0,272194.0,36.0,1750.2257425037922,844994.0,64275.0,7.763989888379091,84000036.0,USA,5011.5221346270455,21.780309448130502,2020-04-28,,,3110.0,244.0
1039,New York,US,2020-04-30 02:32:31,42.1657,-74.9481,299691,23477,53238.0,276214.0,36.0,1777.4186326157517,872481.0,65397.0,7.833735414143233,84000036.0,USA,5174.543066035428,21.82147612040401,2020-04-29,,,4585.0,565.0
1098,New York,US,2020-05-01 02:32:32,42.1657,-74.9481,304372,23587,54771.0,226014.0,36.0,1805.1808831313635,900636.0,66369.0,7.749398762041188,84000036.0,USA,5341.525796919226,21.805225184971018,2020-04-30,,,4681.0,110.0
1156,New York,US,2020-05-02 02:32:31,42.1657,-74.9481,308314,24039,56187.0,228088.0,36.0,1828.5602447063568,927438.0,67180.0,7.796921320471987,84000036.0,USA,5500.484104614045,21.789474367041393,2020-05-01,,,3942.0,452.0
1214,New York,US,2020-05-03 02:32:33,42.1657,-74.9481,312977,24198,57540.0,231239.0,36.0,1856.215740146284,959071.0,67890.0,7.731558549030759,84000036.0,USA,5688.09428845518,21.69168980468213,2020-05-02,,,4663.0,159.0
1272,New York,US,2020-05-04 02:32:32,42.1657,-74.9481,316415,24708,58950.0,232757.0,36.0,1876.6059596020998,985911.0,68736.0,7.8087322029613,84000036.0,USA,5847.277967976443,21.723369625333813,2020-05-03,,,3438.0,510.0
1330,New York,US,2020-05-05 02:32:38,42.1657,-74.9481,318953,24999,58950.0,235004.0,36.0,1891.6584252736714,1007310.0,69331.0,7.837831906268321,84000036.0,USA,5974.191960453175,21.73705843807709,2020-05-04,,,2538.0,291.0
1388,New York,US,2020-05-06 02:32:35,42.1657,-74.9481,321192,25124,58950.0,237118.0,36.0,1904.9375705213647,1028899.0,69867.0,7.822112630451567,84000036.0,USA,6102.232812062138,21.752409773593364,2020-05-05,,,2239.0,125.0
1446,New York,US,2020-05-07 02:32:32,42.1657,-74.9481,323978,25623,54597.0,243758.0,36.0,1921.4608839023724,1028899.0,70539.0,7.908870355394503,84000036.0,USA,6102.232812062138,21.772774694578022,2020-05-06,,,2786.0,499.0
1504,New York,US,2020-05-08 02:32:36,42.1657,-74.9481,327469,26144,55547.0,245778.0,36.0,1942.165437747705,1089916.0,71152.0,7.983656468245848,84000036.0,USA,6464.1147261213355,21.727858209479365,2020-05-07,,,3491.0,521.0
1562,New York,US,2020-05-09 02:32:39,42.1657,-74.9481,330407,26243,56378.0,247786.0,36.0,1959.5902384344959,1121543.0,71679.0,7.942628334145462,84000036.0,USA,6651.689324937243,21.694152968914093,2020-05-08,,,2938.0,99.0
1620,New York,US,2020-05-10 02:32:34,42.1657,-74.9481,333122,26612,57180.0,249330.0,36.0,1975.6924623503014,1153768.0,72255.0,7.988664813491753,84000036.0,USA,6842.810564600905,21.690251619526784,2020-05-09,,,2715.0,369.0
1678,New York,US,2020-05-11 02:32:34,42.1657,-74.9481,335395,26641,58006.0,250748.0,36.0,1989.1732560742896,1182998.0,72715.0,7.943171484369175,84000036.0,USA,7016.168945838109,21.680406684655406,2020-05-10,,,2273.0,29.0
1736,New York,US,2020-05-12 03:32:31,42.1657,-74.9481,337055,26988,58363.0,251704.0,36.0,1999.0184463874527,1204651.0,73143.0,8.007001824628029,84000036.0,USA,7144.589371049507,21.70061265965495,2020-05-11,,,1660.0,347.0
1794,New York,US,2020-05-13 03:32:30,42.1657,-74.9481,338485,27284,58679.0,252522.0,36.0,2007.499544066864,1225113.0,73143.0,8.060623070446253,84000036.0,USA,7265.946168753086,21.608933926171023,2020-05-12,,,1430.0,296.0
1852,New York,US,2020-05-14 03:32:32,42.1657,-74.9481,340661,27477,59193.0,253991.0,36.0,2020.4050465496607,1258907.0,73963.0,8.065789744056406,84000036.0,USA,7466.372892513949,21.71161359826925,2020-05-13,,,2176.0,193.0
1910,New York,US,2020-05-15 02:33:07,42.1657,-74.9481,343051,27641,59758.0,255652.0,36.0,1763.4354964625754,1298757.0,74433.0,8.057402543645114,84000036.0,USA,6676.191572329611,21.697356952756294,2020-05-14,,,2390.0,164.0
1968,New York,US,2020-05-16 02:32:24,42.1657,-74.9481,345813,27878,60302.0,257633.0,36.0,1777.6334111785495,1338048.0,74751.0,8.061582415929998,84000036.0,USA,6878.1648768572495,21.61601790563108,2020-05-15,,,2762.0,237.0
2026,New York,US,2020-05-17 02:32:37,42.1657,-74.9481,348232,28049,60796.0,259387.0,36.0,1790.0681525608602,1378717.0,75163.0,8.054687679478048,84000036.0,USA,7087.221717401765,21.58417376921133,2020-05-16,,,2419.0,171.0
2084,New York,US,2020-05-18 02:32:26,42.1657,-74.9481,350121,28232,61381.0,260508.0,36.0,1799.7784570136025,1413396.0,75525.0,8.063498047817754,84000036.0,USA,7265.487280195127,21.571113986307587,2020-05-17,,,1889.0,183.0
2142,New York,US,2020-05-19 02:32:23,42.1657,-74.9481,351371,28339,61681.0,261351.0,36.0,1806.2040158097532,1439557.0,75870.0,8.065264350216722,84000036.0,USA,7399.9665151280005,21.59256170827985,2020-05-18,,,1250.0,107.0
2200,New York,US,2020-05-20 02:32:25,42.1657,-74.9481,352845,28558,61886.0,262401.0,36.0,1813.7810347421741,1467739.0,76168.0,8.093638849919937,84000036.0,USA,7544.834593522492,21.586815740622654,2020-05-19,,,1474.0,219.0
2258,New York,US,2020-05-21 02:32:54,42.1657,-74.9481,354370,28636,61886.0,263848.0,36.0,1821.6202164734773,1505836.0,76410.0,8.080819482461834,84000036.0,USA,7740.670204288048,21.562208990603047,2020-05-20,,,1525.0,78.0
2316,New York,US,2020-05-22 02:36:57,42.1657,-74.9481,356458,28743,62826.0,264889.0,36.0,1832.3534698865674,1555055.0,76608.0,8.063502572533089,84000036.0,USA,7993.677866998232,21.491452008371247,2020-05-21,,,2088.0,107.0
2374,New York,US,2020-05-23 02:32:47,42.1657,-74.9481,358154,28853,63292.0,266009.0,36.0,1841.0716680611845,1600793.0,76843.0,8.056031762872955,84000036.0,USA,8228.791633572897,21.455295766625532,2020-05-22,,,1696.0,110.0
2432,New York,US,2020-05-24 02:32:48,42.1657,-74.9481,359926,29031,63292.0,267603.0,36.0,1850.1805402106072,1652061.0,77034.0,8.065824641731911,84000036.0,USA,8492.332072261732,21.40273278396115,2020-05-23,,,1772.0,178.0
2490,New York,US,2020-05-25 02:32:50,42.1657,-74.9481,361515,29141,64080.0,268294.0,36.0,1858.3487105522736,1699826.0,77295.0,8.060799690192663,84000036.0,USA,8737.865524980234,21.380855566159077,2020-05-24,,,1589.0,110.0
2548,New York,US,2020-05-26 02:32:41,42.1657,-74.9481,362764,29229,64280.0,269255.0,36.0,1864.7691289013874,1739449.0,77525.0,8.057304473431762,84000036.0,USA,8941.54545792413,21.370643172971963,2020-05-25,,,1249.0,88.0
2606,New York,US,2020-05-27 02:32:37,42.1657,-74.9481,363836,29302,64443.0,270091.0,36.0,1870.279688124966,1774128.0,77637.0,8.053628557921702,84000036.0,USA,9119.811020717492,21.338460185358237,2020-05-26,,,1072.0,73.0
2664,New York,US,2020-05-28 02:32:37,42.1657,-74.9481,364965,29484,64632.0,270849.0,36.0,1876.0832528296492,1811544.0,77838.0,8.0785828778102,84000036.0,USA,9312.145987050906,21.32752455714932,2020-05-27,,,1129.0,182.0
2722,New York,US,2020-05-29 02:32:58,42.1657,-74.9481,366733,29529,64954.0,272250.0,36.0,1885.171563190924,1876789.0,78043.0,8.05190697319303,84000036.0,USA,9647.534453974775,21.280604690605973,2020-05-28,,,1768.0,45.0
2780,New York,US,2020-05-30 02:32:55,42.1657,-74.9481,368284,29646,65289.0,273349.0,36.0,1893.144396545188,1944130.0,89194.0,8.049765941501667,84000036.0,USA,9993.697297888033,24.21880939709572,2020-05-29,,,1551.0,117.0
2838,New York,US,2020-05-31 02:32:52,42.1657,-74.9481,369660,29710,65609.0,274341.0,36.0,1900.2176516679901,2005381.0,89400.0,8.03711518692853,84000036.0,USA,10308.554819346442,24.18438565167992,2020-05-30,,,1376.0,64.0
2896,New York,US,2020-06-01 02:32:54,42.1657,-74.9481,370770,29784,65934.0,275052.0,36.0,1905.923547878972,2063825.0,89590.0,8.033012379642367,84000036.0,USA,10608.983105972218,24.16322787712059,2020-05-31,,,1110.0,74.0
2954,New York,US,2020-06-02 02:33:16,42.1657,-74.9481,371711,29917,66110.0,275684.0,36.0,1910.7607085407142,2113777.0,89703.0,8.04845700019639,84000036.0,USA,10865.758716360464,24.132457742708716,2020-06-01,,,941.0,133.0
3012,New York,US,2020-06-03 02:33:21,42.1657,-74.9481,373040,29968,66262.0,276810.0,36.0,1917.592362652781,2167831.0,89861.0,8.033454857387946,84000036.0,USA,11143.62044049416,24.08883765815998,2020-06-02,,,1329.0,51.0
3070,New York,US,2020-06-04 02:33:23,42.1657,-74.9481,374085,30019,66502.0,277564.0,36.0,1922.964129806363,2229473.0,89995.0,8.024646804870551,84000036.0,USA,11460.487876744006,24.057366641271372,2020-06-03,,,1045.0,51.0
3128,New York,US,2020-06-05 02:33:15,42.1657,-74.9481,375133,30174,66756.0,278203.0,36.0,1928.3513183010557,2293032.0,89995.0,8.043547221918626,84000036.0,USA,11787.209549963627,23.990158157240227,2020-06-04,,,1048.0,155.0
3186,New York,US,2020-06-06 02:33:09,42.1657,-74.9481,376208,30236,66992.0,278980.0,36.0,1933.877298865745,2359512.0,89995.0,8.037043337728065,84000036.0,USA,12128.946468978096,23.921607196019224,2020-06-05,,,1075.0,62.0
3244,New York,US,2020-06-07 03:53:50,42.1657,-74.9481,377316,30280,67261.0,279775.0,36.0,1939.572914182653,2437407.0,89995.0,8.025103626668363,84000036.0,USA,12529.361590919008,23.851360663210677,2020-06-06,,,1108.0,44.0
3302,New York,US,2020-06-08 03:33:42,42.1657,-74.9481,378097,30374,67544.0,280179.0,36.0,1943.5876033184875,2497842.0,89995.0,8.033388257510639,84000036.0,USA,12840.024507595293,23.80209311367189,2020-06-07,,,781.0,94.0
3360,New York,US,2020-06-09 03:33:19,42.1657,-74.9481,378799,30417,67687.0,280695.0,36.0,1947.1961971384055,2555896.0,89995.0,8.02985224353813,84000036.0,USA,13138.448019876667,23.757982465634807,2020-06-08,,,702.0,43.0
3418,New York,US,2020-06-10 04:07:14,42.1657,-74.9481,379482,30458,67808.0,281216.0,36.0,1950.7071224646224,2605869.0,89995.0,8.026204141434903,84000036.0,USA,13395.331579652693,23.715222329385853,2020-06-09,,,683.0,41.0
3476,New York,US,2020-06-11 03:33:54,42.1657,-74.9481,380156,30542,68019.0,281595.0,36.0,1954.1717837675067,2668166.0,89995.0,8.03407022380286,84000036.0,USA,13715.566008711721,23.67317627500289,2020-06-10,,,674.0,84.0
3534,New York,US,2020-06-12 05:10:05,42.1657,-74.9481,380892,30580,68211.0,282101.0,36.0,1957.95515278668,2729005.0,89995.0,8.02852252081955,84000036.0,USA,14028.30566599092,23.627432448043013,2020-06-11,,,736.0,38.0
3592,New York,US,2020-06-13 03:33:25,42.1657,-74.9481,381714,30758,68399.0,282557.0,36.0,1962.1806002510286,2801400.0,89995.0,8.057865312773437,84000036.0,USA,14400.448329228771,23.576552078257546,2020-06-12,,,822.0,178.0
3650,New York,US,2020-06-14 03:33:28,42.1657,-74.9481,382630,30795,68584.0,283251.0,36.0,1966.8892497368481,2872240.0,89995.0,8.048245040901131,84000036.0,USA,14764.597597324211,23.520110812011605,2020-06-13,,,916.0,37.0
3708,New York,US,2020-06-15 03:33:25,42.1657,-74.9481,383324,30825,68761.0,283738.0,36.0,1970.4567199804706,2934599.0,89995.0,8.041500140872996,84000036.0,USA,15085.15073409953,23.477528148511443,2020-06-14,,,694.0,30.0
3766,New York,US,2020-06-16 04:33:22,42.1657,-74.9481,383944,30856,68851.0,284237.0,36.0,1973.6437971433609,2991210.0,89995.0,8.036588669180922,84000036.0,USA,15376.15658130663,23.439616194028297,2020-06-15,,,620.0,31.0
3824,New York,US,2020-06-17 04:33:33,42.1657,-74.9481,384575,30909,68938.0,284728.0,36.0,1976.8874192236576,3051778.0,89995.0,8.037183904309952,84000036.0,USA,15687.503177438823,23.40115712149776,2020-06-16,,,631.0,53.0
3882,New York,US,2020-06-18 04:33:30,42.1657,-74.9481,385142,30939,69085.0,285118.0,36.0,1979.802052693592,3111119.0,89995.0,8.033141023310883,84000036.0,USA,15992.542445056717,23.3667063057262,2020-06-17,,,567.0,30.0
3940,New York,US,2020-06-19 04:33:29,42.1657,-74.9481,385760,30974,69243.0,285543.0,36.0,1982.9788489624084,3179660.0,89995.0,8.029344670261302,84000036.0,USA,16344.873825414275,23.329272086271253,2020-06-18,,,618.0,35.0
3998,New York,US,2020-06-20 04:33:32,42.1657,-74.9481,386556,31015,69377.0,286164.0,36.0,1987.070644803797,3258963.0,89995.0,8.02341704694792,84000036.0,USA,16752.526696783174,23.28123221473732,2020-06-19,,,796.0,41.0
4056,New York,US,2020-06-21 04:33:37,42.1657,-74.9481,387272,31083,69506.0,286683.0,36.0,1990.751204882232,3327793.0,89995.0,8.026141833130204,84000036.0,USA,17106.343666334404,23.23818917969799,2020-06-20,,,716.0,68.0
4114,New York,US,2020-06-22 04:33:33,42.1657,-74.9481,387936,31125,69506.0,287305.0,36.0,1994.1644617147474,3395319.0,89995.0,8.023230635981193,84000036.0,USA,17453.457492949492,23.198414171409716,2020-06-21,,,664.0,42.0
4172,New York,US,2020-06-23 04:33:35,42.1657,-74.9481,388488,31176,69710.0,287602.0,36.0,1997.0019884791272,3452099.0,89995.0,8.024958299870269,84000036.0,USA,17745.33207570583,23.16545169992381,2020-06-22,,,552.0,51.0
4230,New York,US,2020-06-24 04:33:41,42.1657,-74.9481,389085,31232,69710.0,288143.0,36.0,2000.0708353601688,3500808.0,89995.0,8.02703779379827,84000036.0,USA,17995.718110427188,23.12990734672373,2020-06-23,,,597.0,56.0
4288,New York,US,2020-06-25 05:27:08,42.1657,-74.9481,389666,31257,69710.0,288699.0,36.0,2003.0574350886193,3551952.0,89995.0,8.021485066698148,84000036.0,USA,18258.62113368344,23.09542018035959,2020-06-24,,,581.0,25.0
4346,New York,US,2020-06-26 04:33:54,42.1657,-74.9481,390415,31301,70010.0,289104.0,36.0,2006.9076299192732,3619594.0,89995.0,8.017366136034731,84000036.0,USA,18606.33125215481,23.05111227796063,2020-06-25,,,749.0,44.0
4404,New York,US,2020-06-27 04:33:48,42.1657,-74.9481,391220,31342,70010.0,289868.0,36.0,2011.0456897839936,3681317.0,89995.0,8.011349113031029,84000036.0,USA,18923.615064614653,23.00368079341547,2020-06-26,,,805.0,41.0
4462,New York,US,2020-06-28 04:34:18,42.1657,-74.9481,391923,31368,70010.0,290545.0,36.0,2014.6594240509492,3754579.0,89995.0,8.003612954585467,84000036.0,USA,19300.21449543351,22.962418638354983,2020-06-27,,,703.0,26.0
4520,New York,US,2020-06-29 04:33:57,42.1657,-74.9481,392539,31397,70010.0,291132.0,36.0,2017.8259394256922,3816485.0,89995.0,7.99844091924624,84000036.0,USA,19618.439009701102,22.92638438473629,2020-06-28,,,616.0,29.0
4578,New York,US,2020-06-30 04:34:02,42.1657,-74.9481,393403,31403,70435.0,291565.0,36.0,2021.7583814089357,3862913.0,89995.0,7.9844090067733875,84000036.0,USA,19857.09968473124,22.881791184427318,2020-06-29,,,864.0,6.0
4636,New York,US,2020-07-01 04:34:05,42.1657,-74.9481,393454,32032,70487.0,290935.0,36.0,2022.529448464474,3914938.0,89995.0,8.141231249396371,84000036.0,USA,20124.531441827025,22.873067753790785,2020-06-30,,,51.0,629.0
4694,New York,US,2020-07-02 04:33:59,42.1657,-74.9481,394079,32043,70590.0,291446.0,36.0,2025.742227862549,3971648.0,89995.0,8.131110767130448,84000036.0,USA,20416.046193290782,22.836791607774078,2020-07-01,,,625.0,11.0
4752,New York,US,2020-07-03 04:34:05,42.1657,-74.9481,394954,32064,70698.0,292192.0,36.0,2030.2401190198543,4041593.0,89995.0,8.11841378996035,84000036.0,USA,20775.594761288183,22.78619788633613,2020-07-02,,,875.0,21.0
4810,New York,US,2020-07-04 04:34:04,42.1657,-74.9481,395872,32137,70794.0,292941.0,36.0,2034.9590493997475,4107985.0,89995.0,8.118028049470537,84000036.0,USA,21116.879320963395,22.73335825721445,2020-07-03,,,918.0,73.0
4868,New York,US,2020-07-05 04:34:00,42.1657,-74.9481,396598,32157,70877.0,293564.0,36.0,2038.691013948552,4170388.0,89995.0,8.108210328846843,84000036.0,USA,21437.658637408334,22.691743276567202,2020-07-04,,,726.0,20.0
4926,New York,US,2020-07-06 04:34:10,42.1657,-74.9481,397131,32206,70968.0,293957.0,36.0,2041.4308722192307,4233803.0,89995.0,8.109666583570661,84000036.0,USA,21763.640086254643,22.661288088817038,2020-07-05,,,533.0,49.0
4984,New York,US,2020-07-07 04:34:13,42.1657,-74.9481,397649,32219,71040.0,294390.0,36.0,2044.0936237843548,4288131.0,89995.0,8.102371689605658,84000036.0,USA,22042.91029287645,22.631768217699534,2020-07-06,,,518.0,13.0
5042,New York,US,2020-07-08 05:34:00,42.1657,-74.9481,398237,32243,71091.0,294903.0,36.0,2047.1162066420638,4344867.0,89995.0,8.096435037427462,84000036.0,USA,22334.55869596317,22.59835223748672,2020-07-07,,,588.0,24.0
5100,New York,US,2020-07-09 04:34:36,42.1657,-74.9481,398929,32251,71185.0,295493.0,36.0,2050.673395991613,4402452.0,89995.0,8.084395970210238,84000036.0,USA,22630.571338584232,22.55915212982761,2020-07-08,,,692.0,8.0
5158,New York,US,2020-07-10 04:34:42,42.1657,-74.9481,399513,32283,71279.0,295951.0,36.0,2053.675417061175,4468016.0,89995.0,8.080588116031269,84000036.0,USA,22967.59960811288,22.52617561881591,2020-07-09,,,584.0,32.0
5216,New York,US,2020-07-11 04:34:39,42.1657,-74.9481,400299,32331,71371.0,296597.0,36.0,2057.715808432194,4541574.0,89995.0,8.076712657288677,84000036.0,USA,23345.720611254666,22.48194474630214,2020-07-10,,,786.0,48.0
5274,New York,US,2020-07-12 04:34:43,42.1657,-74.9481,401029,32343,71477.0,297209.0,36.0,2061.4683347691457,4610777.0,89995.0,8.065002780347555,84000036.0,USA,23701.454967550668,22.441020474828505,2020-07-11,,,730.0,12.0
5332,New York,US,2020-07-13 04:43:16,42.1657,-74.9481,401706,32350,71565.0,297791.0,36.0,2064.9484174131408,4673195.0,89995.0,8.053153301170507,84000036.0,USA,24022.31139070117,22.403200350505095,2020-07-12,,,677.0,7.0
5390,New York,US,2020-07-14 04:34:58,42.1657,-74.9481,402263,32395,71643.0,298225.0,36.0,2067.811646412705,4724882.0,89995.0,8.053189082764263,84000036.0,USA,24288.005676698467,22.37217939507238,2020-07-13,,,557.0,45.0
5448,New York,US,2020-07-15 04:34:53,42.1657,-74.9481,403175,32408,71692.0,299075.0,36.0,2072.4997341103767,4784927.0,89995.0,8.038196812798413,84000036.0,USA,24596.66381903036,22.321572518137284,2020-07-14,,,912.0,13.0
5506,New York,US,2020-07-16 04:45:12,42.1657,-74.9481,404006,32427,71782.0,299797.0,36.0,2076.7714455980577,4848525.0,89995.0,8.026365945060222,84000036.0,USA,24923.58596968442,22.275659272387045,2020-07-15,,,831.0,19.0
5564,New York,US,2020-07-17 04:35:02,42.1657,-74.9481,404775,32446,71867.0,300462.0,36.0,2080.7244493694493,4921210.0,89995.0,8.015811253165339,84000036.0,USA,25297.219362562973,22.2333395096041,2020-07-16,,,769.0,19.0
5622,New York,US,2020-07-18 04:34:58,42.1657,-74.9481,405551,32463,71970.0,301118.0,36.0,2084.7134362701,4999449.0,89995.0,8.004665257883719,84000036.0,USA,25699.40279828459,22.190797211694708,2020-07-17,,,776.0,17.0
5680,New York,US,2020-07-19 04:35:12,42.1657,-74.9481,406305,32478,72064.0,301763.0,36.0,2088.5893333359377,5069266.0,89995.0,7.99350241813416,84000036.0,USA,26058.293389061266,22.149616667281972,2020-07-18,,,754.0,15.0
5738,New York,US,2020-07-20 05:34:58,42.1657,-74.9481,406807,32495,72161.0,302151.0,36.0,2091.1698377484718,5115470.0,89995.0,7.987817318777701,84000036.0,USA,26295.802603955133,22.12228403149405,2020-07-19,,,502.0,17.0
5796,New York,US,2020-07-21 04:38:59,42.1657,-74.9481,407326,32506,72229.0,302591.0,36.0,2093.8377297606335,5164812.0,89995.0,7.98034007158885,84000036.0,USA,26549.442541650853,22.094096620397426,2020-07-20,,,519.0,11.0
5854,New York,US,2020-07-22 04:34:54,42.1657,-74.9481,408181,32520,72302.0,303359.0,36.0,2098.2328119772005,5230981.0,89995.0,7.967053831511022,84000036.0,USA,26889.580781636847,22.04781702235038,2020-07-21,,,855.0,14.0
5912,New York,US,2020-07-23 05:15:18,42.1657,-74.9481,408886,32558,72386.0,303942.0,36.0,2101.856827138229,5298640.0,89995.0,7.962610605401016,84000036.0,USA,27237.37828770784,22.00980224316802,2020-07-22,,,705.0,38.0
5970,New York,US,2020-07-24 05:30:54,42.1657,-74.9481,409697,32594,72466.0,304637.0,36.0,2106.0257296851723,5368338.0,89995.0,7.955635506239978,84000036.0,USA,27595.65716528712,21.966233582379175,2020-07-23,,,811.0,36.0
6028,New York,US,2020-07-25 04:47:52,42.1657,-74.9481,410450,32596,72552.0,305302.0,36.0,2109.8964863039732,5444845.0,89995.0,7.9415275916676835,84000036.0,USA,27988.937346740786,21.92593494944573,2020-07-24,,,753.0,2.0
6086,New York,US,2020-07-26 04:35:13,42.1657,-74.9481,411200,32608,72632.0,305960.0,36.0,2113.751821581663,5516311.0,89995.0,7.929961089494164,84000036.0,USA,28356.304534681338,21.885943579766536,2020-07-25,,,750.0,12.0
6144,New York,US,2020-07-27 04:35:15,42.1657,-74.9481,411736,32630,72716.0,306390.0,36.0,2116.5071011934524,5569879.0,89995.0,7.924981055822178,84000036.0,USA,28631.66800155509,21.857452348106555,2020-07-26,,,536.0,22.0
6202,New York,US,2020-07-28 04:59:02,42.1657,-74.9481,412344,32645,72766.0,306933.0,36.0,2119.6324929919,5627149.0,89995.0,7.916933434219972,84000036.0,USA,28926.061403359516,21.825223599712857,2020-07-27,,,608.0,15.0
6260,New York,US,2020-07-29 04:35:24,42.1657,-74.9481,412878,32653,72813.0,307412.0,36.0,2122.377491709616,5684546.0,89995.0,7.908631605462147,84000036.0,USA,29221.10764193764,21.796995722707432,2020-07-28,,,534.0,8.0
6318,New York,US,2020-07-30 04:35:17,42.1657,-74.9481,413593,32658,72900.0,308035.0,36.0,2126.052911341013,5746822.0,89995.0,7.896168455462254,84000036.0,USA,29541.23412160889,21.75931410831421,2020-07-29,,,715.0,5.0
6376,New York,US,2020-07-31 04:35:31,42.1657,-74.9481,414370,32683,72973.0,308714.0,36.0,2130.047038688701,5820368.0,89995.0,7.887395323020488,84000036.0,USA,29919.29343938624,21.718512440572443,2020-07-30,,,777.0,25.0
6434,New York,US,2020-08-01 04:36:46,42.1657,-74.9481,415014,32689,73055.0,309270.0,36.0,2133.3574865804776,5889237.0,89995.0,7.876601753193867,84000036.0,USA,30273.310886371914,21.68481063289431,2020-07-31,,,644.0,6.0
6492,New York,US,2020-08-02 04:35:05,42.1657,-74.9481,415767,32694,73134.0,309939.0,36.0,2137.2282431992785,5971974.0,89995.0,7.863538953307983,84000036.0,USA,30698.616052865596,21.645537043584508,2020-08-01,,,753.0,5.0
6550,New York,US,2020-08-03 04:34:47,42.1657,-74.9481,416298,32710,73222.0,310366.0,36.0,2139.957820575883,6030935.0,89995.0,7.857352185213478,84000036.0,USA,31001.701950609455,21.617927542289426,2020-08-02,,,531.0,16.0
6608,New York,US,2020-08-04 04:42:12,42.1657,-74.9481,416843,32719,73279.0,310845.0,36.0,2142.759364211005,6082774.0,89995.0,7.849238202392748,84000036.0,USA,31268.177584556368,21.589663254510693,2020-08-03,,,545.0,9.0
6666,New York,US,2020-08-05 04:34:56,42.1657,-74.9481,417589,32725,73326.0,311538.0,36.0,2146.5941377005474,6153767.0,89995.0,7.836652785394251,84000036.0,USA,31633.113341048458,21.55109449722095,2020-08-04,,,746.0,6.0
6724,New York,US,2020-08-06 04:35:14,42.1657,-74.9481,418225,32754,73410.0,312061.0,36.0,2149.8634620160287,6226435.0,89995.0,7.83166955586108,84000036.0,USA,32006.65934632739,21.518321477673503,2020-08-05,,,636.0,29.0
6782,New York,US,2020-08-07 04:35:29,42.1657,-74.9481,418928,32756,73472.0,312700.0,36.0,2153.477196282984,6298805.0,89995.0,7.819004697704616,84000036.0,USA,32378.673498389315,21.48221174044227,2020-08-06,,,703.0,2.0
6840,New York,US,2020-08-08 04:35:11,42.1657,-74.9481,419642,32760,73530.0,313352.0,36.0,2157.147475467345,6368975.0,89995.0,7.80665424337888,84000036.0,USA,32739.37866697002,21.44566082517956,2020-08-07,,,714.0,4.0
6898,New York,US,2020-08-09 04:35:07,42.1657,-74.9481,420345,32768,73609.0,313968.0,36.0,2160.7612097343,6443832.0,89995.0,7.795501314396508,84000036.0,USA,33124.177110812765,21.40979433560528,2020-08-08,,,703.0,8.0
6956,New York,US,2020-08-10 04:35:08,42.1657,-74.9481,420860,32774,73689.0,314397.0,36.0,2163.408539958314,6509644.0,89995.0,7.787387729886423,84000036.0,USA,33462.480211206566,21.383595494938934,2020-08-09,,,515.0,6.0
7014,New York,US,2020-08-11 04:35:27,42.1657,-74.9481,421336,32781,73736.0,314819.0,36.0,2165.8553927478883,6563646.0,89995.0,7.780251390813983,84000036.0,USA,33740.07463209435,21.35943759849621,2020-08-10,,,476.0,7.0
7072,New York,US,2020-08-12 04:30:24,42.1657,-74.9481,422003,32787,73779.0,315437.0,36.0,2169.2840709215147,6640705.0,89995.0,7.769376047089713,84000036.0,USA,34136.1923403124,21.325677779541852,2020-08-11,,,667.0,6.0
7130,New York,US,2020-08-13 04:30:24,42.1657,-74.9481,422703,32797,73842.0,316064.0,36.0,2172.882383847358,6728481.0,89995.0,7.7588756171590925,84000036.0,USA,34587.400219425115,21.29036226381171,2020-08-12,,,700.0,10.0
7188,New York,US,2020-08-14 04:30:24,42.1657,-74.9481,423440,32805,73907.0,316728.0,36.0,2176.6708933135687,6816381.0,89995.0,7.747260532779143,84000036.0,USA,35039.245513970425,21.253306253542405,2020-08-13,,,737.0,8.0
7246,New York,US,2020-08-15 04:30:23,42.1657,-74.9481,424167,32827,73997.0,317343.0,36.0,2180.4079983094102,6901836.0,89995.0,7.73916877079075,84000036.0,USA,35478.522415510466,21.216879200880786,2020-08-14,,,727.0,22.0
7304,New York,US,2020-08-16 04:30:18,42.1657,-74.9481,424901,32833,74081.0,317987.0,36.0,2184.1810864345093,6990504.0,89995.0,7.727211750501883,84000036.0,USA,35934.31557338011,21.18022786484381,2020-08-15,,,734.0,6.0
7362,New York,US,2020-08-17 04:30:23,42.1657,-74.9481,425508,32840,74154.0,318514.0,36.0,2187.30133778592,7068196.0,89995.0,7.717833742256316,84000036.0,USA,36333.68718457253,21.15001363076605,2020-08-16,,,607.0,7.0
7420,New York,US,2020-08-18 04:30:23,42.1657,-74.9481,425916,32846,74207.0,318863.0,36.0,2189.3986401769835,7125087.0,89995.0,7.711849284835508,84000036.0,USA,36626.13235694997,21.129753284685247,2020-08-17,,,408.0,6.0
7478,New York,US,2020-08-19 04:30:00,42.1657,-74.9481,426571,32857,74258.0,319456.0,36.0,2192.765633,7191978.0,89995.0,7.702586439,84000036.0,USA,36969.982,21.09730854,2020-08-18,,,655.0,11.0
7536,New York,US,2020-08-20 04:30:22,42.1657,-74.9481,427202,32865,74328.0,320009.0,36.0,2196.009255066463,7272403.0,89995.0,7.693081961226772,84000036.0,USA,37383.402452640934,21.066146694069786,2020-08-19,,,631.0,8.0
7594,New York,US,2020-08-21 04:30:30,42.1657,-74.9481,427803,32861,74406.0,320536.0,36.0,2199.0986637356523,7353387.0,89995.0,7.6813393080459935,84000036.0,USA,37799.696415478895,21.036551870837744,2020-08-20,,,601.0,-4.0
7652,New York,US,2020-08-22 04:30:29,42.1657,-74.9481,428512,32864,74485.0,321163.0,36.0,2202.7432406848293,7452267.0,89995.0,7.669330147113732,84000036.0,USA,38307.98381848958,21.00174557538645,2020-08-21,,,709.0,3.0
7710,New York,US,2020-08-23 04:30:28,42.1657,-74.9481,429165,32871,74553.0,321741.0,36.0,2206.0999525999373,7547116.0,89995.0,7.659291880745168,84000036.0,USA,38795.550079494446,20.969790173942425,2020-08-22,,,653.0,7.0
7768,New York,US,2020-08-24 04:30:23,42.1657,-74.9481,429737,32883,74640.0,322214.0,36.0,2209.0402883050565,7621159.0,89995.0,7.651889411430713,84000036.0,USA,39176.16419944914,20.941878404698688,2020-08-23,,,572.0,12.0
7826,New York,US,2020-08-25 04:30:29,42.1657,-74.9481,430145,32887,74684.0,322574.0,36.0,2211.13759069612,7683190.0,89995.0,7.645561380464728,84000036.0,USA,39495.03126959635,20.922014669471928,2020-08-24,,,408.0,4.0
7884,New York,US,2020-08-26 04:30:22,42.1657,-74.9481,430774,32918,74731.0,323125.0,36.0,2214.3709318823426,7750445.0,89995.0,7.641593968066782,84000036.0,USA,39840.752035064426,20.89146513020749,2020-08-25,,,629.0,31.0
7942,New York,US,2020-08-27 04:30:22,42.1657,-74.9481,431340,32921,74791.0,323628.0,36.0,2217.2804249052397,7821634.0,89995.0,7.632262252515418,84000036.0,USA,40206.695319175764,20.86405156025409,2020-08-26,,,566.0,3.0
8000,New York,US,2020-08-28 04:30:22,42.1657,-74.9481,432131,32926,74850.0,324355.0,36.0,2221.346518511444,7905071.0,89995.0,7.619448731981738,84000036.0,USA,40635.59879859528,20.825860676507823,2020-08-27,,,791.0,5.0
8058,New York,US,2020-08-29 04:30:22,42.1657,-74.9481,432767,32934,74923.0,324910.0,36.0,2224.615842826925,8002897.0,,7.610099661018514,84000036.0,USA,41138.468170429056,,2020-08-28,,,636.0,8.0
8116,New York,US,2020-08-30 04:30:24,42.1657,-74.9481,433402,32938,74990.0,325474.0,36.0,2227.8800266953695,8096770.0,,7.599872635566977,84000036.0,USA,41621.01735512589,,2020-08-29,,,635.0,4.0
8174,New York,US,2020-08-31 04:30:24,42.1657,-74.9481,434100,32951,75062.0,326087.0,36.0,2231.46805872714,8196792.0,,7.59064731628657,84000036.0,USA,42135.175148652736,,2020-08-30,,,698.0,13.0
8232,New York,US,2020-09-01 04:30:22,42.1657,-74.9481,437154,32957,75100.0,326699.0,36.0,2234.8401919833595,8263033.0,,7.580573931124585,84000036.0,USA,42475.68350082538,,2020-08-31,,,3054.0,6.0
8290,New York,US,2020-09-02 04:30:23,42.1657,-74.9481,437757,32966,75142.0,327402.0,36.0,2238.7160890491973,8340030.0,,7.569516199398406,84000036.0,USA,42871.482501327126,,2020-09-01,,,603.0,9.0
8348,New York,US,2020-09-03 04:30:31,42.1657,-74.9481,438405,32972,75203.0,328043.0,36.0,2242.3555255513375,8428477.0,,7.55860601809187,84000036.0,USA,43326.139620401635,,2020-09-02,,,648.0,6.0
8406,New York,US,2020-09-04 04:30:31,42.1657,-74.9481,439322,32976,75255.0,328876.0,36.0,2246.92538296716,8517458.0,,7.54414822915213,84000036.0,USA,43783.541738193846,,2020-09-03,,,917.0,4.0
8464,New York,US,2020-09-05 04:30:29,42.1657,-74.9481,440192,32982,75307.0,329682.0,36.0,2251.3667292070586,8610853.0,,7.530635590027652,84000036.0,USA,44263.63378920702,,2020-09-04,,,870.0,6.0
8522,New York,US,2020-09-06 04:30:30,42.1657,-74.9481,441012,32987,75366.0,330419.0,36.0,2255.4842272836318,8710614.0,,7.518027586081152,84000036.0,USA,44776.449926057234,,2020-09-05,,,820.0,5.0
8580,New York,US,2020-09-07 04:30:33,42.1657,-74.9481,441748,32987,75425.0,331089.0,36.0,2259.231613173547,8796244.0,,7.505557439004687,84000036.0,USA,45216.62640582874,,2020-09-06,,,736.0,0.0
8638,New York,US,2020-09-08 04:30:25,42.1657,-74.9481,442315,33002,75471.0,331548.0,36.0,2261.904645632745,8855109.0,,7.500096586299289,84000036.0,USA,45519.21882065705,,2020-09-07,,,567.0,15.0
8696,New York,US,2020-09-09 04:30:32,42.1657,-74.9481,442817,33016,75503.0,332059.0,36.0,2264.7678746323104,8912935.0,,7.493792245640954,84000036.0,USA,45816.47031101401,,2020-09-08,,,502.0,14.0
8754,New York,US,2020-09-10 04:30:24,42.1657,-74.9481,443409,33019,75539.0,332596.0,36.0,2267.728772125577,8976165.0,,7.4846878867696995,84000036.0,USA,46141.500777158486,,2020-09-09,,,592.0,3.0
8812,New York,US,2020-09-11 04:30:23,42.1657,-74.9481,444071,33019,75584.0,333308.0,36.0,2271.620090532525,9052978.0,,7.471866507056851,84000036.0,USA,46536.35393540545,,2020-09-10,,,662.0,0.0
8870,New York,US,2020-09-12 04:30:24,42.1657,-74.9481,445102,33019,75649.0,334123.0,36.0,2276.143683925015,9142700.0,,7.457016967372869,84000036.0,USA,46997.56512445202,,2020-09-11,,,1031.0,0.0
8928,New York,US,2020-09-13 04:32:00,42.1657,-74.9481,446028,33023,75707.0,334910.0,36.0,2280.5079234593604,9245625.0,,7.443648002885222,84000036.0,USA,47526.64563572705,,2020-09-12,,,926.0,4.0
8986,New York,US,2020-09-14 04:30:37,42.1657,-74.9481,446862,33023,75767.0,335575.0,36.0,2284.2347475611277,9318293.0,,7.431503381229395,84000036.0,USA,47900.191641005986,,2020-09-13,,,834.0,0.0
9044,New York,US,2020-09-15 03:30:30,42.1657,-74.9481,447524,33030,75814.0,336104.0,36.0,2287.2316281836524,9381651.0,,7.423339356509075,84000036.0,USA,48225.8800843712,,2020-09-14,,,662.0,7.0
9102,New York,US,2020-09-16 04:30:32,42.1657,-74.9481,448213,33038,75847.0,336829.0,36.0,2291.169210613933,9455329.0,,7.4123765463952225,84000036.0,USA,48604.61794115741,,2020-09-15,,,689.0,8.0
9160,New York,US,2020-09-17 04:30:32,42.1657,-74.9481,448897,33042,75903.0,337421.0,36.0,2294.5207820820056,9530416.0,,7.402445526765032,84000036.0,USA,48990.59868781865,,2020-09-16,,,684.0,4.0
9218,New York,US,2020-09-18 05:10:31,42.1657,-74.9481,449922,33070,75962.0,338230.0,36.0,2299.126622627086,9621920.0,,7.393876519802711,84000036.0,USA,49460.97015348501,,2020-09-17,,,1025.0,28.0
9276,New York,US,2020-09-19 04:30:26,42.1657,-74.9481,450753,33085,76036.0,338931.0,36.0,2303.187575786253,9711647.0,,7.384187549659416,84000036.0,USA,49922.207044766765,,2020-09-18,,,831.0,15.0
9334,New York,US,2020-09-20 04:30:31,42.1657,-74.9481,451655,33081,76101.0,339856.0,36.0,2308.256056564657,9822091.0,,7.367082518628713,84000036.0,USA,50489.9385773124,,2020-09-19,,,902.0,-4.0
9392,New York,US,2020-09-21 04:30:33,42.1657,-74.9481,452507,33087,76179.0,340634.0,36.0,2312.687121910482,9922446.0,,7.354300955767949,84000036.0,USA,51005.808139702545,,2020-09-20,,,852.0,6.0
9450,New York,US,2020-09-22 04:30:33,42.1657,-74.9481,453142,33159,76218.0,341163.0,36.0,2315.632598062637,9980765.0,,7.346056256423802,84000036.0,USA,51305.59387044871,,2020-09-21,,,635.0,72.0
9508,New York,US,2020-09-23 04:30:25,42.1657,-74.9481,453730,33263,76246.0,341891.0,36.0,2319.508495128476,10064762.0,,7.333337765692213,84000036.0,USA,51737.37600020892,,2020-09-22,,,588.0,104.0
9566,New York,US,2020-09-24 04:30:25,42.1657,-74.9481,454299,33264,76306.0,342496.0,36.0,2322.9268924080275,10135692.0,,7.322546095084666,84000036.0,USA,52101.987908537674,,2020-09-23,,,569.0,1.0
9624,New York,US,2020-09-25 04:30:27,42.1657,-74.9481,455400,33269,76382.0,343370.0,36.0,2327.8360193282865,10228645.0,,7.3082078494502545,84000036.0,USA,52579.80788196053,,2020-09-24,,,1101.0,5.0
9682,New York,US,2020-09-26 04:30:24,42.1657,-74.9481,456400,33283,76456.0,344177.0,36.0,2332.50354523781,10323463.0,,7.299533889433725,84000036.0,USA,53067.214789107245,,2020-09-25,,,1000.0,14.0
9740,New York,US,2020-09-27 04:30:34,42.1657,-74.9481,457573,33286,76528.0,345107.0,36.0,2337.6696945099147,10423416.0,,7.284061922772452,84000036.0,USA,53581.017891788564,,2020-09-26,,,1173.0,3.0
9798,New York,US,2020-09-28 04:30:36,42.1657,-74.9481,458605,33293,76595.0,345900.0,36.0,2342.1213216438878,10508186.0,,7.271534109115808,84000036.0,USA,54016.77358710829,,2020-09-27,,,1032.0,7.0
9856,New York,US,2020-09-29 04:30:25,42.1657,-74.9481,459574,33302,76649.0,346671.0,36.0,2346.40845447268,10561122.0,,7.260219953555625,84000036.0,USA,54288.888291454714,,2020-09-28,,,969.0,9.0
9914,New York,US,2020-09-30 04:30:25,42.1657,-74.9481,460553,33310,76649.0,347856.0,36.0,2352.520445999578,10649353.0,,7.24223149182015,84000036.0,USA,54742.43507396923,,2020-09-29,,,979.0,8.0
9972,New York,US,2020-10-01 04:30:28,42.1657,-74.9481,461537,33324,76754.0,348742.0,36.0,2357.660893036499,10747313.0,,7.2284034196084574,84000036.0,USA,55245.99326570595,,2020-09-30,,,984.0,14.0
10030,New York,US,2020-10-02 04:30:36,42.1657,-74.9481,462861,33332,76834.0,350038.0,36.0,2364.7649908415224,10856531.0,,7.207992504852934,84000036.0,USA,55807.422610184316,,2020-10-01,,,1324.0,8.0
10088,New York,US,2020-10-03 04:30:36,42.1657,-74.9481,464620,33372,76834.0,351596.0,36.0,2372.979425206521,10976024.0,,7.191705893693854,84000036.0,USA,56421.67004796706,,2020-10-02,,,1759.0,40.0
10146,New York,US,2020-10-04 04:30:24,42.1657,-74.9481,466307,33375,77004.0,353159.0,36.0,2381.8775390274304,11110291.0,,7.1644078038674035,84000036.0,USA,57111.86245027324,,2020-10-03,,,1687.0,3.0
10204,New York,US,2020-10-05 04:30:35,42.1657,-74.9481,467693,33389,77090.0,354287.0,36.0,2388.159165306547,11220620.0,,7.147285086378722,84000036.0,USA,57679.00283140963,,2020-10-04,,,1386.0,14.0
10262,New York,US,2020-10-06 04:30:27,42.1657,-74.9481,468840,33402,77141.0,355160.0,36.0,2392.955202391994,11297024.0,,7.134893612450727,84000036.0,USA,58071.753546818494,,2020-10-05,,,1147.0,13.0
10320,New York,US,2020-10-07 04:30:35,42.1657,-74.9481,469989,33409,77192.0,356497.0,36.0,2400.1158451144242,11393383.0,,7.114677838032332,84000036.0,USA,58567.08188284911,,2020-10-06,,,1149.0,7.0
10378,New York,US,2020-10-08 04:30:35,42.1657,-74.9481,471207,33421,77267.0,357775.0,36.0,2407.106853084636,11501629.0,,7.095509409141773,84000036.0,USA,59123.51471280759,,2020-10-07,,,1218.0,12.0
10436,New York,US,2020-10-09 04:30:36,42.1657,-74.9481,473285,33429,77351.0,359526.0,36.0,2416.544713844421,11647440.0,,7.068010482786787,84000036.0,USA,59873.04843570799,,2020-10-08,,,2078.0,8.0
10494,New York,US,2020-10-10 04:30:24,42.1657,-74.9481,474894,33461,77432.0,360974.0,36.0,2424.728305527199,11786740.0,,7.057511617652048,84000036.0,USA,60589.112707951004,,2020-10-09,,,1609.0,32.0
10552,New York,US,2020-10-11 04:30:32,42.1657,-74.9481,476397,33466,77514.0,362336.0,36.0,2432.166532389623,11921319.0,,7.03656188509605,84000036.0,USA,61280.90892973272,,2020-10-10,,,1503.0,5.0
10610,New York,US,2020-10-12 04:30:24,42.1657,-74.9481,477671,33469,77631.0,363361.0,36.0,2438.042063352823,12039573.0,,7.019815048304187,84000036.0,USA,61888.7873536367,,2020-10-11,,,1274.0,3.0
10668,New York,US,2020-10-13 04:30:36,42.1657,-74.9481,478925,33482,77631.0,364383.0,36.0,2443.3315833538136,12131366.0,,7.0060906977478075,84000036.0,USA,62360.64440849673,,2020-10-12,,,1254.0,13.0
10726,New York,US,2020-10-14 04:30:28,42.1657,-74.9481,480129,33490,77755.0,365647.0,36.0,2450.4922260762437,12230436.0,,6.986666890423487,84000036.0,USA,62869.90849644443,,2020-10-13,,,1204.0,8.0
10784,New York,US,2020-10-15 04:30:37,42.1657,-74.9481,481227,33500,77870.0,366754.0,36.0,2456.82525682573,12342180.0,,6.970749466460225,84000036.0,USA,63444.322610138064,,2020-10-14,,,1098.0,10.0
10842,New York,US,2020-10-16 04:30:37,42.1657,-74.9481,482765,33524,78006.0,368057.0,36.0,2464.3303094996336,12475392.0,,6.953900709219857,84000036.0,USA,64129.0918408203,,2020-10-15,,,1538.0,24.0
10900,New York,US,2020-10-17 04:30:24,42.1657,-74.9481,484512,33533,78117.0,369653.0,36.0,2473.105052591657,12611431.0,,6.9292278017156255,84000036.0,USA,64828.39311527591,,2020-10-16,,,1747.0,9.0
10958,New York,US,2020-10-18 04:30:24,42.1657,-74.9481,486207,33547,78235.0,371309.0,36.0,2482.2756101055224,12771403.0,,6.905699215765048,84000036.0,USA,65650.72070866614,,2020-10-17,,,1695.0,14.0
11016,New York,US,2020-10-19 04:30:24,42.1657,-74.9481,487719,33559,78362.0,372562.0,36.0,2489.420831486842,12900166.0,,6.8879431569687855,84000036.0,USA,66312.62009048113,,2020-10-18,,,1512.0,12.0
11074,New York,US,2020-10-20 04:30:29,42.1657,-74.9481,488928,33575,78442.0,373471.0,36.0,2494.5509976296885,12982175.0,,6.8756323681840765,84000036.0,USA,66734.18301153192,,2020-10-19,,,1209.0,16.0
11132,New York,US,2020-10-21 04:30:32,42.1657,-74.9481,490166,33582,78530.0,374584.0,36.0,2500.72467452103,13072715.0,,6.858658115441539,84000036.0,USA,67199.59908625469,,2020-10-20,,,1238.0,7.0
11190,New York,US,2020-10-22 04:30:36,42.1657,-74.9481,491882,33589,78645.0,376490.0,36.0,2511.1392202178304,13197504.0,,6.831236463830536,84000036.0,USA,67841.07033154495,,2020-10-21,,,1716.0,7.0
11248,New York,US,2020-10-23 04:30:40,42.1657,-74.9481,493774,33614,78753.0,377985.0,36.0,2519.507867993937,13332845.0,,6.8136468802409125,84000036.0,USA,68536.7835739688,,2020-10-22,,,1892.0,25.0
11306,New York,US,2020-10-24 04:30:33,42.1657,-74.9481,495608,33625,78854.0,379499.0,36.0,2527.9227797933754,13474353.0,,6.795439340668726,84000036.0,USA,69264.19795326932,,2020-10-23,,,1834.0,11.0
11364,New York,US,2020-10-25 04:30:24,42.1657,-74.9481,497732,33634,78960.0,381454.0,36.0,2538.5172411364683,13631293.0,,6.76707868262891,84000036.0,USA,70070.93971124361,,2020-10-24,,,2124.0,9.0
11422,New York,US,2020-10-26 04:30:38,42.1657,-74.9481,499652,33642,79092.0,382950.0,36.0,2546.9064507007224,13752123.0,,6.745596047341483,84000036.0,USA,70692.0599267147,,2020-10-25,,,1920.0,8.0
11480,New York,US,2020-10-27 04:30:25,42.1657,-74.9481,501197,33650,79162.0,384069.0,36.0,2553.028723121695,13834240.0,,6.729822512609356,84000036.0,USA,71114.1780160455,,2020-10-26,,,1545.0,8.0
11538,New York,US,2020-10-28 04:30:37,42.1657,-74.9481,502978,33666,79230.0,385983.0,36.0,2563.263353172203,13945858.0,,6.704756480549327,84000036.0,USA,71687.94443341247,,2020-10-27,,,1781.0,16.0
11596,New York,US,2020-10-29 04:30:35,42.1657,-74.9481,504689,33675,79366.0,387876.0,36.0,2573.703601104189,14075518.0,,6.677958044807332,84000036.0,USA,72354.45479621956,,2020-10-28,,,1711.0,9.0
11654,New York,US,2020-10-30 04:30:29,42.1657,-74.9481,507040,33694,79501.0,390231.0,36.0,2586.549578249453,14243871.0,,6.646580918008808,84000036.0,USA,73219.86447622623,,2020-10-29,,,2351.0,19.0
11712,New York,US,2020-10-31 04:30:34,42.1657,-74.9481,509368,33724,79621.0,392304.0,36.0,2598.141286317708,14390756.0,,6.629193698051763,84000036.0,USA,73974.91903924428,,2020-10-30,,,2328.0,30.0
11770,New York,US,2020-11-01 04:39:05,42.1657,-74.9481,511761,33730,79717.0,394315.0,36.0,2608.997910459684,14527718.0,,6.602593277810942,84000036.0,USA,74678.96494631497,,2020-10-31,,,2393.0,6.0
11828,New York,US,2020-11-02 05:30:37,42.1657,-74.9481,513883,33752,79831.0,396369.0,36.0,2620.2657703646137,14676653.0,,6.578908648611534,84000036.0,USA,75444.55742575871,,2020-11-01,,,2122.0,22.0
11886,New York,US,2020-11-03 06:00:57,42.1657,-74.9481,515753,33763,79831.0,397998.0,36.0,2628.660120375905,14772754.0,,6.558681810359661,84000036.0,USA,75938.5595264538,,2020-11-02,,,1870.0,11.0
11944,New York,US,2020-11-04 05:30:25,42.1657,-74.9481,517822,33773,79990.0,400156.0,36.0,2640.591097948597,14900623.0,,6.529826412479148,84000036.0,USA,76595.86334861777,,2020-11-03,,,2069.0,10.0
12002,New York,US,2020-11-05 06:05:43,42.1657,-74.9481,519890,33793,80109.0,402150.0,36.0,2651.519688349089,15034157.0,,6.505433149481888,84000036.0,USA,77282.2878032459,,2020-11-04,,,2068.0,20.0
12060,New York,US,2020-11-06 05:30:35,42.1657,-74.9481,523107,33857,80225.0,404930.0,36.0,2666.92560811874,15195176.0,,6.487321033437931,84000036.0,USA,78109.99744468377,,2020-11-05,,,3217.0,64.0
12118,New York,US,2020-11-07 05:30:37,42.1657,-74.9481,526318,33872,80368.0,407989.0,36.0,2683.421302660217,15355881.0,,6.448782711806612,84000036.0,USA,78936.09298575207,,2020-11-06,,,3211.0,15.0
12176,New York,US,2020-11-08 05:30:26,42.1657,-74.9481,530218,33884,80494.0,411434.0,36.0,2701.860086181651,15519172.0,,6.40781723261442,84000036.0,USA,79775.48172285782,,2020-11-07,,,3900.0,12.0
12234,New York,US,2020-11-09 05:30:38,42.1657,-74.9481,533797,33903,80646.0,414696.0,36.0,2719.481538624214,15664814.0,,6.368942756258553,84000036.0,USA,80524.14671020901,,2020-11-08,,,3579.0,19.0
12292,New York,US,2020-11-10 05:42:01,42.1657,-74.9481,537243,33923,80764.0,417493.0,36.0,2735.6431041082915,,,,84000036.0,USA,81096.87475727452,,2020-11-09,15776230.0,6.333383441692661,3446.0,20.0
12350,New York,US,2020-11-11 05:30:39,42.1657,-74.9481,541200,33939,80854.0,421352.0,36.0,2735.6431041082915,,,,84000036.0,USA,81755.03703409365,,2020-11-10,15904266.0,6.333383441692661,3957.0,16.0
12408,New York,US,2020-11-12 05:30:39,42.1657,-74.9481,545453,33961,81020.0,425984.0,36.0,2780.801931327637,,,,84000036.0,USA,82599.61248225968,,2020-11-11,16068566.0,6.256966716885565,4253.0,22.0
12466,New York,US,2020-11-13 05:30:30,42.1657,-74.9481,550678,33975,81198.0,430589.0,36.0,2805.4606557637444,,,,84000036.0,USA,83435.58796253293,,2020-11-12,16231193.0,6.225241039134276,5225.0,14.0
12524,New York,US,2020-11-14 05:30:30,42.1657,-74.9481,556344,33993,81390.0,435780.0,36.0,2833.2242102101513,,,,84000036.0,USA,84482.80497334138,,2020-11-13,16434914.0,6.167503987023803,5666.0,18.0
12582,New York,US,2020-11-15 05:30:30,42.1657,-74.9481,561921,34010,81585.0,440956.0,36.0,2860.920938845078,,,,84000036.0,USA,85429.47998055472,,2020-11-14,16619076.0,6.110850577934457,5577.0,17.0
12640,New York,US,2020-11-16 05:30:30,42.1657,-74.9481,566113,34032,81788.0,444380.0,36.0,2879.678430082801,,,,84000036.0,USA,86114.19780676659,,2020-11-15,16752278.0,6.074973223848626,4192.0,22.0
12698,New York,US,2020-11-17 05:30:30,42.1657,-74.9481,570323,34054,81908.0,447728.0,36.0,2897.618590241653,,,,84000036.0,USA,86754.51759192058,,2020-11-16,16876843.0,6.041263815217584,4210.0,22.0
12756,New York,US,2020-11-18 05:42:00,42.1657,-74.9481,574935,34156,82022.0,452600.0,36.0,2923.773184765504,,,,84000036.0,USA,87576.22833166638,,2020-11-17,17036695.0,6.0051549110549285,4612.0,102.0
12814,New York,US,2020-11-19 05:30:29,42.1657,-74.9481,579811,34187,82022.0,457863.0,36.0,2950.9867113789605,,,,84000036.0,USA,88370.08812936614,,2020-11-18,17191129.0,5.955176354185537,4876.0,31.0
12872,New York,US,2020-11-20 05:30:34,42.1657,-74.9481,585635,34215,82507.0,462660.0,36.0,2978.2824851450077,,,,84000036.0,USA,89373.70386840744,,2020-11-19,17386368.0,5.9054302688036575,5824.0,28.0
12930,New York,US,2020-11-21 05:30:30,42.1657,-74.9481,591368,34252,82766.0,467832.0,36.0,3006.3904495428887,,,,84000036.0,USA,90429.89095929533,,2020-11-20,17591834.0,5.856544413097375,5733.0,37.0
12988,New York,US,2020-11-22 05:30:30,42.1657,-74.9481,597680,34296,83031.0,473496.0,36.0,3037.094339694414,,,,84000036.0,USA,91498.62588140034,,2020-11-21,17799741.0,5.804784173940419,6312.0,44.0
13046,New York,US,2020-11-23 05:30:34,42.1657,-74.9481,603360,34319,83307.0,478588.0,36.0,3064.8064896704523,,,,84000036.0,USA,92509.28917332923,,2020-11-22,17996351.0,5.756154669296595,5680.0,23.0
13104,New York,US,2020-11-24 05:30:26,42.1657,-74.9481,609797,34345,83307.0,484474.0,36.0,3095.1659698705034,,,,84000036.0,USA,93493.62823598208,,2020-11-23,18187840.0,5.703016010097655,6437.0,26.0
13162,New York,US,2020-11-25 05:30:40,42.1657,-74.9481,614679,34368,83701.0,488938.0,36.0,3120.256491857712,,,,84000036.0,USA,94340.57343023214,,2020-11-24,18352601.0,5.66094619283988,4882.0,23.0
13220,New York,US,2020-11-26 05:30:40,42.1657,-74.9481,620712,34396,84001.0,494877.0,36.0,3152.461392544018,,,,84000036.0,USA,95230.3077056175,,2020-11-25,18525686.0,5.607354720463877,6033.0,28.0
13278,New York,US,2020-11-27 05:30:26,42.1657,-74.9481,628024,34451,84339.0,501417.0,36.0,3188.100111850987,,,,84000036.0,USA,96349.49097494283,,2020-11-26,18743407.0,5.553540073428046,7312.0,55.0
13336,New York,US,2020-11-28 05:30:35,42.1657,-74.9481,636302,34489,84723.0,509175.0,36.0,3230.128406824849,,,,84000036.0,USA,97477.52095361873,,2020-11-27,18962849.0,5.486691863934753,8278.0,38.0
13394,New York,US,2020-11-29 05:30:26,42.1657,-74.9481,643163,34526,84938.0,514986.0,36.0,3261.2949372096973,,,,84000036.0,USA,98260.69376192873,,2020-11-28,19115204.0,5.4400902846298616,6861.0,37.0
13452,New York,US,2020-11-30 05:30:26,42.1657,-74.9481,648641,34573,85287.0,521313.0,36.0,3295.8541626389124,,,,84000036.0,USA,99069.38888977704,,2020-11-29,19272524.0,5.390377767830545,5478.0,47.0
13510,New York,US,2020-12-01 05:30:26,42.1657,-74.9481,656413,34625,85556.0,527819.0,36.0,3330.9068709836724,,,,84000036.0,USA,99835.18184665524,,2020-11-30,19421498.0,5.340442606253278,7772.0,52.0
13568,New York,US,2020-12-02 05:30:41,42.1657,-74.9481,663500,34686,85808.0,534795.0,36.0,3368.3550276476367,,,,84000036.0,USA,100589.15691579552,,2020-12-01,19568173.0,5.2897682616956505,7087.0,61.0
13626,New York,US,2020-12-03 05:30:41,42.1657,-74.9481,671635,34745,86201.0,543319.0,36.0,3414.4802589099236,,,,84000036.0,USA,101584.0955802385,,2020-12-02,19761724.0,5.226741017526852,8135.0,59.0
13684,New York,US,2020-12-04 05:30:41,42.1657,-74.9481,681783,34812,86201.0,553117.0,36.0,3465.1393644587743,,,,84000036.0,USA,102629.86812542957,,2020-12-03,19965164.0,5.158783728654652,10148.0,67.0
13742,New York,US,2020-12-05 05:30:31,42.1657,-74.9481,693629,34869,86638.0,563896.0,36.0,3523.0773430119043,,,,84000036.0,USA,103700.607821879,,2020-12-04,20173461.0,5.081971040206372,11846.0,57.0
13800,New York,US,2020-12-06 05:30:26,42.1657,-74.9481,704683,34939,87473.0,573752.0,36.0,3578.3936935762044,,,,84000036.0,USA,104807.86525407867,,2020-12-05,20388862.0,5.013467408870533,11054.0,70.0
13858,New York,US,2020-12-07 05:30:36,42.1657,-74.9481,714834,34997,87949.0,582920.0,36.0,3628.2663107284056,,,,84000036.0,USA,105865.93374858207,,2020-12-06,20594694.0,4.952771713181842,10151.0,58.0
13916,New York,US,2020-12-08 05:30:26,42.1657,-74.9481,723287,35080,87949.0,590146.0,36.0,3665.8018549919984,,,,84000036.0,USA,106648.75700649356,,2020-12-07,20746981.0,4.9127156517264075,8453.0,83.0
13974,New York,US,2020-12-09 05:30:36,42.1657,-74.9481,731722,35170,88584.0,598762.0,36.0,3713.7879280816505,,,,84000036.0,USA,107483.89459389981,,2020-12-08,20909445.0,4.860865039642113,8435.0,90.0
14032,New York,US,2020-12-10 05:30:26,42.1657,-74.9481,740980,35236,89089.0,608792.0,36.0,3768.276666673007,,,,84000036.0,USA,108484.19988504931,,2020-12-09,21104040.0,4.799444523261268,9258.0,66.0
14090,New York,US,2020-12-11 05:30:31,42.1657,-74.9481,752104,35323,89600.0,618376.0,36.0,3820.596136614782,,,,84000036.0,USA,109498.95497281963,,2020-12-10,21301446.0,4.744887936903458,11124.0,87.0
14148,New York,US,2020-12-12 05:30:32,42.1657,-74.9481,763228,35420,90152.0,628328.0,36.0,3875.0591729709536,,,,84000036.0,USA,110592.18412505557,,2020-12-11,21514118.0,4.690271239007902,11124.0,97.0
14206,New York,US,2020-12-13 05:30:42,42.1657,-74.9481,774228,35504,90747.0,638778.0,36.0,3932.2672080448406,,,,84000036.0,USA,111840.93750239351,,2020-12-12,21757045.0,4.633016369354979,11000.0,84.0
14264,New York,US,2020-12-14 05:30:41,42.1657,-74.9481,784815,35620,91366.0,648237.0,36.0,3984.668925139207,,,,84000036.0,USA,112896.01425672145,,2020-12-13,21962295.0,4.5870529955106045,10587.0,116.0
14322,New York,US,2020-12-15 05:30:31,42.1657,-74.9481,794953,35702,91366.0,657411.0,36.0,4031.159128141115,,,,84000036.0,USA,113717.68387289096,,2020-12-14,22122139.0,4.5175745086737615,10138.0,82.0
14380,New York,US,2020-12-16 05:30:42,42.1657,-74.9481,803917,35831,92136.0,666590.0,36.0,4084.378176314352,,,,84000036.0,USA,114715.89700209645,,2020-12-15,22316327.0,4.5095568977430185,8964.0,129.0
14438,New York,US,2020-12-17 05:30:43,42.1657,-74.9481,813336,35941,92735.0,675893.0,36.0,4135.772365789482,,,,84000036.0,USA,115543.23653134766,,2020-12-16,22477274.0,4.465449844945343,9419.0,110.0
14496,New York,US,2020-12-18 05:30:33,42.1657,-74.9481,825059,36067,93418.0,685999.0,36.0,4191.875204750431,,,,84000036.0,USA,116585.57525791807,,2020-12-17,22680046.0,4.421014164854826,11723.0,126.0
14554,New York,US,2020-12-19 05:30:27,42.1657,-74.9481,837711,36199,94057.0,697932.0,36.0,4257.143460778209,,,,84000036.0,USA,117867.52564222047,,2020-12-18,22929431.0,4.368327122823201,12652.0,132.0
14612,New York,US,2020-12-20 05:30:33,42.1657,-74.9481,847778,36318,94579.0,707188.0,36.0,4308.131554937422,,,,84000036.0,USA,118851.79787906185,,2020-12-19,23120907.0,4.3334506643120925,10067.0,119.0
14670,New York,US,2020-12-21 05:30:38,42.1657,-74.9481,857083,36431,94579.0,717032.0,36.0,4359.3149860840385,,,,84000036.0,USA,119865.7561975414,,2020-12-20,23318158.0,4.295895722145837,9305.0,113.0
14728,New York,US,2020-12-22 05:30:44,42.1657,-74.9481,866888,36568,95779.0,724702.0,36.0,4405.614992545581,,,,84000036.0,USA,120670.28756328982,,2020-12-21,23474668.0,4.2667338740258725,9805.0,137.0
14786,New York,US,2020-12-23 05:30:33,42.1657,-74.9481,876281,36724,96185.0,733856.0,36.0,4455.559575956298,,,,84000036.0,USA,121517.78278537285,,2020-12-22,23639536.0,4.2369038897509705,9393.0,156.0
14844,New York,US,2020-12-24 05:30:27,42.1657,-74.9481,886813,36876,96857.0,744969.0,36.0,4516.921092236018,,,,84000036.0,USA,122568.2896822849,,2020-12-23,23843897.0,4.19664459623399,10532.0,152.0
14902,New York,US,2020-12-25 05:30:37,42.1657,-74.9481,899837,37028,97600.0,756642.0,36.0,4581.526230596032,,,,84000036.0,USA,123731.55228495186,,2020-12-24,24070193.0,4.1545210766658816,13024.0,152.0
14960,New York,US,2020-12-26 05:30:27,42.1657,-74.9481,912885,37158,98350.0,768208.0,36.0,4645.504234417545,,,,84000036.0,USA,124896.17196563652,,2020-12-25,24296753.0,4.111689955694047,13048.0,130.0
15018,New York,US,2020-12-27 05:30:43,42.1657,-74.9481,924014,37286,99156.0,778080.0,36.0,4701.051905098506,,,,84000036.0,USA,125931.67389764785,,2020-12-26,24498195.0,4.077102573803582,11129.0,128.0
15076,New York,US,2020-12-28 05:30:44,42.1657,-74.9481,932022,37411,99583.0,785151.0,36.0,4740.2375328609505,,,,84000036.0,USA,126601.46900611153,,2020-12-27,24628494.0,4.056954166644075,8008.0,125.0
15134,New York,US,2020-12-29 05:30:33,42.1657,-74.9481,940290,37548,100008.0,794996.0,36.0,4793.734165174181,,,,84000036.0,USA,127243.33606582365,,2020-12-28,24753360.0,4.0263706474277035,8268.0,137.0
15192,New York,US,2020-12-30 05:30:45,42.1657,-74.9481,950473,37687,100442.0,812344.0,36.0,4885.856116522831,,,,84000036.0,USA,128066.65062504495,,2020-12-29,24913524.0,3.9650784398925594,10183.0,139.0
15250,New York,US,2020-12-31 05:30:27,42.1657,-74.9481,963390,37840,101295.0,824255.0,36.0,4952.255270898731,,,,84000036.0,USA,128863.15775296873,,2020-12-30,25068473.0,3.927796634800029,12917.0,153.0
15308,New York,US,2021-01-01 05:30:27,42.1657,-74.9481,978783,37983,102129.0,838671.0,36.0,5031.382172138047,,,,84000036.0,USA,129976.5117553542,,2020-12-31,25285060.0,3.8806354421766622,15393.0,143.0
15366,New York,US,2021-01-02 05:30:44,42.1657,-74.9481,995816,38155,102968.0,854693.0,36.0,5118.939406517912,,,,84000036.0,USA,131103.5701895401,,2021-01-01,25504313.0,3.8315311262321554,17033.0,172.0
15424,New York,US,2021-01-03 05:30:33,42.1657,-74.9481,1011665,38273,103828.0,869564.0,36.0,5200.410351606063,,,,84000036.0,USA,132144.2331303765,,2021-01-02,25706759.0,3.783169329768253,15849.0,118.0
15482,New York,US,2021-01-04 05:30:45,42.1657,-74.9481,1023897,38415,104402.0,881080.0,36.0,5263.2882997616725,,,,84000036.0,USA,132875.95006384695,,2021-01-03,25849104.0,3.7518422263176863,12232.0,142.0
15540,New York,US,2021-01-05 05:30:33,42.1657,-74.9481,1035139,38599,104939.0,891601.0,36.0,5321.077205350733,,,,84000036.0,USA,133566.62052772756,,2021-01-04,25983464.0,3.728871195076217,11242.0,184.0
15598,New York,US,2021-01-06 05:30:39,42.1657,-74.9481,1048281,38743,105379.0,904159.0,36.0,5388.632960309939,,,,84000036.0,USA,134350.03493704827,,2021-01-05,26135866.0,3.6958601748958535,13142.0,144.0
15656,New York,US,2021-01-07 05:30:38,42.1657,-74.9481,1064297,38912,105379.0,920006.0,36.0,5470.962360053257,,,,84000036.0,USA,135366.89760810373,,2021-01-06,26333682.0,3.6561223042064395,16016.0,169.0
15714,New York,US,2021-01-08 05:30:47,42.1657,-74.9481,1081885,39118,107243.0,935524.0,36.0,5561.372542538613,,,,84000036.0,USA,136593.15124876107,,2021-01-07,26572232.0,3.6157262555632075,17588.0,206.0
15772,New York,US,2021-01-09 05:30:45,42.1657,-74.9481,1101445,39282,108144.0,954019.0,36.0,5661.919686580775,,,,84000036.0,USA,137846.92170240707,,2021-01-08,26816135.0,3.5664059485494057,19560.0,164.0
15830,New York,US,2021-01-10 05:30:28,42.1657,-74.9481,1119284,39471,109035.0,970778.0,36.0,5753.620121272397,,,,84000036.0,USA,139173.3163917907,,2021-01-09,27074166.0,3.5264508382144304,17839.0,189.0
15888,New York,US,2021-01-11 05:30:40,42.1657,-74.9481,1135592,39632,109982.0,985978.0,36.0,5837.450531550496,,,,84000036.0,USA,140442.16377659596,,2021-01-10,27321002.0,3.4899858399847834,16308.0,161.0
15946,New York,US,2021-01-12 05:30:28,42.1657,-74.9481,1149771,39834,110600.0,999337.0,36.0,5910.33693008699,,,,84000036.0,USA,141490.32148921222,,2021-01-11,27524906.0,3.4645159775294383,14179.0,202.0
16004,New York,US,2021-01-13 05:30:34,42.1657,-74.9481,1164562,40020,111141.0,1013401.0,36.0,5986.369282210079,,,,84000036.0,USA,142501.29834841035,,2021-01-12,27721577.0,3.4364851334664883,14791.0,186.0
16062,New York,US,2021-01-14 05:30:28,42.1657,-74.9481,1179266,40192,112023.0,1027051.0,36.0,6061.954415440957,,,,84000036.0,USA,143513.28787567475,,2021-01-13,27918445.0,3.408221724360746,14704.0,172.0
16120,New York,US,2021-01-15 05:30:28,42.1657,-74.9481,1193453,40435,112979.0,1040039.0,36.0,6134.881937553748,,,,84000036.0,USA,144606.09037080663,,2021-01-14,28131034.0,3.3880680680345185,14187.0,243.0
16178,New York,US,2021-01-16 05:30:49,42.1657,-74.9481,1212922,40637,113919.0,1058366.0,36.0,6234.961300915551,,,,84000036.0,USA,146275.04445073064,,2021-01-15,28455705.0,3.3503390984745933,19469.0,202.0
16236,New York,US,2021-01-17 05:30:35,42.1657,-74.9481,1228867,40806,114868.0,1073193.0,36.0,6316.925728919246,,,,84000036.0,USA,147700.41844781017,,2021-01-16,28732991.0,3.3206197253242213,15945.0,169.0
16294,New York,US,2021-01-18 05:30:33,42.1657,-74.9481,1242561,40993,115901.0,1085667.0,36.0,6387.319010642833,,,,84000036.0,USA,148967.5746255403,,2021-01-17,28979498.0,3.2990734458911875,13694.0,187.0
16352,New York,US,2021-01-19 05:30:28,42.1657,-74.9481,1255971,41173,116502.0,1098296.0,36.0,6456.252405407935,,,,84000036.0,USA,149924.75156605005,,2021-01-18,29165703.0,3.278180786021333,13410.0,180.0
16410,New York,US,2021-01-20 05:30:46,42.1657,-74.9481,1268692,41368,117052.0,1110272.0,36.0,6521.6440321646,,,,84000036.0,USA,150835.9934718379,,2021-01-19,29342972.0,3.2606810794109213,12721.0,195.0
16468,New York,US,2021-01-21 05:30:34,42.1657,-74.9481,1279811,41587,117882.0,1120342.0,36.0,6578.800662768116,,,,84000036.0,USA,151840.48308687547,,2021-01-20,29538381.0,3.249464178695136,11119.0,219.0
16526,New York,US,2021-01-22 05:30:39,42.1657,-74.9481,1293719,41787,118889.0,1133043.0,36.0,6650.294000157606,,,,84000036.0,USA,152994.86813750962,,2021-01-21,29762950.0,3.2299904384182345,13908.0,200.0
16584,New York,US,2021-01-23 05:30:27,42.1657,-74.9481,1309403,41974,119953.0,1147476.0,36.0,6730.916771484665,,,,84000036.0,USA,154372.51308385134,,2021-01-22,30030951.0,3.2055830023300693,15684.0,187.0
16642,New York,US,2021-01-24 05:30:28,42.1657,-74.9481,1323312,42134,120901.0,1160277.0,36.0,6802.415249321191,,,,84000036.0,USA,155719.8550949104,,2021-01-23,30293057.0,3.183980799690473,13909.0,160.0
16700,New York,US,2021-01-25 05:30:45,42.1657,-74.9481,1335695,42325,121923.0,1171447.0,36.0,6866.069404979377,,,,84000036.0,USA,157004.7355340238,,2021-01-24,30543012.0,3.1687623297234766,12383.0,191.0
16758,New York,US,2021-01-26 05:30:28,42.1657,-74.9481,1347667,42544,122544.0,1182579.0,36.0,6927.610836905387,,,,84000036.0,USA,158133.25899561527,,2021-01-25,30762550.0,3.156862934241174,11972.0,219.0
16816,New York,US,2021-01-27 05:30:51,42.1657,-74.9481,1358707,42726,123094.0,1192887.0,36.0,6984.36137219299,,,,84000036.0,USA,158970.833154917,,2021-01-26,30925488.0,3.144607336239528,11040.0,182.0
16874,New York,US,2021-01-28 05:30:28,42.1657,-74.9481,1369072,42887,124003.0,1202182.0,36.0,7037.642105730668,,,,84000036.0,USA,160012.6012918663,,2021-01-27,31128149.0,3.1325598653686586,10365.0,161.0
16932,New York,US,2021-01-29 05:30:28,42.1657,-74.9481,1382855,43093,124976.0,1214786.0,36.0,7108.492887240542,,,,84000036.0,USA,161301.14686971708,,2021-01-28,31378817.0,3.1162341677182352,13783.0,206.0
16990,New York,US,2021-01-30 05:30:40,42.1657,-74.9481,1395806,43278,125909.0,1226619.0,36.0,7175.066816815698,,,,84000036.0,USA,162691.73032125068,,2021-01-29,31649335.0,3.1005741485564613,12951.0,185.0
17048,New York,US,2021-01-31 05:30:41,42.1657,-74.9481,1408698,43453,126842.0,1238403.0,36.0,7241.337460015675,,,,84000036.0,USA,164076.30973064518,,2021-01-30,31918685.0,3.0846214021742058,12892.0,175.0
17106,New York,US,2021-02-01 05:30:44,42.1657,-74.9481,1419907,43634,127798.0,1248475.0,36.0,7298.956730852516,,,,84000036.0,USA,165325.7776301213,,2021-01-31,32161751.0,3.0730181624571187,11209.0,181.0
17164,New York,US,2021-02-02 05:30:40,42.1657,-74.9481,1428839,43805,128354.0,1256680.0,36.0,7344.871203786289,,,,84000036.0,USA,166225.55119856974,,2021-02-01,32336789.0,3.0657757801963688,8932.0,171.0
17222,New York,US,2021-02-03 05:30:38,42.1657,-74.9481,1436788,43982,128889.0,1263917.0,36.0,7385.732617282769,,,,84000036.0,USA,166997.64120306814,,2021-02-02,32486988.0,3.0611335840778184,7949.0,177.0
17280,New York,US,2021-02-04 05:30:42,42.1657,-74.9481,1443942,44148,129378.0,1270416.0,36.0,7422.507375384897,,,,84000036.0,USA,167647.8512083212,,2021-02-03,32613477.0,3.0574635269283665,7154.0,166.0
17338,New York,US,2021-02-05 05:30:47,42.1657,-74.9481,1450912,44298,130302.0,1276312.0,36.0,7458.336291232233,,,,84000036.0,USA,168517.5428807096,,2021-02-04,32782663.0,3.053114179219691,6970.0,150.0
17396,New York,US,2021-02-06 05:30:40,42.1657,-74.9481,1458809,44466,131165.0,1283178.0,36.0,7498.930401482793,,,,84000036.0,USA,169564.2766894966,,2021-02-05,32986290.0,3.0481029387671725,7897.0,168.0
17454,New York,US,2021-02-07 05:30:57,42.1657,-74.9481,1470301,44664,132012.0,1293625.0,36.0,7558.004418831081,,,,84000036.0,USA,170907.39839353837,,2021-02-06,33247575.0,3.037745332418328,11492.0,198.0
17512,New York,US,2021-02-08 05:30:33,42.1657,-74.9481,1480224,44839,132905.0,1302480.0,36.0,7609.013074778443,,,,84000036.0,USA,172197.09543152538,,2021-02-07,33498467.0,3.029203688090451,9923.0,175.0
17570,New York,US,2021-02-09 05:30:43,42.1657,-74.9481,1489196,44969,133470.0,1310757.0,36.0,7655.133165593693,,,,84000036.0,USA,173210.70419960644,,2021-02-08,33695650.0,3.019683104171647,8972.0,130.0
17628,New York,US,2021-02-10 05:30:29,42.1657,-74.9481,1497475,45140,133869.0,1318466.0,36.0,7697.6909266123575,,,,84000036.0,USA,174000.5236059352,,2021-02-09,33849298.0,3.0144075861032738,8279.0,171.0
17686,New York,US,2021-02-11 05:30:49,42.1657,-74.9481,1504059,45312,134742.0,1324005.0,36.0,7731.535629903441,,,,84000036.0,USA,174909.09761971087,,2021-02-10,34026048.0,3.012647775120524,6584.0,172.0
17744,New York,US,2021-02-12 05:30:51,42.1657,-74.9481,1514070,45453,135657.0,1332960.0,36.0,7782.99664519005,,,,84000036.0,USA,176376.69010830458,,2021-02-11,34311547.0,3.0020408567635584,10011.0,141.0
17802,New York,US,2021-02-13 05:30:30,42.1657,-74.9481,1522785,45597,136491.0,1340697.0,36.0,7827.795641116812,,,,84000036.0,USA,177595.66487595765,,2021-02-12,34548681.0,2.9943163348732758,8715.0,144.0
17860,New York,US,2021-02-14 05:30:42,42.1657,-74.9481,1531540,45751,137276.0,1348513.0,36.0,7872.8002549250505,,,,84000036.0,USA,178899.09204798032,,2021-02-13,34802244.0,2.9872546587095337,8755.0,154.0
17918,New York,US,2021-02-15 05:31:10,42.1657,-74.9481,1539870,45884,138050.0,1355936.0,36.0,7915.620178742596,,,,84000036.0,USA,180105.59609112176,,2021-02-14,35036952.0,2.9797320553033697,8330.0,133.0
17976,New York,US,2021-02-16 05:31:00,42.1657,-74.9481,1546408,46000,138542.0,1361866.0,36.0,7949.228421469982,,,,84000036.0,USA,181033.4673430741,,2021-02-15,35217456.0,2.974635413163926,6538.0,116.0
18034,New York,US,2021-02-17 05:30:30,42.1657,-74.9481,1553117,46141,138975.0,1368001.0,36.0,7983.715680640681,,,,84000036.0,USA,181734.58319533366,,2021-02-16,35353848.0,2.9708643972089686,6709.0,141.0
18092,New York,US,2021-02-18 05:30:52,42.1657,-74.9481,1559042,46267,139544.0,1373231.0,36.0,8014.172829334434,,,,84000036.0,USA,182608.26899506984,,2021-02-17,35523811.0,2.967655778356196,5925.0,126.0
18150,New York,US,2021-02-19 05:31:04,42.1657,-74.9481,1568624,46436,140215.0,1381973.0,36.0,8063.428592842205,,,,84000036.0,USA,183717.2227747917,,2021-02-18,35739542.0,2.960301512663328,9582.0,169.0
18208,New York,US,2021-02-20 05:30:30,42.1657,-74.9481,1577197,46593,140968.0,1389636.0,36.0,8107.497645289725,,,,84000036.0,USA,184998.46891785008,,2021-02-19,35988790.0,2.9541648887234757,8573.0,157.0
18266,New York,US,2021-02-21 05:30:53,42.1657,-74.9481,1585435,46703,141592.0,1397140.0,36.0,8149.844647979874,,,,84000036.0,USA,186292.03671245585,,2021-02-20,36240435.0,2.9457530583089184,8238.0,110.0
18324,New York,US,2021-02-22 05:30:43,42.1657,-74.9481,1591672,46812,142307.0,1402553.0,36.0,8181.905616149145,,,,84000036.0,USA,187428.88255780013,,2021-02-21,36461592.0,2.9410582079724974,6237.0,109.0
18382,New York,US,2021-02-23 05:30:53,42.1657,-74.9481,1597969,46924,142724.0,1408321.0,36.0,8214.275011140633,,,,84000036.0,USA,188158.9237055365,,2021-02-22,36603611.0,2.9364774911152844,6297.0,112.0
18440,New York,US,2021-02-24 05:31:21,42.1657,-74.9481,1604892,47037,,1557855.0,36.0,8249.862325977234,,,,84000036.0,USA,188967.6856591963,,2021-02-23,36760944.0,2.9308514217779136,6923.0,113.0
18498,New York,US,2021-02-25 05:31:00,42.1657,-74.9481,1611031,47156,,1563875.0,36.0,8281.419530336889,,,,84000036.0,USA,190082.20140261206,,2021-02-24,36977757.0,2.927069683947733,6139.0,119.0
18556,New York,US,2021-02-26 05:30:48,42.1657,-74.9481,1619924,47264,,1572660.0,36.0,8327.133525836221,,,,84000036.0,USA,191516.08797998482,,2021-02-25,37256699.0,2.9176677424372994,8893.0,108.0
18614,New York,US,2021-02-27 05:30:48,42.1657,-74.9481,1627998,47389,,1580609.0,36.0,8349.180903177572,,,,84000036.0,USA,193012.9296122185,,2021-02-26,37547888.0,2.9176591986395874,8074.0,125.0
18672,New York,US,2021-02-28 05:30:29,42.1657,-74.9481,1636040,47498,,1588542.0,36.0,8409.97697028323,,,,84000036.0,USA,194479.5351349812,,2021-02-27,37833195.0,2.9032297498838657,8042.0,109.0
18730,New York,US,2021-03-01 05:30:39,42.1657,-74.9481,1643867,47615,,1596252.0,36.0,8450.211249241205,,,,84000036.0,USA,195886.57829792704,,2021-02-28,38106915.0,2.8965238671985016,7827.0,117.0
18788,New York,US,2021-03-02 05:30:53,42.1657,-74.9481,1650303,47719,,1602584.0,36.0,8483.295166370825,,,,84000036.0,USA,196781.82827298305,,2021-03-01,38281073.0,2.891529616076563,6436.0,104.0
18846,New York,US,2021-03-03 05:30:49,42.1657,-74.9481,1656684,47818,,1608866.0,36.0,8516.096358913413,,,,84000036.0,USA,197439.98026890808,,2021-03-02,38409107.0,2.886368190916312,6381.0,99.0
18904,New York,US,2021-03-04 05:30:41,42.1657,-74.9481,1663248,47935,,1615313.0,36.0,8549.83825326376,,,,84000036.0,USA,198560.9524138023,,2021-03-03,38627176.0,2.882011582157322,6564.0,117.0
18962,New York,US,2021-03-05 05:31:07,42.1657,-74.9481,1670716,48049,,1622667.0,36.0,8588.227111735481,,,,84000036.0,USA,199949.33061355707,,2021-03-04,38897265.0,2.8759525855980312,7468.0,114.0
19020,New York,US,2021-03-06 04:30:38,42.1657,-74.9481,1678867,48153,,1630714.0,36.0,8630.12689553342,,,,84000036.0,USA,201475.70925446504,,2021-03-05,39194200.0,2.8681843171615142,8151.0,104.0
19078,New York,US,2021-03-07 05:31:30,42.1657,-74.9481,1686993,48247,,1638746.0,36.0,8671.898168155434,,,,84000036.0,USA,201475.70925446504,,2021-03-06,39194200.0,2.8599407347866883,8126.0,94.0
19136,New York,US,2021-03-08 05:31:09,42.1657,-74.9481,1694651,48335,,,36.0,8711.26371156417,,,,84000036.0,USA,204050.55917525844,,2021-03-07,39695100.0,2.852209688012458,7658.0,88.0
19194,New York,US,2021-03-09 05:30:55,42.1657,-74.9481,1700091,48401,,,36.0,8739.227743445017,,,,84000036.0,USA,204050.55917525844,,2021-03-08,39695100.0,2.84696525068364,5440.0,66.0
19252,New York,US,2021-03-10 05:31:08,42.1657,-74.9481,1706924,48481,,,36.0,8774.352418048295,,,,84000036.0,USA,204803.40848649765,,2021-03-09,39841556.0,2.840255336500044,6833.0,80.0
19310,New York,US,2021-03-11 05:30:58,42.1657,-74.9481,1713030,48573,,,36.0,8805.73998765573,,,,84000036.0,USA,205700.48846069878,,2021-03-10,40016070.0,2.8355020052188227,6106.0,92.0
19368,New York,US,2021-03-12 05:30:41,42.1657,-74.9481,1720199,48690,,,36.0,8842.591852463413,,,,84000036.0,USA,206757.44661864228,,2021-03-11,40221686.0,2.8304864727859966,7169.0,117.0
19426,New York,US,2021-03-13 05:30:48,42.1657,-74.9481,1724425,48757,,,36.0,8864.315381641438,,,,84000036.0,USA,208007.3617370105,,2021-03-12,40464839.0,2.8274352320338663,4226.0,67.0
19484,New York,US,2021-03-14 05:31:09,42.1657,-74.9481,1734676,48850,,,36.0,8917.01010421691,,,,84000036.0,USA,209545.78444532602,,2021-03-13,40764117.0,2.816087845799446,10251.0,93.0
19542,New York,US,2021-03-15 05:31:06,42.1657,-74.9481,1741363,48953,,,36.0,8951.384273552796,,,,84000036.0,USA,210706.4614031333,,2021-03-14,40989910.0,2.811188706777392,6687.0,103.0
19600,New York,US,2021-03-16 05:31:04,42.1657,-74.9481,1748482,49016,,,36.0,8987.979116008632,,,,84000036.0,USA,211768.88899672407,,2021-03-15,41196590.0,2.8033459881199807,7119.0,63.0
19658,New York,US,2021-03-17 05:31:00,42.1657,-74.9481,1755193,49110,,,36.0,9022.476656073404,,,,84000036.0,USA,212421.7514726481,,2021-03-16,41323595.0,2.7979828998862235,6711.0,94.0
19716,New York,US,2021-03-18 05:31:01,42.1657,-74.9481,1761775,49171,,,36.0,9056.311078470417,,,,84000036.0,USA,213229.29514036016,,2021-03-17,41480691.0,2.7909920392785685,6582.0,61.0
19774,New York,US,2021-03-19 05:30:59,42.1657,-74.9481,1767290,49262,,,36.0,9084.660643879031,,,,84000036.0,USA,214583.29403033204,,2021-03-18,41744092.0,2.7874316043207394,5515.0,91.0
19832,New York,US,2021-03-20 05:31:09,42.1657,-74.9481,1772367,49335,,,36.0,9110.758693485475,,,,84000036.0,USA,215978.73520431554,,2021-03-19,42015555.0,2.7835657061996755,5077.0,73.0
19890,New York,US,2021-03-21 05:30:52,42.1657,-74.9481,1779034,49401,,,36.0,9145.030053880624,,,,84000036.0,USA,217410.8123443312,,2021-03-20,42294145.0,2.7768440625642907,6667.0,66.0
19948,New York,US,2021-03-22 05:30:46,42.1657,-74.9481,1782769,49426,,,36.0,9164.229623563522,,,,84000036.0,USA,218737.7107975245,,2021-03-21,42552274.0,2.772428733055152,3735.0,25.0
20006,New York,US,2021-03-23 05:31:19,42.1657,-74.9481,1785565,49444,,,36.0,9178.60231347875,,,,84000036.0,USA,220003.62812751863,,2021-03-22,42798540.0,2.769095496383497,2796.0,18.0
20064,New York,US,2021-03-24 05:31:13,42.1657,-74.9481,1788874,49462,,,36.0,9195.612052723922,,,,84000036.0,USA,220786.66214375867,,2021-03-23,42950868.0,2.764979534612276,3309.0,18.0
20122,New York,US,2021-03-25 05:30:43,42.1657,-74.9481,1816518,49717,,,36.0,9337.714570612548,,,,84000036.0,USA,221524.4242429445,,2021-03-24,43094389.0,2.7369395734036215,27644.0,255.0
20180,New York,US,2021-03-26 05:30:37,42.1657,-74.9481,1825069,49790,,,36.0,9381.670533225251,,,,84000036.0,USA,222591.04644131733,,2021-03-25,43301885.0,2.7281160328732783,8551.0,73.0
20238,New York,US,2021-03-27 05:31:28,42.1657,-74.9481,1833128,49848,,,36.0,9423.097395895797,,,,84000036.0,USA,223970.1050105942,,2021-03-26,43570161.0,2.7192863782561827,8059.0,58.0
20296,New York,US,2021-03-28 05:31:16,42.1657,-74.9481,1841822,49928,,,36.0,9467.78844243478,,,,84000036.0,USA,225422.0191357253,,2021-03-27,43852610.0,2.71079398552086,8694.0,80.0
20354,New York,US,2021-03-29 04:31:08,42.1657,-74.9481,1850732,50017,,,36.0,9513.589825533742,,,,84000036.0,USA,226758.25264073766,,2021-03-28,44112555.0,2.7025522874192482,8910.0,89.0
20412,New York,US,2021-03-30 04:31:00,42.1657,-74.9481,1859474,50158,,,36.0,9558.527613530501,,,,84000036.0,USA,228132.093656272,,2021-03-29,44379816.0,2.697429488124061,8742.0,141.0
20470,New York,US,2021-03-31 04:31:15,42.1657,-74.9481,1865349,50212,,,36.0,9588.727739872409,,,,84000036.0,USA,229080.66034799488,,2021-03-30,44564346.0,2.6918287140905,5875.0,54.0
20528,New York,US,2021-04-01 04:30:33,42.1657,-74.9481,1873138,50299,,,36.0,9628.766681842979,,,,84000036.0,USA,229859.114225925,,2021-03-31,44715783.0,2.68527999538742,7789.0,87.0
20586,New York,US,2021-04-02 04:30:39,42.1657,-74.9481,1882308,50375,,,36.0,9675.90458117154,,,,84000036.0,USA,230991.9093990041,,2021-04-01,44936152.0,2.676235770129012,9170.0,76.0
20644,New York,US,2021-04-03 04:30:31,42.1657,-74.9481,1890346,50458,,,36.0,9717.223494454303,,,,84000036.0,USA,232223.8278122961,,2021-04-02,45175804.0,2.669246793973167,8038.0,83.0
20702,New York,US,2021-04-04 04:30:32,42.1657,-74.9481,1898101,50551,,,36.0,9757.087661225623,,,,84000036.0,USA,233548.24342957052,,2021-04-03,45433450.0,2.6632407864491934,7755.0,93.0
20760,New York,US,2021-04-05 04:30:40,42.1657,-74.9481,1905737,50633,,,36.0,9796.340114799548,,,,84000036.0,USA,234839.57512971532,,2021-04-04,45684660.0,2.656872380606558,7636.0,82.0
20818,New York,US,2021-04-06 04:30:57,42.1657,-74.9481,1912396,50706,,,36.0,9830.5703516184,,,,84000036.0,USA,235998.2884367545,,2021-04-05,45910071.0,2.651438300435684,6659.0,73.0
20876,New York,US,2021-04-07 04:30:42,42.1657,-74.9481,1918437,50751,,,36.0,9861.623792168437,,,,84000036.0,USA,236770.51209287602,,2021-04-06,46060296.0,2.6454347992662783,6041.0,45.0
20934,New York,US,2021-04-08 04:30:30,42.1657,-74.9481,1925080,50843,,,36.0,9895.7717818347,,,,84000036.0,USA,237453.4924479893,,2021-04-07,46193160.0,2.6410850458162787,6643.0,92.0
20992,New York,US,2021-04-09 04:30:59,42.1657,-74.9481,1933807,50898,,,36.0,9940.632463125905,,,,84000036.0,USA,238592.99590445164,,2021-04-08,46414834.0,2.632010329882972,8727.0,55.0
21050,New York,US,2021-04-10 04:30:47,42.1657,-74.9481,1942469,50977,,,36.0,9985.159015359706,,,,84000036.0,USA,239948.7219846279,,2021-04-09,46678571.0,2.6243404656650893,8662.0,79.0
21108,New York,US,2021-04-11 04:30:51,42.1657,-74.9481,1949964,51036,,,36.0,10023.686665901425,,,,84000036.0,USA,241516.332151219,,2021-04-10,46983527.0,2.617279088229321,7495.0,59.0
21166,New York,US,2021-04-12 04:30:34,42.1657,-74.9481,1956594,51117,,,36.0,10057.767829756209,,,,84000036.0,USA,242856.4466937441,,2021-04-11,47244227.0,2.612550176480149,6630.0,81.0
21224,New York,US,2021-04-13 04:30:56,42.1657,-74.9481,1962225,51204,,,36.0,10086.713687021109,,,,84000036.0,USA,244018.43446554593,,2021-04-12,47470275.0,2.609486679662118,5631.0,87.0
21282,New York,US,2021-04-14 04:30:32,42.1657,-74.9481,1967248,51258,,,36.0,10112.534152487557,,,,84000036.0,USA,244694.0742622905,,2021-04-13,47601711.0,2.605568794580043,5023.0,54.0
21340,New York,US,2021-04-15 04:30:32,42.1657,-74.9481,1973308,51350,,,36.0,10143.685261531296,,,,84000036.0,USA,245356.7395707141,,2021-04-14,47730623.0,2.6022293529443963,6060.0,92.0
21398,New York,US,2021-04-16 04:31:03,42.1657,-74.9481,1980337,51418,,,36.0,10179.817463753809,,,,84000036.0,USA,246426.79044726052,,2021-04-15,47938786.0,2.5964267697871626,7029.0,68.0
21456,New York,US,2021-04-17 04:31:07,42.1657,-74.9481,1986681,51470,,,36.0,10212.42845975603,,,,84000036.0,USA,247707.2912254985,,2021-04-16,48187889.0,2.59075312040534,6344.0,52.0
21514,New York,US,2021-04-18 04:30:57,42.1657,-74.9481,1993271,51537,,,36.0,10246.304005729336,,,,84000036.0,USA,248904.6504133613,,2021-04-17,48420818.0,2.5855490798792538,6590.0,67.0
21572,New York,US,2021-04-19 04:30:30,42.1657,-74.9481,1998912,51579,,,36.0,10275.301267464605,,,,84000036.0,USA,250427.45644357865,,2021-04-18,48717058.0,2.5803537124195564,5641.0,42.0
21630,New York,US,2021-04-20 04:30:55,42.1657,-74.9481,2003938,51627,,,36.0,10301.137154272166,,,,84000036.0,USA,251677.4640899936,,2021-04-19,48960229.0,2.576277309976656,5026.0,48.0
21688,New York,US,2021-04-21 04:30:46,42.1657,-74.9481,2008514,51689,,,36.0,10324.659839913114,,,,84000036.0,USA,252436.10668504343,,2021-04-20,49107812.0,2.5734946333458466,4576.0,62.0
21746,New York,US,2021-04-22 04:30:30,42.1657,-74.9481,2012806,51732,,,36.0,10346.722638595576,,,,84000036.0,USA,253034.881377245,,2021-04-21,49224295.0,2.5701433719891535,4292.0,43.0
21804,New York,US,2021-04-23 04:30:31,42.1657,-74.9481,2018044,51830,,,36.0,10373.648300174966,,,,84000036.0,USA,254075.3078575177,,2021-04-22,49426695.0,2.5683285399129057,5238.0,98.0
21862,New York,US,2021-04-24 04:30:47,42.1657,-74.9481,2022891,51892,,,36.0,10398.564046962918,,,,84000036.0,USA,255321.51671357238,,2021-04-23,49669127.0,2.5652395507222088,4847.0,62.0
21920,New York,US,2021-04-25 04:30:46,42.1657,-74.9481,2027029,51951,,,36.0,10419.835216801695,,,,84000036.0,USA,256560.00461817769,,2021-04-24,49910057.0,2.5629135054308545,4138.0,59.0
21978,New York,US,2021-04-26 04:30:31,42.1657,-74.9481,2031093,52003,,,36.0,10440.72599355974,,,,84000036.0,USA,257758.0731877316,,2021-04-25,50143124.0,2.5603455873266268,4064.0,52.0
22036,New York,US,2021-04-27 04:30:56,42.1657,-74.9481,2034102,52042,,,36.0,10456.193598693832,,,,84000036.0,USA,258878.5467092632,,2021-04-26,50361096.0,2.558475435351816,3009.0,39.0
22094,New York,US,2021-04-28 04:30:34,42.1657,-74.9481,2037414,52117,,,36.0,10473.218759280113,,,,84000036.0,USA,259531.1418819413,,2021-04-27,50488049.0,2.557997540018868,3312.0,75.0
22152,New York,US,2021-04-29 04:30:35,42.1657,-74.9481,2040448,52140,,,36.0,10488.81487559013,,,,84000036.0,USA,260064.0777284941,,2021-04-28,50591724.0,2.5553211843673544,3034.0,23.0
22210,New York,US,2021-04-30 04:30:59,42.1657,-74.9481,2044345,52209,,,36.0,10508.847197693009,,,,84000036.0,USA,260956.0840814697,,2021-04-29,50765251.0,2.5538253083505964,3897.0,69.0
22268,New York,US,2021-05-01 04:30:31,42.1657,-74.9481,2048150,52258,,,36.0,10528.406598668493,,,,84000036.0,USA,262118.17466221226,,2021-04-30,50991319.0,2.551473280765569,3805.0,49.0
22326,New York,US,2021-05-02 04:30:59,42.1657,-74.9481,2052022,52309,,,36.0,10548.310409595446,,,,84000036.0,USA,263249.45340341545,,2021-05-01,51211393.0,2.5491442099548642,3872.0,51.0
22384,New York,US,2021-05-03 04:30:41,42.1657,-74.9481,2054848,52358,,,36.0,10562.837312921783,,,,84000036.0,USA,263249.45340341545,,2021-05-02,51211393.0,2.5480230167876163,2826.0,49.0
22442,New York,US,2021-05-04 04:30:32,42.1657,-74.9481,2057276,52423,,,36.0,10575.318318327429,,,,84000036.0,USA,265430.02589603,,2021-05-03,51635592.0,2.5481753542062417,2428.0,65.0
22500,New York,US,2021-05-05 04:30:45,42.1657,-74.9481,2059485,52483,,,36.0,10586.673565831983,,,,84000036.0,USA,266011.6109333401,,2021-05-04,51748731.0,2.5483555354858134,2209.0,60.0
22558,New York,US,2021-05-06 04:30:57,42.1657,-74.9481,2061887,52538,,,36.0,10599.020919614666,,,,84000036.0,USA,266508.93376282114,,2021-05-05,51845478.0,2.54805428231518,2402.0,55.0
22616,New York,US,2021-05-07 04:30:42,42.1657,-74.9481,2064530,52572,,,36.0,10612.60712113325,,,,84000036.0,USA,267360.176370794,,2021-05-06,52011075.0,2.5464391411120206,2643.0,34.0
22674,New York,US,2021-05-08 04:30:57,42.1657,-74.9481,2066989,52611,,,36.0,10625.247480397034,,,,84000036.0,USA,268406.9975671806,,2021-05-07,52214719.0,2.545296564229418,2459.0,39.0
22732,New York,US,2021-05-09 04:31:08,42.1657,-74.9481,2070053,52653,,,36.0,10640.997810118159,,,,84000036.0,USA,269409.32305401564,,2021-05-08,52409707.0,2.5435580634891957,3064.0,42.0
22790,New York,US,2021-05-10 04:30:58,42.1657,-74.9481,2072426,52688,,,36.0,10653.19609093677,,,,84000036.0,USA,270687.094254877,,2021-05-09,52658279.0,2.542334442822084,2373.0,35.0
22848,New York,US,2021-05-11 04:31:00,42.1657,-74.9481,2074079,52729,,,36.0,10661.6932498888,,,,84000036.0,USA,271567.58600649005,,2021-05-10,52829566.0,2.5422850335016167,1653.0,41.0
22906,New York,US,2021-05-12 04:31:06,42.1657,-74.9481,2075539,52770,,,36.0,10669.198302562703,,,,84000036.0,USA,272135.81616239826,,2021-05-11,52940107.0,2.5424721000183568,1460.0,41.0
22964,New York,US,2021-05-13 04:31:15,42.1657,-74.9481,2077563,52825,,,36.0,10679.60256736543,,,,84000036.0,USA,272648.0925523096,,2021-05-12,53039763.0,2.5426425095171603,2024.0,55.0
