,Province_State,Country_Region,Last_Update,Lat,Long_,Confirmed,Deaths,Recovered,Active,FIPS,Incident_Rate,People_Tested,People_Hospitalized,Mortality_Rate,UID,ISO3,Testing_Rate,Hospitalization_Rate,date,Total_Test_Results,Case_Fatality_Ratio,Cum_Confirmerd,Cum_Deaths,Cum_Recovered,Interpolated_Recovered
41,Pennsylvania,US,2020-04-12 23:18:15,40.5908,-77.2098,22938,557,,22381.0,42.0,182.2284446,129733.0,2097.0,2.428284942,84000042.0,USA,992.175013,9.142035051,2020-04-12,,,,,,
102,Pennsylvania,US,2020-04-13 23:07:54,40.5908,-77.2098,24292,589,,23703.0,42.0,192.985150264584,134868.0,2243.0,2.4246665568911574,84000042.0,USA,1031.1184185386498,9.233492507821506,2020-04-13,,,1354.0,32.0,,
161,Pennsylvania,US,2020-04-14 23:33:31,40.5908,-77.2098,25465,691,,24774.0,42.0,202.3039211,139078.0,2317.0,2.713528372,84000042.0,USA,1061.616936,9.098763007999999,2020-04-14,,,1173.0,102.0,,
220,Pennsylvania,US,2020-04-15 22:56:51,40.5908,-77.2098,26753,779,,25974.0,42.0,212.53629693019985,143470.0,2395.0,2.9118229731245093,84000042.0,USA,1093.0211145234036,8.952267035472659,2020-04-15,,,1288.0,88.0,,
279,Pennsylvania,US,2020-04-16 23:30:51,40.5908,-77.2098,28258,841,,27417.0,42.0,224.49260563875407,147831.0,2512.0,2.976148347370656,84000042.0,USA,1123.8930186040957,8.889518012598204,2020-04-16,,,1505.0,62.0,,
338,Pennsylvania,US,2020-04-17 23:30:52,40.5908,-77.2098,29888,921,,28967.0,42.0,237.44196324336758,154082.0,2603.0,3.081504282655246,84000042.0,USA,1170.7887596716012,8.709180942184155,2020-04-17,,,1630.0,80.0,,
397,Pennsylvania,US,2020-04-18 22:32:47,40.5908,-77.2098,31652,1042,,30610.0,42.0,251.45586926455672,161231.0,2613.0,3.292051055225578,84000042.0,USA,1223.1581862541855,8.255402502211549,2020-04-18,,,1764.0,121.0,,
456,Pennsylvania,US,2020-04-19 23:41:01,40.5908,-77.2098,32902,1276,,31626.0,42.0,261.38635822514993,166548.0,2634.0,3.8781836970396935,84000042.0,USA,1261.9983146768575,8.005592365205763,2020-04-19,,,1250.0,234.0,,
515,Pennsylvania,US,2020-04-20 23:36:47,40.5908,-77.2098,33914,1348,,32566.0,42.0,269.4260820876462,170878.0,2701.0,3.974759686265259,84000042.0,USA,1294.5544296852665,7.964262546440997,2020-04-20,,,1012.0,72.0,,
574,Pennsylvania,US,2020-04-21 23:40:34,40.5908,-77.2098,35249,1614,,33635.0,42.0,280.0318442975597,174946.0,2743.0,4.5788533008028605,84000042.0,USA,1325.5296108511486,7.781781043433857,2020-04-21,,,1335.0,266.0,,
633,Pennsylvania,US,2020-04-22 23:40:26,40.5908,-77.2098,36082,1673,,34409.0,42.0,286.649522140899,180769.0,2764.0,4.636660938972341,84000042.0,USA,1361.009261809556,7.660329250041572,2020-04-22,,,833.0,59.0,,
692,Pennsylvania,US,2020-04-24 03:33:00,40.5908,-77.2098,38379,1724,,36655.0,42.0,304.89778865488506,189024.0,2750.0,4.4920399176633055,84000042.0,USA,1419.7262569357517,7.165376898824878,2020-04-23,,,2297.0,51.0,,
751,Pennsylvania,US,2020-04-25 06:32:46,40.5908,-77.2098,40208,1747,,38461.0,42.0,319.4280801020251,196947.0,2746.0,4.3449064862713875,84000042.0,USA,1478.7928052733596,6.829486669319539,2020-04-24,,,1829.0,23.0,,
810,Pennsylvania,US,2020-04-26 02:32:45,40.5908,-77.2098,41153,1793,,39360.0,42.0,326.9355297562335,204238.0,2748.0,4.356912011274998,84000042.0,USA,1532.751110089639,6.677520472383544,2020-04-25,,,945.0,46.0,,
869,Pennsylvania,US,2020-04-27 02:32:46,40.5908,-77.2098,42616,1816,,40800.0,42.0,338.55817403571183,210844.0,2736.0,4.261310305988361,84000042.0,USA,1577.700475320868,6.420123897127839,2020-04-26,,,1463.0,23.0,,
928,Pennsylvania,US,2020-04-28 02:32:46,40.5908,-77.2098,43558,1886,,41672.0,42.0,346.0417905164148,216298.0,2800.0,4.329859038523348,84000042.0,USA,1616.0639402734314,6.42821066164654,2020-04-27,,,942.0,70.0,,
987,Pennsylvania,US,2020-04-29 02:32:33,40.5908,-77.2098,45137,2046,,43091.0,42.0,358.58598417143617,222866.0,,4.532866606110288,84000042.0,USA,1661.0768606340084,,2020-04-28,,,1579.0,160.0,,
1046,Pennsylvania,US,2020-04-30 02:32:31,40.5908,-77.2098,46327,2373,,43954.0,42.0,368.03980966192086,229202.0,,5.122282901979407,84000042.0,USA,1707.1146074553185,,2020-04-29,,,1190.0,327.0,,
1105,Pennsylvania,US,2020-05-01 02:32:32,40.5908,-77.2098,47971,2475,0.0,45496.0,42.0,381.10038874289313,236918.0,,5.15936711763357,84000042.0,USA,1758.6101510093704,,2020-04-30,,,1644.0,102.0,,0.0
1163,Pennsylvania,US,2020-05-02 02:32:31,40.5908,-77.2098,49579,2635,0.0,46944.0,42.0,393.87496974180016,243945.0,,5.314750196655842,84000042.0,USA,1806.9358824872013,,2020-05-01,,,1608.0,160.0,0.0,0.0
1221,Pennsylvania,US,2020-05-03 02:32:33,40.5908,-77.2098,50494,2695,0.0,47799.0,42.0,401.14408766095437,252932.0,,5.3372677941933695,84000042.0,USA,1869.919015670868,,2020-05-02,,,915.0,60.0,0.0,0.0
1279,Pennsylvania,US,2020-05-04 02:32:32,40.5908,-77.2098,51225,2720,0.0,48505.0,42.0,406.95143760510933,258986.0,,5.309907271839922,84000042.0,USA,1911.7462351728861,,2020-05-03,,,731.0,25.0,0.0,0.0
1337,Pennsylvania,US,2020-05-05 02:32:38,40.5908,-77.2098,52816,2838,0.0,49978.0,42.0,419.5909639541523,264726.0,,5.373371705543773,84000042.0,USA,1951.0630270656668,,2020-05-04,,,1591.0,118.0,0.0,0.0
1395,Pennsylvania,US,2020-05-06 02:32:35,40.5908,-77.2098,53864,3179,,50685.0,42.0,427.9166858987136,271071.0,,5.9019010842120885,84000042.0,USA,1993.1047451292345,,2020-05-05,,,1048.0,341.0,2098.1666666666665,2098.1666666666665
1453,Pennsylvania,US,2020-05-07 02:32:32,40.5908,-77.2098,54800,3345,,51455.0,42.0,435.35263603240577,277573.0,,6.104014598540147,84000042.0,USA,2036.4652321267686,,2020-05-06,,,936.0,166.0,2098.1666666666665,4196.333333333333
1511,Pennsylvania,US,2020-05-08 02:32:36,40.5908,-77.2098,55956,3589,,52367.0,42.0,444.5363522231624,285820.0,,6.4139681178068475,84000042.0,USA,2087.6906663810923,,2020-05-07,,,1156.0,244.0,2098.166666666667,6294.5
1569,Pennsylvania,US,2020-05-09 02:32:39,40.5908,-77.2098,57371,3715,,53656.0,42.0,455.7776657265539,294860.0,,6.475396977567064,84000042.0,USA,2149.4265301513087,,2020-05-08,,,1415.0,126.0,2098.166666666666,8392.666666666666
1627,Pennsylvania,US,2020-05-10 02:32:34,40.5908,-77.2098,58560,3779,,54781.0,42.0,465.2235468258701,302677.0,,6.453210382513661,84000042.0,USA,2201.44640352248,,2020-05-09,,,1189.0,64.0,2098.166666666666,10490.833333333332
1685,Pennsylvania,US,2020-05-11 02:32:34,40.5908,-77.2098,59939,3806,,56133.0,42.0,476.1788622471966,312051.0,,6.349788952101302,84000042.0,USA,2259.2497936643003,,2020-05-10,,,1379.0,27.0,2098.166666666668,12589.0
1743,Pennsylvania,US,2020-05-12 03:32:31,40.5908,-77.2098,60459,3832,,56627.0,42.0,480.3099456548034,317433.0,,6.338179592781884,84000042.0,USA,2294.8009441432237,,2020-05-11,,,520.0,26.0,2098.166666666666,14687.166666666666
1801,Pennsylvania,US,2020-05-13 03:32:30,40.5908,-77.2098,61310,3914,,57396.0,42.0,487.0706225391752,326127.0,,6.3839504159191,84000042.0,USA,2351.3808980451,,2020-05-12,,,851.0,82.0,2098.166666666666,16785.333333333332
1859,Pennsylvania,US,2020-05-14 03:32:32,40.5908,-77.2098,62101,4094,,58007.0,42.0,493.35463595343856,334131.0,,6.592486433390768,84000042.0,USA,2406.109808804721,,2020-05-13,,,791.0,180.0,2098.166666666668,18883.5
1917,Pennsylvania,US,2020-05-15 02:33:07,40.5908,-77.2098,63105,4288,,58817.0,42.0,492.93121561032433,344206.0,,6.795024166072419,84000042.0,USA,2430.833208808413,,2020-05-14,,,1004.0,194.0,2098.1666666666642,20981.666666666664
1975,Pennsylvania,US,2020-05-16 02:32:24,40.5908,-77.2098,64136,4422,,59714.0,42.0,500.98465168185976,354816.0,,6.894723712111762,84000042.0,USA,2498.2992877122447,,2020-05-15,,,1031.0,134.0,2098.166666666668,23079.833333333332
2033,Pennsylvania,US,2020-05-17 02:32:37,40.5908,-77.2098,65185,4480,,60705.0,42.0,509.17869090498357,364493.0,,6.87274679757613,84000042.0,USA,2560.8208224518858,,2020-05-16,,,1049.0,58.0,2098.166666666668,25178.0
2091,Pennsylvania,US,2020-05-18 02:32:26,40.5908,-77.2098,65700,4495,,61205.0,42.0,513.2015032976516,370473.0,,6.841704718417048,84000042.0,USA,2600.4084209102193,,2020-05-17,,,515.0,15.0,2098.1666666666642,27276.166666666664
2149,Pennsylvania,US,2020-05-19 02:32:23,40.5908,-77.2098,66669,4515,,62154.0,42.0,520.7706396248269,379448.0,,6.772262970796023,84000042.0,USA,2660.594381076253,,2020-05-18,,,969.0,20.0,2098.166666666668,29374.333333333332
2207,Pennsylvania,US,2020-05-20 02:32:25,40.5908,-77.2098,67311,4628,,62683.0,42.0,525.7854853648132,390431.0,,6.875547830220915,84000042.0,USA,2731.606783914593,,2020-05-19,,,642.0,113.0,2098.1666666666642,31472.499999999996
2265,Pennsylvania,US,2020-05-21 02:32:54,40.5908,-77.2098,68126,4770,,63356.0,42.0,532.1516836172879,400481.0,,7.001732084666648,84000042.0,USA,2731.606783914593,,2020-05-20,,,815.0,142.0,2098.166666666668,33570.666666666664
2323,Pennsylvania,US,2020-05-22 02:36:57,40.5908,-77.2098,69252,4869,,64383.0,42.0,540.9471918777622,413149.0,,7.030843874545139,84000042.0,USA,2881.6303466594136,,2020-05-21,,,1126.0,99.0,2098.1666666666642,35668.83333333333
2381,Pennsylvania,US,2020-05-23 02:32:47,40.5908,-77.2098,70211,5010,37767.0,27434.0,42.0,548.438215342944,425816.0,,7.135634017461651,84000042.0,USA,2960.485280841907,,2020-05-22,,,959.0,141.0,2098.1666666666715,37767.0
2439,Pennsylvania,US,2020-05-24 02:32:48,40.5908,-77.2098,71009,5112,39519.0,26378.0,42.0,554.6716217300296,437273.0,,7.19908743962033,84000042.0,USA,3034.3097467120147,,2020-05-23,,,798.0,102.0,1752.0,39519.0
2497,Pennsylvania,US,2020-05-25 02:32:50,40.5908,-77.2098,71563,5136,40627.0,25800.0,42.0,558.9990742844725,446455.0,,7.176893087209871,84000042.0,USA,3094.0114071336884,,2020-05-24,,,554.0,24.0,1108.0,40627.0
2555,Pennsylvania,US,2020-05-26 02:32:41,40.5908,-77.2098,71925,5146,40911.0,25868.0,42.0,561.8267598886392,455092.0,,7.154675008689607,84000042.0,USA,3148.8388249669642,,2020-05-25,,,362.0,10.0,284.0,40911.0
2613,Pennsylvania,US,2020-05-27 02:32:37,40.5908,-77.2098,72778,5163,41868.0,25747.0,42.0,568.4897870166892,461534.0,,7.094176811673857,84000042.0,USA,3190.6916964231104,,2020-05-26,,,853.0,17.0,957.0,41868.0
2671,Pennsylvania,US,2020-05-28 02:32:37,40.5908,-77.2098,73557,5265,43038.0,25254.0,42.0,574.5747789659872,475121.0,,7.157714425547535,84000042.0,USA,3276.108111013062,,2020-05-27,,,779.0,102.0,1170.0,43038.0
2729,Pennsylvania,US,2020-05-29 02:32:58,40.5908,-77.2098,74220,5373,44826.0,24021.0,42.0,579.7536617161599,485597.0,,7.239288601455133,84000042.0,USA,3342.027555249423,,2020-05-28,,,663.0,108.0,1788.0,44826.0
2787,Pennsylvania,US,2020-05-30 02:32:55,40.5908,-77.2098,74984,5464,46370.0,23150.0,42.0,585.7214843724673,498040.0,,7.286887869412141,84000042.0,USA,3423.7570427532783,,2020-05-29,,,764.0,91.0,1544.0,46370.0
2845,Pennsylvania,US,2020-05-31 02:32:52,40.5908,-77.2098,75697,5537,47133.0,23027.0,42.0,591.2909314326079,510089.0,,7.314688825184617,84000042.0,USA,3497.675244057779,,2020-05-30,,,713.0,73.0,763.0,47133.0
2903,Pennsylvania,US,2020-06-01 02:32:54,40.5908,-77.2098,76129,5555,48190.0,22384.0,42.0,594.6654070707293,520104.0,,7.296825125773357,84000042.0,USA,3559.267235739697,,2020-05-31,,,432.0,18.0,1057.0,48190.0
2961,Pennsylvania,US,2020-06-02 02:33:16,40.5908,-77.2098,76646,5567,48428.0,22651.0,42.0,598.7038420357961,528521.0,,7.263262270699058,84000042.0,USA,3611.3841372617962,,2020-06-01,,,517.0,12.0,238.0,48428.0
3019,Pennsylvania,US,2020-06-03 02:33:21,40.5908,-77.2098,77225,5667,48838.0,22720.0,42.0,603.2265767452228,541752.0,,7.338297183554548,84000042.0,USA,3693.730716375401,,2020-06-02,,,579.0,100.0,410.0,48838.0
3077,Pennsylvania,US,2020-06-04 02:33:23,40.5908,-77.2098,77780,5742,49915.0,22123.0,42.0,607.5618405858653,553578.0,,7.382360503985599,84000042.0,USA,3713.4151575977758,,2020-06-03,,,555.0,75.0,1077.0,49915.0
3135,Pennsylvania,US,2020-06-05 02:33:15,40.5908,-77.2098,78335,5832,51019.0,21484.0,42.0,611.8971044265073,565696.0,,7.444947979830216,84000042.0,USA,3839.262789555592,,2020-06-04,,,555.0,90.0,1104.0,51019.0
3193,Pennsylvania,US,2020-06-06 02:33:09,40.5908,-77.2098,78815,5898,52069.0,20848.0,42.0,615.6465218021981,576018.0,,7.483347078601789,84000042.0,USA,3899.4409384354262,,2020-06-05,,,480.0,66.0,1050.0,52069.0
3251,Pennsylvania,US,2020-06-07 03:53:50,40.5908,-77.2098,79505,5931,52560.0,21014.0,42.0,621.0363092797534,591961.0,,7.4599081818753525,84000042.0,USA,3990.223706644335,,2020-06-06,,,690.0,33.0,491.0,52560.0
3309,Pennsylvania,US,2020-06-08 03:33:42,40.5908,-77.2098,79908,5943,53670.0,20295.0,42.0,624.1842576180935,602604.0,,7.4373028983330824,84000042.0,USA,4064.8761688515747,,2020-06-07,,,403.0,12.0,1110.0,53670.0
3367,Pennsylvania,US,2020-06-09 03:33:19,40.5908,-77.2098,80339,5953,53670.0,20716.0,42.0,627.5509219700157,612272.0,,7.409850757415452,84000042.0,USA,4123.968548949699,,2020-06-08,,,431.0,10.0,0.0,53670.0
3425,Pennsylvania,US,2020-06-10 04:07:14,40.5908,-77.2098,80870,6014,53670.0,21186.0,42.0,631.6987149418735,623359.0,,7.43662668480277,84000042.0,USA,4189.224033859114,,2020-06-09,,,531.0,61.0,0.0,53670.0
3483,Pennsylvania,US,2020-06-11 03:33:54,40.5908,-77.2098,81316,6062,54560.0,20694.0,42.0,635.182548586786,634939.0,,7.454867430763932,84000042.0,USA,4252.698545515076,,2020-06-10,,,446.0,48.0,890.0,54560.0
3541,Pennsylvania,US,2020-06-12 05:10:05,40.5908,-77.2098,81848,6113,55665.0,20070.0,42.0,639.3381528448432,648389.0,,7.468722510018573,84000042.0,USA,4330.3583529090665,,2020-06-11,,,532.0,51.0,1105.0,55665.0
3599,Pennsylvania,US,2020-06-13 03:33:25,40.5908,-77.2098,82481,6162,56939.0,19380.0,42.0,644.2826970090351,663676.0,,7.470811459608879,84000042.0,USA,4424.187522735725,,2020-06-12,,,633.0,49.0,1274.0,56939.0
3657,Pennsylvania,US,2020-06-14 03:33:28,40.5908,-77.2098,82944,6211,58061.0,18672.0,42.0,647.8993225193368,675374.0,,7.488184799382715,84000042.0,USA,4491.887940225539,,2020-06-13,,,463.0,49.0,1122.0,58061.0
3715,Pennsylvania,US,2020-06-15 03:33:25,40.5908,-77.2098,83203,6215,58310.0,18678.0,42.0,649.9224456449698,685891.0,,7.469682583560688,84000042.0,USA,4555.799883908665,,2020-06-14,,,259.0,4.0,249.0,58310.0
3773,Pennsylvania,US,2020-06-16 04:33:22,40.5908,-77.2098,83589,6243,58549.0,18797.0,42.0,652.9376021179207,698168.0,,7.468686071133763,84000042.0,USA,4632.32705480375,,2020-06-15,,,386.0,28.0,239.0,58549.0
3831,Pennsylvania,US,2020-06-17 04:33:33,40.5908,-77.2098,83978,6276,59612.0,18090.0,42.0,655.9761924494702,711551.0,,7.473385886779871,84000042.0,USA,4710.924216541664,,2020-06-16,,,389.0,33.0,1063.0,59612.0
3889,Pennsylvania,US,2020-06-18 04:33:30,40.5908,-77.2098,84289,6319,59863.0,18107.0,42.0,658.4055024574698,724338.0,,7.496826394903248,84000042.0,USA,4786.998332837186,,2020-06-17,,,311.0,43.0,251.0,59863.0
3947,Pennsylvania,US,2020-06-19 04:33:29,40.5908,-77.2098,84683,6361,60979.0,17343.0,42.0,661.4831492200157,738704.0,,7.511543048781927,84000042.0,USA,4874.7737558593435,,2020-06-18,,,394.0,42.0,1116.0,60979.0
4005,Pennsylvania,US,2020-06-20 04:33:32,40.5908,-77.2098,85199,6399,62186.0,16614.0,42.0,665.5137728988833,756024.0,,7.510651533468701,84000042.0,USA,4977.4921693808665,,2020-06-19,,,516.0,38.0,1207.0,62186.0
4063,Pennsylvania,US,2020-06-21 04:33:37,40.5908,-77.2098,85590,6419,62574.0,16597.0,42.0,668.5679858028311,770246.0,,7.499707909802548,84000042.0,USA,5059.580976049893,,2020-06-20,,,391.0,20.0,388.0,62574.0
4121,Pennsylvania,US,2020-06-22 04:33:33,40.5908,-77.2098,85935,6423,62932.0,16580.0,42.0,671.2628795416088,783464.0,,7.4742537964740805,84000042.0,USA,5137.8344411950375,,2020-06-21,,,345.0,4.0,358.0,62932.0
4179,Pennsylvania,US,2020-06-23 04:33:35,40.5908,-77.2098,86576,6426,64105.0,16045.0,42.0,676.2699139953955,796335.0,,7.4223803363518766,84000042.0,USA,5216.751865667124,,2020-06-22,,,641.0,3.0,1173.0,64105.0
4237,Pennsylvania,US,2020-06-24 04:33:41,40.5908,-77.2098,87208,6464,64502.0,16242.0,42.0,681.2066468733882,811695.0,,7.41216402164939,84000042.0,USA,5304.667891840871,,2020-06-23,,,632.0,38.0,397.0,64502.0
4295,Pennsylvania,US,2020-06-25 05:27:08,40.5908,-77.2098,87685,6518,64502.0,16665.0,42.0,684.9326303904808,828333.0,,7.433426469749673,84000042.0,USA,5400.785768523938,,2020-06-24,,,477.0,54.0,0.0,64502.0
4353,Pennsylvania,US,2020-06-26 04:33:54,40.5908,-77.2098,88141,6557,65340.0,16244.0,42.0,688.4945768973868,845713.0,,7.4392167095903154,84000042.0,USA,5505.402324591905,,2020-06-25,,,456.0,39.0,838.0,65340.0
4411,Pennsylvania,US,2020-06-27 04:33:48,40.5908,-77.2098,88860,6579,65808.0,16473.0,42.0,694.1108916747232,865517.0,,7.403781228899393,84000042.0,USA,5616.947491518701,,2020-06-26,,,719.0,22.0,468.0,65808.0
4469,Pennsylvania,US,2020-06-28 04:34:18,40.5908,-77.2098,89446,6603,65808.0,17035.0,42.0,698.6883053875456,882998.0,,7.382107640364017,84000042.0,USA,5616.947491518701,,2020-06-27,,,586.0,24.0,0.0,65808.0
4527,Pennsylvania,US,2020-06-29 04:33:57,40.5908,-77.2098,89863,6606,66686.0,16571.0,42.0,701.9456117326769,898189.0,,7.3511901449984975,84000042.0,USA,5803.645042969495,,2020-06-28,,,417.0,3.0,878.0,66686.0
4585,Pennsylvania,US,2020-06-30 04:34:02,40.5908,-77.2098,90467,6614,67070.0,16783.0,42.0,706.6636285970876,912000.0,,7.3109531652425765,84000042.0,USA,5881.031455346509,,2020-06-29,,,604.0,8.0,384.0,67070.0
4643,Pennsylvania,US,2020-07-01 04:34:05,40.5908,-77.2098,91139,6649,67552.0,16938.0,42.0,711.9128129230544,926219.0,,7.295449807436992,84000042.0,USA,5969.283366826828,,2020-06-30,,,672.0,35.0,482.0,67552.0
4701,Pennsylvania,US,2020-07-02 04:33:59,40.5908,-77.2098,91775,6684,68048.0,17043.0,42.0,716.8807909458444,943287.0,,7.283029147371288,84000042.0,USA,6067.838364804094,,2020-07-01,,,636.0,35.0,496.0,68048.0
4759,Pennsylvania,US,2020-07-03 04:34:05,40.5908,-77.2098,92612,6712,68697.0,17203.0,42.0,723.4188374947049,961731.0,,7.247440936379736,84000042.0,USA,6173.048578623212,,2020-07-02,,,837.0,28.0,649.0,68697.0
4817,Pennsylvania,US,2020-07-04 04:34:04,40.5908,-77.2098,93392,6746,69217.0,17429.0,42.0,729.5116407302022,979825.0,,7.223316772314545,84000042.0,USA,6281.398929494471,,2020-07-03,,,780.0,34.0,520.0,69217.0
4875,Pennsylvania,US,2020-07-05 04:34:00,40.5908,-77.2098,93922,6749,69712.0,17461.0,42.0,733.6516224158604,994754.0,,7.1857498775579725,84000042.0,USA,6364.815654817387,,2020-07-04,,,530.0,3.0,495.0,69712.0
4933,Pennsylvania,US,2020-07-06 04:34:10,40.5908,-77.2098,94403,6753,70086.0,17564.0,42.0,737.4088510777506,1007467.0,,7.153374363102867,84000042.0,USA,6441.967728608422,,2020-07-05,,,481.0,4.0,374.0,70086.0
4991,Pennsylvania,US,2020-07-07 04:34:13,40.5908,-77.2098,95100,6754,70437.0,17909.0,42.0,742.8533175587013,1018320.0,,7.101997896950579,84000042.0,USA,6509.3322607916625,,2020-07-06,,,697.0,1.0,351.0,70437.0
5049,Pennsylvania,US,2020-07-08 05:34:00,40.5908,-77.2098,95898,6787,70437.0,18674.0,42.0,749.0867239457867,1045027.0,,7.077311309933472,84000042.0,USA,6640.39002064445,,2020-07-07,,,798.0,33.0,0.0,70437.0
5107,Pennsylvania,US,2020-07-09 04:34:36,40.5908,-77.2098,96725,6812,70953.0,18960.0,42.0,755.5466576326538,1066111.0,,7.042646678728354,84000042.0,USA,6768.6825851826625,,2020-07-08,,,827.0,25.0,516.0,70953.0
5165,Pennsylvania,US,2020-07-10 04:34:42,40.5908,-77.2098,97542,6848,71507.0,19187.0,42.0,761.9284784575271,1085526.0,,7.020565499989747,84000042.0,USA,6874.111515015363,,2020-07-09,,,817.0,36.0,554.0,71507.0
5223,Pennsylvania,US,2020-07-11 04:34:39,40.5908,-77.2098,98482,6880,72284.0,19318.0,42.0,769.2710874849213,1110078.0,,6.986048211855974,84000042.0,USA,7019.534230188762,,2020-07-10,,,940.0,32.0,777.0,72284.0
5281,Pennsylvania,US,2020-07-12 04:34:43,40.5908,-77.2098,99216,6897,72910.0,19409.0,42.0,775.0045715552483,1129008.0,,6.951499758103533,84000042.0,USA,7126.416059254542,,2020-07-11,,,734.0,17.0,626.0,72910.0
5339,Pennsylvania,US,2020-07-13 04:43:16,40.5908,-77.2098,99794,6904,73354.0,19536.0,42.0,779.5194949784757,1146134.0,,6.918251598292482,84000042.0,USA,7219.846853485033,,2020-07-12,,,578.0,7.0,444.0,73354.0
5397,Pennsylvania,US,2020-07-14 04:34:58,40.5908,-77.2098,100330,6911,73721.0,19698.0,42.0,783.7063443813303,1156942.0,,6.888268713246287,84000042.0,USA,7276.010001258398,,2020-07-13,,,536.0,7.0,367.0,73721.0
5455,Pennsylvania,US,2020-07-15 04:34:53,40.5908,-77.2098,101266,6931,74436.0,19899.0,42.0,791.0177082639267,1178091.0,,6.844350522386585,84000042.0,USA,7399.498624784008,,2020-07-14,,,936.0,20.0,715.0,74436.0
5513,Pennsylvania,US,2020-07-16 04:45:12,40.5908,-77.2098,102269,6957,74436.0,20876.0,42.0,798.8524283218802,1208335.0,,6.802647918724149,84000042.0,USA,7566.394565719436,,2020-07-15,,,1003.0,26.0,0.0,74436.0
5571,Pennsylvania,US,2020-07-17 04:35:02,40.5908,-77.2098,103075,6984,74818.0,21273.0,42.0,805.1483249985608,1229473.0,,6.775648799417898,84000042.0,USA,7683.501368420173,,2020-07-16,,,806.0,27.0,382.0,74818.0
5629,Pennsylvania,US,2020-07-18 04:34:58,40.5908,-77.2098,104079,7004,75603.0,21472.0,42.0,812.9908563427136,1252795.0,,6.729503550187838,84000042.0,USA,7806.52131477382,,2020-07-17,,,1004.0,20.0,785.0,75603.0
5687,Pennsylvania,US,2020-07-19 04:35:12,40.5908,-77.2098,104780,7015,76183.0,21582.0,42.0,818.4665679684617,1273733.0,,6.694979958007253,84000042.0,USA,7910.700438814625,,2020-07-18,,,701.0,11.0,580.0,76183.0
5745,Pennsylvania,US,2020-07-20 05:34:58,40.5908,-77.2098,105384,7022,76780.0,21582.0,42.0,823.1845848328725,1294445.0,,6.663250588324603,84000042.0,USA,8025.1514042075805,,2020-07-19,,,604.0,7.0,597.0,76780.0
5803,Pennsylvania,US,2020-07-21 04:38:59,40.5908,-77.2098,106405,7025,76780.0,22600.0,42.0,794.7046353500226,1312224.0,,6.898110833710117,84000042.0,USA,8123.058065430301,,2020-07-20,,,1021.0,3.0,0.0,76780.0
5861,Pennsylvania,US,2020-07-22 04:34:54,40.5908,-77.2098,107460,7051,77073.0,23336.0,42.0,839.4008149827342,1335353.0,,6.561511260003723,84000042.0,USA,8246.866951690086,,2020-07-21,,,1055.0,26.0,293.0,77073.0
5919,Pennsylvania,US,2020-07-23 05:15:18,40.5908,-77.2098,108187,7077,77547.0,23563.0,42.0,845.0796200496657,1358246.0,,6.541451375858468,84000042.0,USA,8369.613503026756,,2020-07-22,,,727.0,26.0,474.0,77547.0
5977,Pennsylvania,US,2020-07-24 05:30:54,40.5908,-77.2098,109037,7093,78268.0,23676.0,42.0,851.7192133191178,1379604.0,,6.505131285710355,84000042.0,USA,8480.065089885642,,2020-07-23,,,850.0,16.0,721.0,78268.0
6035,Pennsylvania,US,2020-07-25 04:47:52,40.5908,-77.2098,110292,7116,79178.0,23998.0,42.0,861.5223774993087,1407415.0,,6.4519638777064525,84000042.0,USA,8631.065063405382,,2020-07-24,,,1255.0,23.0,910.0,79178.0
6093,Pennsylvania,US,2020-07-26 04:35:13,40.5908,-77.2098,111115,7124,79968.0,24023.0,42.0,867.9510660413785,1434396.0,,6.411375601853934,84000042.0,USA,8774.652126321933,,2020-07-25,,,823.0,8.0,790.0,79968.0
6151,Pennsylvania,US,2020-07-27 04:35:15,40.5908,-77.2098,111745,7127,80568.0,24050.0,42.0,872.8721763469722,1455189.0,,6.3779140006264265,84000042.0,USA,8875.191190993837,,2020-07-26,,,630.0,3.0,600.0,80568.0
6209,Pennsylvania,US,2020-07-28 04:59:02,40.5908,-77.2098,112995,7131,81198.0,24666.0,42.0,882.6362840961667,1474998.0,,6.3108987123324045,84000042.0,USA,8988.353294163899,,2020-07-27,,,1250.0,4.0,630.0,81198.0
6267,Pennsylvania,US,2020-07-29 04:35:24,40.5908,-77.2098,114083,7154,82038.0,24891.0,42.0,891.1349634810654,1500969.0,,6.2708729609144225,84000042.0,USA,9132.643372838393,,2020-07-28,,,1088.0,23.0,840.0,82038.0
6325,Pennsylvania,US,2020-07-30 04:35:17,40.5908,-77.2098,114939,7171,82663.0,25105.0,42.0,897.8214244677134,1521867.0,,6.2389615361191595,84000042.0,USA,9249.195574218977,,2020-07-29,,,856.0,17.0,625.0,82663.0
6383,Pennsylvania,US,2020-07-31 04:35:31,40.5908,-77.2098,115807,7194,83308.0,25305.0,42.0,904.6016208887539,1545448.0,,6.212059720051465,84000042.0,USA,9373.051328195954,,2020-07-30,,,868.0,23.0,645.0,83308.0
6441,Pennsylvania,US,2020-08-01 04:36:46,40.5908,-77.2098,116787,7207,84036.0,25544.0,42.0,912.2566813641223,1569824.0,,6.171063560156523,84000042.0,USA,9505.335459982041,,2020-07-31,,,980.0,13.0,728.0,84036.0
6499,Pennsylvania,US,2020-08-02 04:35:05,40.5908,-77.2098,117468,7219,85831.0,24418.0,42.0,917.5761672658833,1591633.0,,6.145503456260427,84000042.0,USA,9626.01983176208,,2020-08-01,,,681.0,12.0,1795.0,85831.0
6557,Pennsylvania,US,2020-08-03 04:34:47,40.5908,-77.2098,118033,7223,86328.0,24482.0,42.0,921.9895439685193,1610788.0,,6.119475062058916,84000042.0,USA,9721.684653845588,,2020-08-02,,,565.0,4.0,497.0,86328.0
6615,Pennsylvania,US,2020-08-04 04:42:12,40.5908,-77.2098,118894,7224,86757.0,24913.0,42.0,928.7150613861644,1629049.0,,6.07600047100779,84000042.0,USA,9815.420088237852,,2020-08-03,,,861.0,1.0,429.0,86757.0
6673,Pennsylvania,US,2020-08-05 04:34:56,40.5908,-77.2098,119724,7248,86256.0,26220.0,42.0,935.1984289316292,1653095.0,,6.053924025258094,84000042.0,USA,9932.276929780208,,2020-08-04,,,830.0,24.0,-501.0,86256.0
6731,Pennsylvania,US,2020-08-06 04:35:14,40.5908,-77.2098,120446,7254,87942.0,25250.0,42.0,940.8381775675639,1673025.0,,6.022615944074523,84000042.0,USA,10035.354662466903,,2020-08-05,,,722.0,6.0,1686.0,87942.0
6789,Pennsylvania,US,2020-08-07 04:35:29,40.5908,-77.2098,121247,7282,88555.0,25410.0,42.0,947.0950178132476,1695198.0,,6.0059217960032,84000042.0,USA,10156.632691998097,,2020-08-06,,,801.0,28.0,613.0,88555.0
6847,Pennsylvania,US,2020-08-08 04:35:11,40.5908,-77.2098,122028,7296,90304.0,24428.0,42.0,953.1956323349443,1720130.0,,5.978955649523059,84000042.0,USA,10286.674984644964,,2020-08-07,,,781.0,14.0,1749.0,90304.0
6905,Pennsylvania,US,2020-08-09 04:35:07,40.5908,-77.2098,122665,7310,90930.0,24425.0,42.0,958.1714216439335,1743955.0,,5.959320099457872,84000042.0,USA,10412.889747054149,,2020-08-08,,,637.0,14.0,626.0,90930.0
6963,Pennsylvania,US,2020-08-10 04:35:08,40.5908,-77.2098,123312,7311,90930.0,25071.0,42.0,963.2253238149167,1764364.0,,5.928863370961463,84000042.0,USA,10523.442880633627,,2020-08-09,,,647.0,1.0,0.0,90930.0
7021,Pennsylvania,US,2020-08-11 04:35:27,40.5908,-77.2098,124221,7314,91978.0,24929.0,42.0,970.3257829701306,1783336.0,,5.887893351365711,84000042.0,USA,10625.5598251178,,2020-08-10,,,909.0,3.0,1048.0,91978.0
7079,Pennsylvania,US,2020-08-12 04:30:24,40.5908,-77.2098,125016,7343,92616.0,25057.0,42.0,976.5357554986183,1806212.0,,5.8736481730338514,84000042.0,USA,10745.158428116129,,2020-08-11,,,795.0,29.0,638.0,92616.0
7137,Pennsylvania,US,2020-08-13 04:30:24,40.5908,-77.2098,125918,7380,94481.0,24057.0,42.0,983.5815356504368,1834940.0,,5.860957130831176,84000042.0,USA,10881.949672039244,,2020-08-12,,,902.0,37.0,1865.0,94481.0
7195,Pennsylvania,US,2020-08-14 04:30:24,40.5908,-77.2098,126905,7395,95254.0,24256.0,42.0,991.2912751292006,1867118.0,,5.827193569993303,84000042.0,USA,11021.677959573313,,2020-08-13,,,987.0,15.0,773.0,95254.0
7253,Pennsylvania,US,2020-08-15 04:30:23,40.5908,-77.2098,127732,7434,95901.0,24397.0,42.0,997.7512088160677,1894396.0,,5.819998121065983,84000042.0,USA,11152.087382671552,,2020-08-14,,,827.0,39.0,647.0,95901.0
7311,Pennsylvania,US,2020-08-16 04:30:18,40.5908,-77.2098,128531,7451,96564.0,24516.0,42.0,1003.9924264893524,1921264.0,,5.797045070838943,84000042.0,USA,11277.028905430245,,2020-08-15,,,799.0,17.0,663.0,96564.0
7369,Pennsylvania,US,2020-08-17 04:30:23,40.5908,-77.2098,129070,7453,98323.0,23294.0,42.0,1008.2027097508052,1941115.0,,5.774385992097312,84000042.0,USA,11379.973846251547,,2020-08-16,,,539.0,2.0,1759.0,98323.0
7427,Pennsylvania,US,2020-08-18 04:30:23,40.5908,-77.2098,129647,7453,98626.0,23568.0,42.0,1012.7098218878333,1956761.0,,5.748686818823421,84000042.0,USA,11461.648654752007,,2020-08-17,,,577.0,0.0,303.0,98626.0
7485,Pennsylvania,US,2020-08-19 04:30:00,40.5908,-77.2098,130247,7474,99207.0,23566.0,42.0,1017.3965939999999,1978198.0,,5.738327946,84000042.0,USA,11557.313479999999,,2020-08-18,,,600.0,21.0,581.0,99207.0
7543,Pennsylvania,US,2020-08-20 04:30:22,40.5908,-77.2098,130905,7508,99657.0,23740.0,42.0,1022.5364199266223,2002535.0,,5.735457010809365,84000042.0,USA,11673.709452492107,,2020-08-19,,,658.0,34.0,450.0,99657.0
7601,Pennsylvania,US,2020-08-21 04:30:30,40.5908,-77.2098,131692,7520,101552.0,22620.0,42.0,1028.683902165515,2030939.0,,5.710293715639522,84000042.0,USA,11818.561943772957,,2020-08-20,,,787.0,12.0,1895.0,101552.0
7659,Pennsylvania,US,2020-08-22 04:30:29,40.5908,-77.2098,132417,7537,102106.0,22774.0,42.0,1034.3470846600478,2055649.0,,5.691867358420748,84000042.0,USA,11928.943229056047,,2020-08-21,,,725.0,17.0,554.0,102106.0
7717,Pennsylvania,US,2020-08-23 04:30:28,40.5908,-77.2098,133160,7555,102743.0,22862.0,42.0,1040.1508703061688,2080016.0,,5.673625713427455,84000042.0,USA,12033.700388275603,,2020-08-22,,,743.0,18.0,637.0,102743.0
7775,Pennsylvania,US,2020-08-24 04:30:23,40.5908,-77.2098,133679,7557,103238.0,22884.0,42.0,1044.2049278436343,2100459.0,,5.6530943528901325,84000042.0,USA,12131.083693322971,,2020-08-23,,,519.0,2.0,495.0,103238.0
7833,Pennsylvania,US,2020-08-25 04:30:29,40.5908,-77.2098,134204,7557,104873.0,21774.0,42.0,1048.305853098296,2116529.0,,5.6309797025423975,84000042.0,USA,12207.774901228235,,2020-08-24,,,525.0,0.0,1635.0,104873.0
7891,Pennsylvania,US,2020-08-26 04:30:22,40.5908,-77.2098,134760,7582,105328.0,21850.0,42.0,1052.6489282251375,2139490.0,,5.626298604927279,84000042.0,USA,12304.377077655668,,2020-08-25,,,556.0,25.0,455.0,105328.0
7949,Pennsylvania,US,2020-08-27 04:30:22,40.5908,-77.2098,135279,7613,105734.0,21932.0,42.0,1056.702985762603,2160951.0,,5.627628826351466,84000042.0,USA,12405.712893519905,,2020-08-26,,,519.0,31.0,406.0,105734.0
8007,Pennsylvania,US,2020-08-28 04:30:22,40.5908,-77.2098,135912,7622,106236.0,22054.0,42.0,1061.647529926795,2184172.0,,5.608040496792042,84000042.0,USA,12520.874685957002,,2020-08-27,,,633.0,9.0,502.0,106236.0
8065,Pennsylvania,US,2020-08-29 04:30:22,40.5908,-77.2098,136781,7642,106912.0,22227.0,42.0,1068.4355376340347,2216010.0,,5.587033286786908,84000042.0,USA,12660.73576535646,,2020-08-28,,,869.0,20.0,676.0,106912.0
8123,Pennsylvania,US,2020-08-30 04:30:24,40.5908,-77.2098,137576,7656,108923.0,20997.0,42.0,1074.6455101625224,2241312.0,,5.564924114671164,84000042.0,USA,12786.62245374527,,2020-08-29,,,795.0,14.0,2011.0,108923.0
8181,Pennsylvania,US,2020-08-31 04:30:24,40.5908,-77.2098,138134,7658,109473.0,21003.0,42.0,1079.0042078617628,2263808.0,,5.543892162682613,84000042.0,USA,12883.95889107544,,2020-08-30,,,558.0,2.0,550.0,109473.0
8239,Pennsylvania,US,2020-09-01 04:30:22,40.5908,-77.2098,138795,7659,109900.0,21236.0,42.0,1084.1674680395367,2280009.0,,5.518210310169676,84000042.0,USA,12952.831001495158,,2020-08-31,,,661.0,1.0,427.0,109900.0
8297,Pennsylvania,US,2020-09-02 04:30:23,40.5908,-77.2098,139548,7678,109183.0,22687.0,42.0,1090.0493665476513,2308933.0,,5.5020494740161086,84000042.0,USA,13082.060920377295,,2020-09-01,,,753.0,19.0,-717.0,109183.0
8355,Pennsylvania,US,2020-09-03 04:30:31,40.5908,-77.2098,140532,7705,111201.0,21626.0,42.0,1097.735672167817,2329293.0,,5.4827370278655385,84000042.0,USA,13183.076473507359,,2020-09-02,,,984.0,27.0,2018.0,111201.0
8413,Pennsylvania,US,2020-09-04 04:30:31,40.5908,-77.2098,141570,7724,110784.0,23062.0,42.0,1105.843787242748,2355620.0,,5.45595818323091,84000042.0,USA,13296.4807265496,,2020-09-03,,,1038.0,19.0,-417.0,110784.0
8471,Pennsylvania,US,2020-09-05 04:30:29,40.5908,-77.2098,142495,7735,112882.0,21878.0,42.0,1113.0692269771519,2380607.0,,5.428260640724236,84000042.0,USA,13392.770451529055,,2020-09-04,,,925.0,11.0,2098.0,112882.0
8529,Pennsylvania,US,2020-09-06 04:30:30,40.5908,-77.2098,143280,7750,112286.0,23244.0,42.0,1119.2010866436458,2406497.0,,5.408989391401452,84000042.0,USA,13495.60603434357,,2020-09-05,,,785.0,15.0,-596.0,112286.0
8587,Pennsylvania,US,2020-09-07 04:30:33,40.5908,-77.2098,143824,7750,114239.0,21835.0,42.0,1123.450426336095,2426937.0,,5.388530426076317,84000042.0,USA,13580.819355492338,,2020-09-06,,,544.0,0.0,1953.0,114239.0
8645,Pennsylvania,US,2020-09-08 04:30:25,40.5908,-77.2098,144540,7771,114687.0,22082.0,42.0,1129.0433072548335,2444418.0,,5.3763664037636625,84000042.0,USA,13656.010796447334,,2020-09-07,,,716.0,21.0,448.0,114687.0
8703,Pennsylvania,US,2020-09-09 04:30:32,40.5908,-77.2098,145156,7780,113690.0,23686.0,42.0,1133.8550595536365,2457835.0,,5.359750888699055,84000042.0,USA,13709.400937619928,,2020-09-08,,,616.0,9.0,-997.0,113690.0
8761,Pennsylvania,US,2020-09-10 04:30:24,40.5908,-77.2098,146029,7794,115857.0,22378.0,42.0,1140.6743124056736,2480503.0,,5.337296016544659,84000042.0,USA,13801.995924227087,,2020-09-09,,,873.0,14.0,2167.0,115857.0
8819,Pennsylvania,US,2020-09-11 04:30:23,40.5908,-77.2098,146696,7807,116339.0,22550.0,42.0,1145.884440300644,2518131.0,,5.321890167421062,84000042.0,USA,13913.66607173307,,2020-09-10,,,667.0,13.0,482.0,116339.0
8877,Pennsylvania,US,2020-09-12 04:30:24,40.5908,-77.2098,147703,7829,117165.0,22709.0,42.0,1153.7504055033949,2553205.0,,5.300501682430284,84000042.0,USA,14020.57914594365,,2020-09-11,,,1007.0,22.0,826.0,117165.0
8935,Pennsylvania,US,2020-09-13 04:32:00,40.5908,-77.2098,148635,7829,117920.0,22886.0,42.0,1161.030524241194,2582989.0,,5.267265448918492,84000042.0,USA,14121.28224762574,,2020-09-12,,,932.0,0.0,755.0,117920.0
8993,Pennsylvania,US,2020-09-14 04:30:37,40.5908,-77.2098,148635,7829,117920.0,22886.0,42.0,1161.030524241194,2602957.0,,5.267265448918492,84000042.0,USA,14121.875905376892,,2020-09-13,,,0.0,0.0,0.0,117920.0
9051,Pennsylvania,US,2020-09-15 03:30:30,40.5908,-77.2098,150000,7855,118951.0,23194.0,42.0,1171.6929299033145,2624255.0,,5.236666666666666,84000042.0,USA,14292.091642947044,,2020-09-14,,,1365.0,26.0,1031.0,118951.0
9109,Pennsylvania,US,2020-09-16 04:30:32,40.5908,-77.2098,151044,7860,119895.0,23289.0,42.0,1179.8479126954412,2649342.0,,5.203781679510606,84000042.0,USA,14384.467913540622,,2020-09-15,,,1044.0,5.0,944.0,119895.0
9167,Pennsylvania,US,2020-09-17 04:30:32,40.5908,-77.2098,151850,7882,120531.0,23437.0,42.0,1186.1438093721215,2674452.0,,5.190648666447152,84000042.0,USA,14490.881065434442,,2020-09-16,,,806.0,22.0,636.0,120531.0
9225,Pennsylvania,US,2020-09-18 05:10:31,40.5908,-77.2098,152775,7893,121296.0,23586.0,42.0,1193.3692491065256,2700820.0,,5.166421207658321,84000042.0,USA,14600.840541262769,,2020-09-17,,,925.0,11.0,765.0,121296.0
9283,Pennsylvania,US,2020-09-19 04:30:26,40.5908,-77.2098,153522,7921,121920.0,23681.0,42.0,1199.2042798974444,2731276.0,,5.159521110980837,84000042.0,USA,14696.841248652849,,2020-09-18,,,747.0,28.0,624.0,121920.0
9341,Pennsylvania,US,2020-09-20 04:30:31,40.5908,-77.2098,154236,7940,122872.0,23424.0,42.0,1204.781538243784,2763669.0,,5.147955081822661,84000042.0,USA,14811.175044752812,,2020-09-19,,,714.0,19.0,952.0,122872.0
9399,Pennsylvania,US,2020-09-21 04:30:33,40.5908,-77.2098,154867,7960,122872.0,24035.0,42.0,1209.710459835577,2786854.0,,5.139894231824727,84000042.0,USA,14911.04233881157,,2020-09-20,,,631.0,20.0,0.0,122872.0
9457,Pennsylvania,US,2020-09-22 04:30:33,40.5908,-77.2098,155693,7985,123665.0,24043.0,42.0,1216.1625822362446,2806413.0,,5.12868272818945,84000042.0,USA,14981.992251360314,,2020-09-21,,,826.0,25.0,793.0,123665.0
9515,Pennsylvania,US,2020-09-23 04:30:25,40.5908,-77.2098,156477,8002,122833.0,25642.0,42.0,1222.2866306165392,2833544.0,,5.1138505978514415,84000042.0,USA,15072.361021400659,,2020-09-22,,,784.0,17.0,-832.0,122833.0
9573,Pennsylvania,US,2020-09-24 04:30:25,40.5908,-77.2098,157336,8038,123560.0,25738.0,42.0,1228.9965254617855,2858086.0,,5.108811715055677,84000042.0,USA,15176.985388754823,,2020-09-23,,,859.0,36.0,727.0,123560.0
9631,Pennsylvania,US,2020-09-25 04:30:27,40.5908,-77.2098,158181,8054,125785.0,24342.0,42.0,1235.5970623002409,2888164.0,,5.091635531448151,84000042.0,USA,15285.64819107406,,2020-09-24,,,845.0,16.0,2225.0,125785.0
9689,Pennsylvania,US,2020-09-26 04:30:24,40.5908,-77.2098,159014,8065,126446.0,24503.0,42.0,1242.103863704304,2921327.0,,5.071880463355428,84000042.0,USA,15392.920584449806,,2020-09-25,,,833.0,11.0,661.0,126446.0
9747,Pennsylvania,US,2020-09-27 04:30:34,40.5908,-77.2098,159933,8083,127290.0,24560.0,42.0,1249.2824357215118,2952033.0,,5.053991358881532,84000042.0,USA,15509.496219688986,,2020-09-26,,,919.0,18.0,844.0,127290.0
9805,Pennsylvania,US,2020-09-28 04:30:36,40.5908,-77.2098,160744,8086,127290.0,25368.0,42.0,1255.617388829189,2981779.0,,5.0303588314338334,84000042.0,USA,15632.102167874067,,2020-09-27,,,811.0,3.0,0.0,127290.0
9863,Pennsylvania,US,2020-09-29 04:30:25,40.5908,-77.2098,161594,8088,128597.0,24909.0,42.0,1262.2569820986412,3001687.0,,5.005136329319158,84000042.0,USA,15718.784010828318,,2020-09-28,,,850.0,2.0,1307.0,128597.0
9921,Pennsylvania,US,2020-09-30 04:30:25,40.5908,-77.2098,163180,8101,127829.0,27250.0,42.0,1274.6456820108187,3028137.0,,4.964456428483882,84000042.0,USA,15814.534757060017,,2020-09-29,,,1586.0,13.0,-768.0,127829.0
9979,Pennsylvania,US,2020-10-01 04:30:28,40.5908,-77.2098,164099,8130,130352.0,25617.0,42.0,1281.8242540280264,3053816.0,,4.954326351775452,84000042.0,USA,15920.135535189102,,2020-09-30,,,919.0,29.0,2523.0,130352.0
10037,Pennsylvania,US,2020-10-02 04:30:36,40.5908,-77.2098,165044,8144,131300.0,25600.0,42.0,1289.2059194864173,3079975.0,,4.934441724631006,84000042.0,USA,16011.27762256318,,2020-10-01,,,945.0,14.0,948.0,131300.0
10095,Pennsylvania,US,2020-10-03 04:30:36,40.5908,-77.2098,166238,8162,132252.0,25824.0,42.0,1298.5325952084477,3114903.0,,4.909828077816144,84000042.0,USA,16140.10916584915,,2020-10-02,,,1194.0,18.0,952.0,132252.0
10153,Pennsylvania,US,2020-10-04 04:30:24,40.5908,-77.2098,166238,8180,132252.0,25806.0,42.0,1298.5325952084477,3146795.0,,4.920655927044359,84000042.0,USA,16140.10916584915,,2020-10-03,,,0.0,18.0,0.0,132252.0
10211,Pennsylvania,US,2020-10-05 04:30:35,40.5908,-77.2098,168126,8195,134098.0,25833.0,42.0,1313.280303552831,3171518.0,,4.874320450138587,84000042.0,USA,16365.972506303513,,2020-10-04,,,1888.0,15.0,1846.0,134098.0
10269,Pennsylvania,US,2020-10-06 04:30:27,40.5908,-77.2098,169101,8207,134649.0,26245.0,42.0,1320.8963075972024,3192420.0,,4.8533125173712754,84000042.0,USA,16443.999444148874,,2020-10-05,,,975.0,12.0,551.0,134649.0
10327,Pennsylvania,US,2020-10-07 04:30:35,40.5908,-77.2098,170224,8223,135499.0,26502.0,42.0,1329.6683819990785,3218476.0,,4.8306936742175015,84000042.0,USA,16538.32853629229,,2020-10-06,,,1123.0,16.0,850.0,135499.0
10385,Pennsylvania,US,2020-10-08 04:30:35,40.5908,-77.2098,171527,8247,134907.0,28373.0,42.0,1339.8464879168384,3261613.0,,4.807989412745514,84000042.0,USA,16670.019010327218,,2020-10-07,,,1303.0,24.0,-592.0,134907.0
10443,Pennsylvania,US,2020-10-09 04:30:36,40.5908,-77.2098,172948,8268,136021.0,28659.0,42.0,1350.9463256061224,3296367.0,,4.7806277031246385,84000042.0,USA,16817.941337084416,,2020-10-08,,,1421.0,21.0,1114.0,136021.0
10501,Pennsylvania,US,2020-10-10 04:30:24,40.5908,-77.2098,174329,8292,137139.0,28898.0,42.0,1361.7337118474325,3336637.0,,4.756523584716256,84000042.0,USA,16943.249990294476,,2020-10-09,,,1381.0,24.0,1118.0,137139.0
10559,Pennsylvania,US,2020-10-11 04:30:32,40.5908,-77.2098,175797,8324,138550.0,28923.0,42.0,1373.2006799880862,3385332.0,,4.735006854496948,84000042.0,USA,17110.544306826072,,2020-10-10,,,1468.0,32.0,1411.0,138550.0
10617,Pennsylvania,US,2020-10-12 04:30:24,40.5908,-77.2098,176781,8330,138550.0,29901.0,42.0,1380.886985608252,3416163.0,,4.71204484644843,84000042.0,USA,17230.611586996365,,2020-10-11,,,984.0,6.0,0.0,138550.0
10675,Pennsylvania,US,2020-10-13 04:30:36,40.5908,-77.2098,177819,8347,140376.0,29096.0,42.0,1388.995100683183,3440811.0,,4.69409905578144,84000042.0,USA,17325.510903032333,,2020-10-12,,,1038.0,17.0,1826.0,140376.0
10733,Pennsylvania,US,2020-10-14 04:30:28,40.5908,-77.2098,179651,8361,139716.0,31574.0,42.0,1403.305377000402,3476411.0,,4.6540236347139725,84000042.0,USA,17456.18590986135,,2020-10-13,,,1832.0,14.0,-660.0,139716.0
10791,Pennsylvania,US,2020-10-15 04:30:37,40.5908,-77.2098,180935,8391,140737.0,31807.0,42.0,1413.3350684803745,3506849.0,,4.637577030425291,84000042.0,USA,17580.479095865496,,2020-10-14,,,1284.0,30.0,1021.0,140737.0
10849,Pennsylvania,US,2020-10-16 04:30:37,40.5908,-77.2098,182486,8413,142016.0,32057.0,42.0,1425.4503733755746,3541718.0,,4.610216674155826,84000042.0,USA,17705.97521994434,,2020-10-15,,,1551.0,22.0,1279.0,142016.0
10907,Pennsylvania,US,2020-10-17 04:30:24,40.5908,-77.2098,184165,8434,143268.0,32463.0,42.0,1438.5655229042925,3579193.0,,4.579588955556159,84000042.0,USA,17826.370574135002,,2020-10-16,,,1679.0,21.0,1252.0,143268.0
10965,Pennsylvania,US,2020-10-18 04:30:24,40.5908,-77.2098,185668,8442,144754.0,32472.0,42.0,1450.3058860619235,3621788.0,,4.546825516513347,84000042.0,USA,17972.152608473574,,2020-10-17,,,1503.0,8.0,1486.0,144754.0
11023,Pennsylvania,US,2020-10-19 04:30:24,40.5908,-77.2098,186754,8465,144754.0,33535.0,42.0,1458.7889428744236,3652158.0,,4.53270077213875,84000042.0,USA,18082.057405298503,,2020-10-18,,,1086.0,23.0,0.0,144754.0
11081,Pennsylvania,US,2020-10-20 04:30:29,40.5908,-77.2098,188381,8475,146652.0,33254.0,42.0,1471.4979055207752,3676337.0,,4.49886135013616,84000042.0,USA,18179.0579573221,,2020-10-19,,,1627.0,10.0,1898.0,146652.0
11139,Pennsylvania,US,2020-10-21 04:30:32,40.5908,-77.2098,189970,8516,146048.0,35406.0,42.0,1483.9100392915507,3708330.0,,4.482813075748802,84000042.0,USA,18282.401273739568,,2020-10-20,,,1589.0,41.0,-604.0,146048.0
11197,Pennsylvania,US,2020-10-22 04:30:36,40.5908,-77.2098,191333,8546,147174.0,35613.0,42.0,1494.5568223812722,3737277.0,,4.466558304108544,84000042.0,USA,18386.463228487384,,2020-10-21,,,1363.0,30.0,1126.0,147174.0
11255,Pennsylvania,US,2020-10-23 04:30:40,40.5908,-77.2098,193401,8574,148804.0,36023.0,42.0,1510.7105622415393,3776726.0,,4.433275939628027,84000042.0,USA,18539.611305711947,,2020-10-22,,,2068.0,28.0,1630.0,148804.0
11313,Pennsylvania,US,2020-10-24 04:30:33,40.5908,-77.2098,195655,8608,148651.0,38396.0,42.0,1528.3172013348862,3817496.0,,4.399580894942629,84000042.0,USA,18680.27694758994,,2020-10-23,,,2254.0,34.0,-153.0,148651.0
11371,Pennsylvania,US,2020-10-25 04:30:24,40.5908,-77.2098,197370,8636,150245.0,38489.0,42.0,1541.713557166781,3856970.0,,4.375538329026702,84000042.0,USA,18807.06974517788,,2020-10-24,,,1715.0,28.0,1594.0,150245.0
11429,Pennsylvania,US,2020-10-26 04:30:38,40.5908,-77.2098,198713,8647,150245.0,39821.0,42.0,1552.2041145325152,3892386.0,,4.3515019148218785,84000042.0,USA,18936.627738080388,,2020-10-25,,,1343.0,11.0,0.0,150245.0
11487,Pennsylvania,US,2020-10-27 04:30:25,40.5908,-77.2098,201248,8659,152642.0,39947.0,42.0,1572.0057250478812,3919357.0,,4.302651454921291,84000042.0,USA,19037.080878604098,,2020-10-26,,,2535.0,12.0,2397.0,152642.0
11545,Pennsylvania,US,2020-10-28 04:30:37,40.5908,-77.2098,203520,8683,152803.0,42034.0,42.0,1589.7529672928167,3958256.0,,4.2664111635220126,84000042.0,USA,19160.842897146686,,2020-10-27,,,2272.0,24.0,161.0,152803.0
11603,Pennsylvania,US,2020-10-29 04:30:35,40.5908,-77.2098,205852,8707,154518.0,42627.0,42.0,1607.9688867097134,3992267.0,,4.229737869925966,84000042.0,USA,19293.25200951196,,2020-10-28,,,2332.0,24.0,1715.0,154518.0
11661,Pennsylvania,US,2020-10-30 04:30:29,40.5908,-77.2098,208087,8743,156214.0,43130.0,42.0,1625.427111365273,4028192.0,,4.201607981277062,84000042.0,USA,19416.54535088258,,2020-10-29,,,2235.0,36.0,1696.0,156214.0
11719,Pennsylvania,US,2020-10-31 04:30:34,40.5908,-77.2098,210586,8774,156192.0,45620.0,42.0,1644.947515577462,4070357.0,,4.166468806093474,84000042.0,USA,19555.555000086315,,2020-10-30,,,2499.0,31.0,-22.0,156192.0
11777,Pennsylvania,US,2020-11-01 04:39:05,40.5908,-77.2098,212791,8800,158100.0,45891.0,42.0,1662.171401647041,4116788.0,,4.135513250090463,84000042.0,USA,19705.227054952164,,2020-10-31,,,2205.0,26.0,1908.0,158100.0
11835,Pennsylvania,US,2020-11-02 05:30:37,40.5908,-77.2098,214416,8803,158100.0,47513.0,42.0,1674.8647417209936,4153368.0,,4.105570479814939,84000042.0,USA,19823.06030726944,,2020-11-01,,,1625.0,3.0,0.0,158100.0
11893,Pennsylvania,US,2020-11-03 06:00:57,40.5908,-77.2098,217243,8812,161116.0,47315.0,42.0,1696.9472478065713,4179246.0,,4.056287199127245,84000042.0,USA,19923.93525724792,,2020-11-02,,,2827.0,9.0,3016.0,161116.0
11951,Pennsylvania,US,2020-11-04 05:30:25,40.5908,-77.2098,220074,8842,161153.0,50079.0,42.0,1719.0609990369464,4221832.0,,4.017739487626889,84000042.0,USA,20068.889295249355,,2020-11-03,,,2831.0,30.0,37.0,161153.0
12009,Pennsylvania,US,2020-11-05 06:05:43,40.5908,-77.2098,222883,8878,163249.0,50756.0,42.0,1741.002901970936,4280805.0,,3.9832557889116713,84000042.0,USA,20246.31484998152,,2020-11-04,,,2809.0,36.0,2096.0,163249.0
12067,Pennsylvania,US,2020-11-06 05:30:35,40.5908,-77.2098,225698,8923,165424.0,51351.0,42.0,1762.9916726221215,4332180.0,,3.9535131015782152,84000042.0,USA,20402.314046668842,,2020-11-05,,,2815.0,45.0,2175.0,165424.0
12125,Pennsylvania,US,2020-11-07 05:30:37,40.5908,-77.2098,229346,8964,165723.0,54659.0,42.0,1791.48724467737,4387633.0,,3.908505053499952,84000042.0,USA,20561.773643142482,,2020-11-06,,,3648.0,41.0,299.0,165723.0
12183,Pennsylvania,US,2020-11-08 05:30:26,40.5908,-77.2098,232493,9001,168708.0,54784.0,42.0,1816.0693623467416,4440802.0,,3.8715144111865736,84000042.0,USA,20731.98156942644,,2020-11-07,,,3147.0,37.0,2985.0,168708.0
12241,Pennsylvania,US,2020-11-09 05:30:38,40.5908,-77.2098,235014,9005,168708.0,57301.0,42.0,1835.7616148553168,4481758.0,,3.831686622924592,84000042.0,USA,20875.888895077158,,2020-11-08,,,2521.0,4.0,0.0,168708.0
12299,Pennsylvania,US,2020-11-10 05:42:01,40.5908,-77.2098,239724,9008,171036.0,59680.0,42.0,1872.5527728542806,,,,84000042.0,USA,21013.547191768404,,2020-11-09,4520616.0,3.757654636164924,4710.0,3.0,2328.0,171036.0
12357,Pennsylvania,US,2020-11-11 05:30:39,40.5908,-77.2098,244046,9079,171833.0,63134.0,42.0,1906.3131518078949,,,,84000042.0,USA,21164.226902553968,,2020-11-10,4567727.0,3.7202002901092417,4322.0,71.0,797.0,171833.0
12415,Pennsylvania,US,2020-11-12 05:30:39,40.5908,-77.2098,248015,9136,172791.0,66088.0,42.0,1937.3161467331365,,,,84000042.0,USA,21341.441552558746,,2020-11-11,4616587.0,3.6836481664415457,3969.0,57.0,958.0,172791.0
12473,Pennsylvania,US,2020-11-13 05:30:30,40.5908,-77.2098,254155,9182,176687.0,68286.0,42.0,1985.2774439971786,,,,84000042.0,USA,21524.03817875488,,2020-11-12,4669426.0,3.6127559953571637,6140.0,46.0,3896.0,176687.0
12531,Pennsylvania,US,2020-11-14 05:30:30,40.5908,-77.2098,259988,9210,178070.0,72708.0,42.0,2030.840676398019,,,,84000042.0,USA,21702.65104898934,,2020-11-13,4726929.0,3.5424711909780453,5833.0,28.0,1383.0,178070.0
12589,Pennsylvania,US,2020-11-15 05:30:30,40.5908,-77.2098,264222,9252,178070.0,76900.0,42.0,2063.9136621660896,,,,84000042.0,USA,21856.642745123434,,2020-11-14,4785530.0,3.5016009264936305,4234.0,42.0,0.0,178070.0
12647,Pennsylvania,US,2020-11-16 05:30:30,40.5908,-77.2098,268696,9290,178070.0,81336.0,42.0,2098.861356622006,,,,84000042.0,USA,22064.01677114392,,2020-11-15,4849893.0,3.457438890046744,4474.0,38.0,0.0,178070.0
12705,Pennsylvania,US,2020-11-17 05:30:30,40.5908,-77.2098,275235,9310,183336.0,82589.0,42.0,2149.9393570795914,,,,84000042.0,USA,22209.31450573813,,2020-11-16,4898163.0,3.3825639907715224,6539.0,20.0,5266.0,183336.0
12763,Pennsylvania,US,2020-11-18 05:42:00,40.5908,-77.2098,280957,9346,184593.0,87018.0,42.0,2194.6355367123033,,,,84000042.0,USA,22371.36744922996,,2020-11-17,4946674.0,3.3264876831685988,5722.0,36.0,1257.0,184593.0
12821,Pennsylvania,US,2020-11-19 05:30:29,40.5908,-77.2098,287425,9463,186022.0,91940.0,42.0,2245.158935849734,,,,84000042.0,USA,22581.162973972245,,2020-11-18,5009041.0,3.2923371314255894,6468.0,117.0,1429.0,186022.0
12879,Pennsylvania,US,2020-11-20 05:30:34,40.5908,-77.2098,294294,9569,190725.0,94000.0,42.0,2298.814660753106,,,,84000042.0,USA,22797.277829249808,,2020-11-19,5071953.0,3.2515103943675374,6869.0,106.0,4703.0,190725.0
12937,Pennsylvania,US,2020-11-21 05:30:30,40.5908,-77.2098,301304,9676,192260.0,99368.0,42.0,2353.571777010588,,,,84000042.0,USA,23001.55077464916,,2020-11-20,5132242.0,3.211374558585349,7010.0,107.0,1535.0,192260.0
12995,Pennsylvania,US,2020-11-22 05:30:30,40.5908,-77.2098,306988,9775,193640.0,103573.0,42.0,2397.9711277677247,,,,84000042.0,USA,23209.206006972818,,2020-11-21,5196711.0,3.1841635503667898,5684.0,99.0,1380.0,193640.0
13053,Pennsylvania,US,2020-11-23 05:30:34,40.5908,-77.2098,313358,9816,193640.0,109902.0,42.0,2447.7290208576183,,,,84000042.0,USA,23438.732840654684,,2020-11-22,5260736.0,3.1325193548592987,6370.0,41.0,0.0,193640.0
13111,Pennsylvania,US,2020-11-24 05:30:26,40.5908,-77.2098,320158,9846,198072.0,112240.0,42.0,2500.8457670132348,,,,84000042.0,USA,23586.733280273867,,2020-11-23,5305634.0,3.0753565427070386,6800.0,30.0,4432.0,198072.0
13169,Pennsylvania,US,2020-11-25 05:30:40,40.5908,-77.2098,326513,9924,202274.0,114315.0,42.0,2550.486490810139,,,,84000042.0,USA,23780.976534193243,,2020-11-24,5360843.0,3.0393889370407923,6355.0,78.0,4202.0,202274.0
13227,Pennsylvania,US,2020-11-26 05:30:40,40.5908,-77.2098,333465,10070,203253.0,120142.0,42.0,2604.7905524680577,,,,84000042.0,USA,23988.850482530488,,2020-11-25,5423024.0,3.019807176165415,6952.0,146.0,979.0,203253.0
13285,Pennsylvania,US,2020-11-27 05:30:26,40.5908,-77.2098,340642,10172,203253.0,127217.0,42.0,2660.852153520832,,,,84000042.0,USA,24226.571355435473,,2020-11-26,5487301.0,2.98612619700448,7177.0,102.0,0.0,203253.0
13343,Pennsylvania,US,2020-11-28 05:30:35,40.5908,-77.2098,349238,10195,209604.0,129439.0,42.0,2727.997969690491,,,,84000042.0,USA,24446.89649397449,,2020-11-27,5551482.0,2.9192126859047414,8596.0,23.0,6351.0,209604.0
13401,Pennsylvania,US,2020-11-29 05:30:26,40.5908,-77.2098,355945,10234,214516.0,131195.0,42.0,2780.3882662295678,,,,84000042.0,USA,24653.442523657846,,2020-11-28,5617617.0,2.8751632977004875,6707.0,39.0,4912.0,214516.0
13459,Pennsylvania,US,2020-11-30 05:30:26,40.5908,-77.2098,360944,10297,214516.0,136131.0,42.0,2819.436885940145,,,,84000042.0,USA,24809.215193045395,,2020-11-29,5665572.0,2.8527971098009663,4999.0,63.0,0.0,214516.0
13517,Pennsylvania,US,2020-12-01 05:30:26,40.5908,-77.2098,366835,10335,216878.0,139622.0,42.0,2865.4531729405485,,,,84000042.0,USA,24914.19887956473,,2020-11-30,5700392.0,2.8173429471015576,5891.0,38.0,2362.0,216878.0
13575,Pennsylvania,US,2020-12-02 05:30:41,40.5908,-77.2098,372530,10504,220284.0,141742.0,42.0,2909.9384478458783,,,,84000042.0,USA,25024.11929896206,,2020-12-01,5744694.0,2.8196386868171692,5695.0,169.0,3406.0,220284.0
13633,Pennsylvania,US,2020-12-03 05:30:41,40.5908,-77.2098,380951,10676,225258.0,145017.0,42.0,2975.71728893065,,,,84000042.0,USA,25215.26147226029,,2020-12-02,5805252.0,2.802460158918076,8421.0,172.0,4974.0,225258.0
13691,Pennsylvania,US,2020-12-04 05:30:41,40.5908,-77.2098,392434,10871,228233.0,153330.0,42.0,3065.4142883578484,,,,84000042.0,USA,25460.05937046189,,2020-12-03,5877212.0,2.770147336877029,11483.0,195.0,2975.0,228233.0
13749,Pennsylvania,US,2020-12-05 05:30:31,40.5908,-77.2098,404521,11052,231188.0,162281.0,42.0,3159.829304649457,,,,84000042.0,USA,25714.13707666832,,2020-12-04,5956454.0,2.7321202113116496,12087.0,181.0,2955.0,231188.0
13807,Pennsylvania,US,2020-12-06 05:30:26,40.5908,-77.2098,415635,11191,238660.0,165784.0,42.0,3246.643939469093,,,,84000042.0,USA,25957.872639946807,,2020-12-05,6034682.0,2.6925066464566267,11114.0,139.0,7472.0,238660.0
13865,Pennsylvania,US,2020-12-07 05:30:36,40.5908,-77.2098,423100,11255,238660.0,173185.0,42.0,3304.9551909472816,,,,84000042.0,USA,26161.169174571234,,2020-12-06,6099718.0,2.6601276294020324,7465.0,64.0,0.0,238660.0
13923,Pennsylvania,US,2020-12-08 05:30:26,40.5908,-77.2098,432207,11319,247337.0,173551.0,42.0,3376.092574364812,,,,84000042.0,USA,26321.902010695365,,2020-12-07,6167518.0,2.6188840069688832,9107.0,64.0,8677.0,247337.0
13981,Pennsylvania,US,2020-12-09 05:30:36,40.5908,-77.2098,442311,11521,248869.0,181921.0,42.0,3455.0178101230986,,,,84000042.0,USA,26529.768147746418,,2020-12-08,6231017.0,2.6047283472488814,10104.0,202.0,1532.0,248869.0
14039,Pennsylvania,US,2020-12-10 05:30:26,40.5908,-77.2098,450924,11726,258283.0,180915.0,42.0,3522.296418158147,,,,84000042.0,USA,26698.281024925112,,2020-12-09,6286181.0,2.6004382113172064,8613.0,205.0,9414.0,258283.0
14097,Pennsylvania,US,2020-12-11 05:30:31,40.5908,-77.2098,462954,11961,265227.0,185766.0,42.0,3616.266191136393,,,,84000042.0,USA,26955.15517159092,,2020-12-10,6360850.0,2.5836260189997278,12030.0,235.0,6944.0,265227.0
14155,Pennsylvania,US,2020-12-12 05:30:32,40.5908,-77.2098,476249,12183,272619.0,191447.0,42.0,3720.117241156823,,,,84000042.0,USA,27179.714027249986,,2020-12-11,6424566.0,2.5581156075918265,13295.0,222.0,7392.0,272619.0
14213,Pennsylvania,US,2020-12-13 05:30:42,40.5908,-77.2098,485330,12371,279048.0,193911.0,42.0,3791.05153113317,,,,84000042.0,USA,27389.26740212009,,2020-12-12,6491551.0,2.5489872870005974,9081.0,188.0,6429.0,279048.0
14271,Pennsylvania,US,2020-12-14 05:30:41,40.5908,-77.2098,495099,12490,279048.0,203561.0,42.0,3867.359986014673,,,,84000042.0,USA,27629.49569789507,,2020-12-13,6564588.0,2.522727777676788,9769.0,119.0,0.0,279048.0
14329,Pennsylvania,US,2020-12-15 05:30:31,40.5908,-77.2098,505174,12552,289863.0,202759.0,42.0,3946.0586944731785,,,,84000042.0,USA,27811.717382353632,,2020-12-14,6619529.0,2.4846884439816765,10075.0,62.0,10815.0,289863.0
14387,Pennsylvania,US,2020-12-16 05:30:42,40.5908,-77.2098,514749,12796,295405.0,206548.0,42.0,4020.851759832007,,,,84000042.0,USA,27977.09793376638,,2020-12-15,6675959.0,2.4858717549718405,9575.0,244.0,5542.0,295405.0
14445,Pennsylvania,US,2020-12-17 05:30:43,40.5908,-77.2098,524940,13109,306427.0,205404.0,42.0,4100.456577489638,,,,84000042.0,USA,28163.029979169638,,2020-12-16,6737991.0,2.4972377795557588,10191.0,313.0,11022.0,306427.0
14503,Pennsylvania,US,2020-12-18 05:30:33,40.5908,-77.2098,534948,13329,317601.0,204018.0,42.0,4178.631929772788,,,,84000042.0,USA,28363.553507193297,,2020-12-17,6800942.0,2.4916440476457526,10008.0,220.0,11174.0,317601.0
14561,Pennsylvania,US,2020-12-19 05:30:27,40.5908,-77.2098,544116,13549,323193.0,207374.0,42.0,4250.245801648478,,,,84000042.0,USA,28570.00580144226,,2020-12-18,6869564.0,2.490094024068397,9168.0,220.0,5592.0,323193.0
14619,Pennsylvania,US,2020-12-20 05:30:33,40.5908,-77.2098,552895,13754,334578.0,204563.0,42.0,4318.82108319262,,,,84000042.0,USA,28746.47056797189,,2020-12-19,6934456.0,2.487633275757603,8779.0,205.0,11385.0,334578.0
14677,Pennsylvania,US,2020-12-21 05:30:38,40.5908,-77.2098,559256,13834,334578.0,210844.0,42.0,4368.508674706721,,,,84000042.0,USA,28911.58553565388,,2020-12-20,6986455.0,2.4736435550087976,6361.0,80.0,0.0,334578.0
14735,Pennsylvania,US,2020-12-22 05:30:44,40.5908,-77.2098,569099,13890,343789.0,211420.0,42.0,4445.3951647669755,,,,84000042.0,USA,29086.60521423663,,2020-12-21,7038666.0,2.4407001242314608,9843.0,56.0,9211.0,343789.0
14793,Pennsylvania,US,2020-12-23 05:30:33,40.5908,-77.2098,576787,14197,348646.0,213944.0,42.0,4505.448333067619,,,,84000042.0,USA,29217.592672513623,,2020-12-22,7086035.0,2.4613938941064903,7688.0,307.0,4857.0,348646.0
14851,Pennsylvania,US,2020-12-24 05:30:27,40.5908,-77.2098,586474,14440,360316.0,211718.0,42.0,4581.116262480776,,,,84000042.0,USA,29389.35504475125,,2020-12-23,7148310.0,2.4621722361093585,9687.0,243.0,11670.0,360316.0
14909,Pennsylvania,US,2020-12-25 05:30:37,40.5908,-77.2098,595808,14707,371943.0,209158.0,42.0,4654.026807865559,,,,84000042.0,USA,29557.2352077478,,2020-12-24,7205757.0,2.468412642999087,9334.0,267.0,11627.0,371943.0
14967,Pennsylvania,US,2020-12-26 05:30:27,40.5908,-77.2098,601940,14837,371943.0,215160.0,42.0,4701.925614840006,,,,84000042.0,USA,29717.56185698957,,2020-12-25,7269151.0,2.4648636076685384,6132.0,130.0,0.0,371943.0
15025,Pennsylvania,US,2020-12-27 05:30:43,40.5908,-77.2098,608767,14858,381238.0,212671.0,42.0,4755.253265723006,,,,84000042.0,USA,29887.926008997514,,2020-12-26,7326480.0,2.440671061342024,6827.0,21.0,9295.0,381238.0
15083,Pennsylvania,US,2020-12-28 05:30:44,40.5908,-77.2098,613272,14969,381238.0,217065.0,42.0,4790.443110051102,,,,84000042.0,USA,30006.962199389487,,2020-12-27,7372129.0,2.4408419102779844,4505.0,111.0,0.0,381238.0
15141,Pennsylvania,US,2020-12-29 05:30:33,40.5908,-77.2098,618902,15055,392834.0,211013.0,42.0,4834.420651353475,,,,84000042.0,USA,30088.254254866177,,2020-12-28,7398972.0,2.4325337452456126,5630.0,86.0,11596.0,392834.0
15199,Pennsylvania,US,2020-12-30 05:30:45,40.5908,-77.2098,627526,15343,404526.0,207657.0,42.0,4901.7851835367155,,,,84000042.0,USA,30201.963148070194,,2020-12-29,7443913.0,2.4449982948913664,8624.0,288.0,11692.0,404526.0
15257,Pennsylvania,US,2020-12-31 05:30:27,40.5908,-77.2098,636061,15665,416679.0,203717.0,42.0,4968.454511248213,,,,84000042.0,USA,30351.767994801434,,2020-12-30,7496782.0,2.4628141011632527,8535.0,322.0,12153.0,416679.0
15315,Pennsylvania,US,2021-01-01 05:30:27,40.5908,-77.2098,645390,15947,429017.0,200426.0,42.0,5041.326000202,,,,84000042.0,USA,30506.618932417456,,2020-12-31,7554677.0,2.47090906273726,9329.0,282.0,12338.0,429017.0
15373,Pennsylvania,US,2021-01-02 05:30:44,40.5908,-77.2098,652091,16155,429017.0,206919.0,42.0,5093.669429023878,,,,84000042.0,USA,30645.581713903983,,2021-01-01,7607664.0,2.4774149620221717,6701.0,208.0,0.0,429017.0
15431,Pennsylvania,US,2021-01-03 05:30:33,40.5908,-77.2098,660580,16179,453531.0,190870.0,42.0,5159.979437570209,,,,84000042.0,USA,30829.584371616005,,2021-01-02,7675010.0,2.449211299161344,8489.0,24.0,24514.0,453531.0
15489,Pennsylvania,US,2021-01-04 05:30:45,40.5908,-77.2098,664913,16230,453531.0,195152.0,42.0,5193.825740672016,,,,84000042.0,USA,30926.311528622624,,2021-01-03,7715509.0,2.440920842275606,4333.0,51.0,0.0,453531.0
15547,Pennsylvania,US,2021-01-05 05:30:33,40.5908,-77.2098,670039,16335,465567.0,188137.0,42.0,5233.8663937299125,,,,84000042.0,USA,30981.771660638038,,2021-01-04,7735808.0,2.4379177928448943,5126.0,105.0,12036.0,465567.0
15605,Pennsylvania,US,2021-01-06 05:30:39,40.5908,-77.2098,678998,16536,471740.0,190722.0,42.0,5303.847706789938,,,,84000042.0,USA,31159.603402252567,,2021-01-05,7794549.0,2.4353532705545526,8959.0,201.0,6173.0,471740.0
15663,Pennsylvania,US,2021-01-07 05:30:38,40.5908,-77.2098,688398,16915,485206.0,186277.0,42.0,5377.273797063878,,,,84000042.0,USA,31325.95255315405,,2021-01-06,7853300.0,2.4571541462932784,9400.0,379.0,13466.0,485206.0
15721,Pennsylvania,US,2021-01-08 05:30:47,40.5908,-77.2098,698005,17173,499022.0,181810.0,42.0,5452.316823581085,,,,84000042.0,USA,31485.755846220454,,2021-01-07,7904802.0,2.4602975623383787,9607.0,258.0,13816.0,499022.0
15779,Pennsylvania,US,2021-01-09 05:30:45,40.5908,-77.2098,708221,17376,513383.0,177462.0,42.0,5532.116923393701,,,,84000042.0,USA,31679.78038412625,,2021-01-08,7975747.0,2.453471444647928,10216.0,203.0,14361.0,513383.0
15837,Pennsylvania,US,2021-01-10 05:30:28,40.5908,-77.2098,717277,17626,520490.0,179161.0,42.0,5602.855931215064,,,,84000042.0,USA,31877.10128480817,,2021-01-09,8048586.0,2.4573491133829752,9056.0,250.0,7107.0,520490.0
15895,Pennsylvania,US,2021-01-11 05:30:40,40.5908,-77.2098,723865,17717,520490.0,185658.0,42.0,5654.316684696417,,,,84000042.0,USA,32044.075338605588,,2021-01-10,8106628.0,2.4475558287802284,6588.0,91.0,0.0,520490.0
15953,Pennsylvania,US,2021-01-12 05:30:28,40.5908,-77.2098,730773,17802,537353.0,175618.0,42.0,5708.277049761565,,,,84000042.0,USA,32170.001083425395,,2021-01-11,8145981.0,2.4360505930022045,6908.0,85.0,16863.0,537353.0
16011,Pennsylvania,US,2021-01-13 05:30:34,40.5908,-77.2098,737994,18045,542737.0,177212.0,42.0,5764.682347407111,,,,84000042.0,USA,32312.080568105474,,2021-01-12,8198497.0,2.445141830421385,7221.0,243.0,5384.0,542737.0
16069,Pennsylvania,US,2021-01-14 05:30:28,40.5908,-77.2098,746002,18412,556041.0,171549.0,42.0,5827.2351272915475,,,,84000042.0,USA,32477.461119518222,,2021-01-13,8255043.0,2.468089897882311,8008.0,367.0,13304.0,556041.0
16127,Pennsylvania,US,2021-01-15 05:30:28,40.5908,-77.2098,753164,18710,568908.0,165546.0,42.0,5883.179559051332,,,,84000042.0,USA,32624.141451769723,,2021-01-14,8307622.0,2.484186710995215,7162.0,298.0,12867.0,568908.0
16185,Pennsylvania,US,2021-01-16 05:30:49,40.5908,-77.2098,759243,18935,573504.0,166804.0,42.0,5930.664367857215,,,,84000042.0,USA,32769.165791346946,,2021-01-15,8368848.0,2.493931455410192,6079.0,225.0,4596.0,573504.0
16243,Pennsylvania,US,2021-01-17 05:30:35,40.5908,-77.2098,765489,19143,578950.0,167396.0,42.0,5979.453661458388,,,,84000042.0,USA,32940.25639297144,,2021-01-16,8433901.0,2.500754419723864,6246.0,208.0,5446.0,578950.0
16301,Pennsylvania,US,2021-01-18 05:30:33,40.5908,-77.2098,770985,19255,578950.0,172780.0,42.0,6022.384490410045,,,,84000042.0,USA,33110.52680954499,,2021-01-17,8494845.0,2.4974545548875797,5496.0,112.0,0.0,578950.0
16359,Pennsylvania,US,2021-01-19 05:30:28,40.5908,-77.2098,774566,19330,594320.0,160916.0,42.0,6050.3567062899365,,,,84000042.0,USA,33225.78233741647,,2021-01-18,8536900.0,2.495591079391556,3581.0,75.0,15370.0,594320.0
16417,Pennsylvania,US,2021-01-20 05:30:46,40.5908,-77.2098,781947,19423,598433.0,164091.0,42.0,6108.011809727379,,,,84000042.0,USA,33365.63560552974,,2021-01-19,8584679.0,2.4839279388500755,7381.0,93.0,4113.0,598433.0
16475,Pennsylvania,US,2021-01-21 05:30:34,40.5908,-77.2098,787584,19811,610872.0,156901.0,42.0,6152.044030033146,,,,84000042.0,USA,33512.464352219016,,2021-01-20,8638607.0,2.5154142288314643,5637.0,388.0,12439.0,610872.0
16533,Pennsylvania,US,2021-01-22 05:30:39,40.5908,-77.2098,793138,20063,615290.0,157785.0,42.0,6195.427913584365,,,,84000042.0,USA,33664.06579477612,,2021-01-21,8694264.0,2.5295724073238195,5554.0,252.0,4418.0,615290.0
16591,Pennsylvania,US,2021-01-23 05:30:27,40.5908,-77.2098,798438,20269,627395.0,150774.0,42.0,6236.8277304409485,,,,84000042.0,USA,33806.72331463494,,2021-01-22,8756485.0,2.5385815805359964,5300.0,206.0,12105.0,627395.0
16649,Pennsylvania,US,2021-01-24 05:30:28,40.5908,-77.2098,803585,20454,631966.0,151165.0,42.0,6277.032420509032,,,,84000042.0,USA,33954.62220753353,,2021-01-23,8818645.0,2.5453436786400943,5147.0,185.0,4571.0,631966.0
16707,Pennsylvania,US,2021-01-25 05:30:45,40.5908,-77.2098,807102,20532,631966.0,154604.0,42.0,6304.504714072165,,,,84000042.0,USA,34077.49373944939,,2021-01-24,8869834.0,2.5439163823159903,3517.0,78.0,0.0,631966.0
16765,Pennsylvania,US,2021-01-26 05:30:28,40.5908,-77.2098,812098,20593,638214.0,153291.0,42.0,6343.529899924146,,,,84000042.0,USA,34192.39775944191,,2021-01-25,8909236.0,2.5357777017059515,4996.0,61.0,6248.0,638214.0
16823,Pennsylvania,US,2021-01-27 05:30:51,40.5908,-77.2098,816761,20818,641871.0,154072.0,42.0,6379.95392747174,,,,84000042.0,USA,34309.87169259402,,2021-01-26,8954749.0,2.548848439139479,4663.0,225.0,3657.0,641871.0
16881,Pennsylvania,US,2021-01-28 05:30:28,40.5908,-77.2098,822582,21032,654695.0,146855.0,42.0,6425.423424438187,,,,84000042.0,USA,34436.469208026974,,2021-01-27,8997550.0,2.5568271613042834,5821.0,214.0,12824.0,654695.0
16939,Pennsylvania,US,2021-01-29 05:30:28,40.5908,-77.2098,828632,21264,667768.0,139600.0,42.0,6472.681705944287,,,,84000042.0,USA,34567.83160804153,,2021-01-28,9050928.0,2.5661572326436826,6050.0,232.0,13073.0,667768.0
16997,Pennsylvania,US,2021-01-30 05:30:40,40.5908,-77.2098,838016,21437,675578.0,141001.0,42.0,6545.98281563904,,,,84000042.0,USA,34724.40102862141,,2021-01-29,9111901.0,2.558065717122345,9384.0,173.0,7810.0,675578.0
17055,Pennsylvania,US,2021-01-31 05:30:41,40.5908,-77.2098,842475,21562,688175.0,132738.0,42.0,6580.813340801967,,,,84000042.0,USA,34864.63704975844,,2021-01-30,9173901.0,2.559363779340633,4459.0,125.0,12597.0,688175.0
17113,Pennsylvania,US,2021-02-01 05:30:44,40.5908,-77.2098,846046,21617,688175.0,136254.0,42.0,6608.707443819862,,,,84000042.0,USA,34997.491405437075,,2021-01-31,9228711.0,2.555062017904464,3571.0,55.0,0.0,688175.0
17171,Pennsylvania,US,2021-02-02 05:30:40,40.5908,-77.2098,849966,21651,693783.0,134532.0,42.0,6639.327685721335,,,,84000042.0,USA,35093.96860128531,,2021-02-01,9264604.0,2.547278361722704,3920.0,34.0,5608.0,693783.0
17229,Pennsylvania,US,2021-02-03 05:30:38,40.5908,-77.2098,854197,21775,697400.0,135022.0,42.0,6672.377237630811,,,,84000042.0,USA,35206.38082098024,,2021-02-02,9306907.0,2.549177765784708,4231.0,124.0,3617.0,697400.0
17287,Pennsylvania,US,2021-02-04 05:30:42,40.5908,-77.2098,857332,21919,708501.0,126912.0,42.0,6696.865619865788,,,,84000042.0,USA,72878.44880979041,,2021-02-03,9329891.0,2.5566524986819577,3135.0,144.0,11101.0,708501.0
17345,Pennsylvania,US,2021-02-05 05:30:47,40.5908,-77.2098,860721,22048,719868.0,118805.0,42.0,6723.338068795403,,,,84000042.0,USA,73169.76291730918,,2021-02-04,9367185.0,2.5615733785977106,3389.0,129.0,11367.0,719868.0
17403,Pennsylvania,US,2021-02-06 05:30:40,40.5908,-77.2098,865448,22208,723806.0,119434.0,42.0,6760.262018659757,,,,84000042.0,USA,73486.36996954144,,2021-02-05,9407717.0,2.566069827418864,4727.0,160.0,3938.0,723806.0
17461,Pennsylvania,US,2021-02-07 05:30:57,40.5908,-77.2098,869222,22353,735763.0,111106.0,42.0,6789.741812776124,,,,84000042.0,USA,73890.5649739271,,2021-02-06,9459462.0,2.5716100144727125,3774.0,145.0,11957.0,735763.0
17519,Pennsylvania,US,2021-02-08 05:30:33,40.5908,-77.2098,873146,22416,735763.0,114967.0,42.0,6820.393299822394,,,,84000042.0,USA,73890.5649739271,,2021-02-07,9459462.0,2.5672682460894283,3924.0,63.0,0.0,735763.0
17577,Pennsylvania,US,2021-02-09 05:30:43,40.5908,-77.2098,876165,22443,735763.0,117959.0,42.0,6843.9755728582495,,,,84000042.0,USA,73890.5649739271,,2021-02-08,9459462.0,2.561503826334081,3019.0,27.0,0.0,735763.0
17635,Pennsylvania,US,2021-02-10 05:30:29,40.5908,-77.2098,880838,22590,745376.0,112872.0,42.0,6880.4777132678355,,,,84000042.0,USA,74990.08161934836,,2021-02-09,9600222.0,2.5646032528115272,4673.0,147.0,9613.0,745376.0
17693,Pennsylvania,US,2021-02-11 05:30:49,40.5908,-77.2098,883928,22726,757050.0,104152.0,42.0,6904.614587623845,,,,84000042.0,USA,75257.22760736632,,2021-02-10,9634422.0,2.5710238842982687,3090.0,136.0,11674.0,757050.0
17751,Pennsylvania,US,2021-02-12 05:30:51,40.5908,-77.2098,887863,22835,760471.0,104557.0,42.0,6935.351998818311,,,,84000042.0,USA,75659.54790306411,,2021-02-11,9685927.0,2.571905800782328,3935.0,109.0,3421.0,760471.0
17809,Pennsylvania,US,2021-02-13 05:30:30,40.5908,-77.2098,891135,22948,772782.0,95405.0,42.0,6960.910527262599,,,,84000042.0,USA,75986.06747748338,,2021-02-12,9727728.0,2.5751429356943683,3272.0,113.0,12311.0,772782.0
17867,Pennsylvania,US,2021-02-14 05:30:42,40.5908,-77.2098,894660,23043,776339.0,95278.0,42.0,6988.445311115327,,,,84000042.0,USA,76549.68302191168,,2021-02-13,9799882.0,2.5756153175508016,3525.0,95.0,3557.0,776339.0
17925,Pennsylvania,US,2021-02-15 05:31:10,40.5908,-77.2098,896996,23065,776339.0,97592.0,42.0,7006.692475677021,,,,84000042.0,USA,76549.68302191168,,2021-02-14,9799882.0,2.5713604074042693,2336.0,22.0,0.0,776339.0
17983,Pennsylvania,US,2021-02-16 05:31:00,40.5908,-77.2098,898654,23086,776339.0,99229.0,42.0,7019.643588195553,,,,84000042.0,USA,76549.68302191168,,2021-02-15,9799882.0,2.5689531232265144,1658.0,21.0,0.0,776339.0
18041,Pennsylvania,US,2021-02-17 05:30:30,40.5908,-77.2098,901876,23100,791328.0,87448.0,42.0,7044.811552329877,,,,84000042.0,USA,77416.76703518492,,2021-02-16,9910886.0,2.561327721327544,3222.0,14.0,14989.0,791328.0
18099,Pennsylvania,US,2021-02-18 05:30:52,40.5908,-77.2098,905370,23284,794332.0,87754.0,42.0,7072.104186310424,,,,84000042.0,USA,77686.44387993148,,2021-02-17,9945410.0,2.5717662392171157,3494.0,184.0,3004.0,794332.0
18157,Pennsylvania,US,2021-02-19 05:31:04,40.5908,-77.2098,908637,23381,797275.0,87981.0,42.0,7097.6236583237205,,,,84000042.0,USA,78044.7475778959,,2021-02-18,9991280.0,2.573194796161724,3267.0,97.0,2943.0,797275.0
18215,Pennsylvania,US,2021-02-20 05:30:30,40.5908,-77.2098,911421,23466,799720.0,88235.0,42.0,7119.370279102724,,,,84000042.0,USA,78366.74441760572,,2021-02-19,10032502.0,2.5746608866813467,2784.0,85.0,2445.0,799720.0
18273,Pennsylvania,US,2021-02-21 05:30:53,40.5908,-77.2098,913912,23540,811315.0,79057.0,42.0,7138.828193025319,,,,84000042.0,USA,78665.76045331705,,2021-02-20,10070782.0,2.5757403338614657,2491.0,74.0,11595.0,811315.0
18331,Pennsylvania,US,2021-02-22 05:30:43,40.5908,-77.2098,915639,23565,811315.0,80759.0,42.0,7152.318284291605,,,,84000042.0,USA,78665.76045331705,,2021-02-21,10070782.0,2.573612526334069,1727.0,25.0,0.0,811315.0
18389,Pennsylvania,US,2021-02-23 05:30:53,40.5908,-77.2098,917565,23580,814366.0,79619.0,42.0,7167.362821511562,,,,84000042.0,USA,79065.68268415166,,2021-02-22,10121980.0,2.5698451880793187,1926.0,15.0,3051.0,814366.0
18447,Pennsylvania,US,2021-02-24 05:31:21,40.5908,-77.2098,920385,23677,816884.0,79824.0,42.0,7189.390648593746,,,,84000042.0,USA,79290.81957498947,,2021-02-23,10150802.0,2.572510416836433,2820.0,97.0,2518.0,816884.0
18505,Pennsylvania,US,2021-02-25 05:31:00,40.5908,-77.2098,923174,23759,828570.0,70845.0,42.0,7211.176325803747,,,,84000042.0,USA,79603.00543923293,,2021-02-24,10190768.0,2.573621007524042,2789.0,82.0,11686.0,828570.0
18563,Pennsylvania,US,2021-02-26 05:30:48,40.5908,-77.2098,925563,23840,830691.0,71032.0,42.0,7229.837488534007,,,,84000042.0,USA,80026.37715123799,,2021-02-25,10244968.0,2.5757295829673397,2389.0,81.0,2121.0,830691.0
18621,Pennsylvania,US,2021-02-27 05:30:48,40.5908,-77.2098,928633,23895,833702.0,71036.0,42.0,7253.818137166029,,,,84000042.0,USA,80563.52805802286,,2021-02-26,10313734.0,2.5731370735263552,3070.0,55.0,3011.0,833702.0
18679,Pennsylvania,US,2021-02-28 05:30:29,40.5908,-77.2098,931531,23895,836727.0,70909.0,42.0,7276.455244571762,,,,84000042.0,USA,81071.69128172193,,2021-02-27,10378789.0,2.565132024591774,2898.0,0.0,3025.0,836727.0
18737,Pennsylvania,US,2021-03-01 05:30:39,40.5908,-77.2098,933261,23967,836727.0,72567.0,42.0,7289.968769696647,,,,84000042.0,USA,81071.69128172193,,2021-02-28,10378789.0,2.568091884263888,1730.0,72.0,0.0,836727.0
18795,Pennsylvania,US,2021-03-02 05:30:53,40.5908,-77.2098,935822,23984,849275.0,62563.0,42.0,7309.973473653195,,,,84000042.0,USA,81574.49596308824,,2021-03-01,10443158.0,2.5628805477964827,2561.0,17.0,12548.0,849275.0
18853,Pennsylvania,US,2021-03-03 05:30:49,40.5908,-77.2098,938296,24062,851608.0,62626.0,42.0,7329.2985957104,,,,84000042.0,USA,81833.55726988986,,2021-03-02,10476323.0,2.564435956244085,2474.0,78.0,2333.0,851608.0
18911,Pennsylvania,US,2021-03-04 05:30:41,40.5908,-77.2098,940923,24134,844569.0,72220.0,42.0,7349.818844556107,,,,84000042.0,USA,82131.46410296088,,2021-03-03,10514461.0,2.564928267243972,2627.0,72.0,-7039.0,844569.0
18969,Pennsylvania,US,2021-03-05 05:31:07,40.5908,-77.2098,943933,24208,856709.0,63016.0,42.0,7373.330816016168,,,,84000042.0,USA,82563.47509750242,,2021-03-04,10569767.0,2.5645888002644246,3010.0,74.0,12140.0,856709.0
19027,Pennsylvania,US,2021-03-06 04:30:38,40.5908,-77.2098,946734,24255,859218.0,63261.0,42.0,7395.210228660561,,,,84000042.0,USA,83028.37941822947,,2021-03-05,10629284.0,2.5619656630056595,2801.0,47.0,2509.0,859218.0
19085,Pennsylvania,US,2021-03-07 05:31:30,40.5908,-77.2098,949127,24306,859218.0,65603.0,42.0,7413.902636535618,,,,84000042.0,USA,83028.37941822947,,2021-03-06,10629284.0,2.5608796293857408,2393.0,51.0,0.0,859218.0
19143,Pennsylvania,US,2021-03-08 05:31:09,40.5908,-77.2098,950773,24334,,,42.0,7426.76001361976,,,,84000042.0,USA,83437.94077623407,,2021-03-07,10681716.0,2.5593911480448006,1646.0,28.0,0.0,859218.0
19201,Pennsylvania,US,2021-03-09 05:30:55,40.5908,-77.2098,952818,24344,,,42.0,7442.73409389744,,,,84000042.0,USA,83437.94077623407,,2021-03-08,10681716.0,2.554947534576383,2045.0,10.0,0.0,859218.0
19259,Pennsylvania,US,2021-03-10 05:31:08,40.5908,-77.2098,955743,24388,,,42.0,7465.582106030555,,,,84000042.0,USA,83939.14414392952,,2021-03-09,10745880.0,2.5517320032686612,2925.0,44.0,0.0,859218.0
19317,Pennsylvania,US,2021-03-11 05:30:58,40.5908,-77.2098,958349,24427,,,42.0,7485.9383178660755,,,,84000042.0,USA,84188.83190729191,,2021-03-10,10777845.0,2.5488626794622835,2606.0,39.0,0.0,859218.0
19375,Pennsylvania,US,2021-03-12 05:30:41,40.5908,-77.2098,961092,24474,,,42.0,7507.364675910907,,,,84000042.0,USA,84483.18460514223,,2021-03-11,10815528.0,2.5464783808417923,2743.0,47.0,0.0,859218.0
19433,Pennsylvania,US,2021-03-13 05:30:48,40.5908,-77.2098,964147,24510,,,42.0,7531.228155249938,,,,84000042.0,USA,84906.70473158508,,2021-03-12,10869747.0,2.5421434698235847,3055.0,36.0,0.0,859218.0
19491,Pennsylvania,US,2021-03-14 05:31:09,40.5908,-77.2098,966538,24510,,,42.0,7549.904940552597,,,,84000042.0,USA,85365.6646635144,,2021-03-13,10928503.0,2.5358547723938427,2391.0,0.0,0.0,859218.0
19549,Pennsylvania,US,2021-03-15 05:31:06,40.5908,-77.2098,968259,24510,,,42.0,7563.348164101688,,,,84000042.0,USA,85738.48954252343,,2021-03-14,10976232.0,2.5313475010302002,1721.0,0.0,0.0,859218.0
19607,Pennsylvania,US,2021-03-16 05:31:04,40.5908,-77.2098,970281,24566,,,42.0,7579.142584796783,,,,84000042.0,USA,85738.48954252343,,2021-03-15,10976232.0,2.53184386791043,2022.0,56.0,0.0,859218.0
19665,Pennsylvania,US,2021-03-17 05:31:00,40.5908,-77.2098,973370,24660,,,42.0,7603.271647866593,,,,84000042.0,USA,86192.1221772648,,2021-03-16,11034306.0,2.533466205040221,3089.0,94.0,0.0,859218.0
19723,Pennsylvania,US,2021-03-18 05:31:01,40.5908,-77.2098,976442,24698,,,42.0,7627.267919071013,,,,84000042.0,USA,86424.8203931436,,2021-03-17,11064096.0,2.529387306158481,3072.0,38.0,0.0,859218.0
19781,Pennsylvania,US,2021-03-19 05:30:59,40.5908,-77.2098,979638,24722,,,42.0,7652.232789764154,,,,84000042.0,USA,86764.080175354,,2021-03-18,11107528.0,2.523585242712104,3196.0,24.0,0.0,859218.0
19839,Pennsylvania,US,2021-03-20 05:31:09,40.5908,-77.2098,983109,24758,,,42.0,7679.345764162115,,,,84000042.0,USA,87164.86945895673,,2021-03-19,11158837.0,2.518337234223265,3471.0,36.0,0.0,859218.0
19897,Pennsylvania,US,2021-03-21 05:30:52,40.5908,-77.2098,986712,24783,,,42.0,7707.489828338394,,,,84000042.0,USA,87581.62501155095,,2021-03-20,11212190.0,2.5116751392503587,3603.0,25.0,0.0,859218.0
19955,Pennsylvania,US,2021-03-22 05:30:46,40.5908,-77.2098,988656,24796,,,42.0,7722.67496870994,,,,84000042.0,USA,87982.33618229168,,2021-03-21,11263489.0,2.508051334336716,1944.0,13.0,0.0,859218.0
20013,Pennsylvania,US,2021-03-23 05:31:19,40.5908,-77.2098,991089,24774,,,42.0,7734.345030291777,,,,84000042.0,USA,87982.33618229168,,2021-03-22,11263489.0,2.504469019845478,2433.0,-22.0,0.0,859218.0
20071,Pennsylvania,US,2021-03-24 05:31:13,40.5908,-77.2098,994694,24817,,,42.0,7757.0836844181,,,,84000042.0,USA,88405.77819587254,,2021-03-23,11317698.0,2.5006520243972927,3605.0,43.0,0.0,859218.0
20129,Pennsylvania,US,2021-03-25 05:30:43,40.5908,-77.2098,999311,24857,,,42.0,7805.904223164072,,,,84000042.0,USA,88622.67417977004,,2021-03-24,11345465.0,2.48741382812758,4617.0,40.0,0.0,859218.0
20187,Pennsylvania,US,2021-03-26 05:30:37,40.5908,-77.2098,1002909,24898,,,42.0,7834.009230909353,,,,84000042.0,USA,88966.96443029284,,2021-03-25,11389541.0,2.482578180074164,3598.0,41.0,0.0,859218.0
20245,Pennsylvania,US,2021-03-27 05:31:28,40.5908,-77.2098,1007892,24932,,,42.0,7872.932870040741,,,,84000042.0,USA,89343.23408651577,,2021-03-26,11437711.0,2.4736777353129105,4983.0,34.0,0.0,859218.0
20303,Pennsylvania,US,2021-03-28 05:31:16,40.5908,-77.2098,1013488,24960,,,42.0,7916.6448276123365,,,,84000042.0,USA,89831.72068027867,,2021-03-27,11500247.0,2.462781996432124,5596.0,28.0,0.0,859218.0
20361,Pennsylvania,US,2021-03-29 04:31:08,40.5908,-77.2098,1013731,24971,,,42.0,7918.542970158777,,,,84000042.0,USA,89831.72068027867,,2021-03-28,11500247.0,2.46327674698712,243.0,11.0,0.0,859218.0
20419,Pennsylvania,US,2021-03-30 04:31:00,40.5908,-77.2098,1017881,24991,,,42.0,7950.959807886104,,,,84000042.0,USA,89831.72068027867,,2021-03-29,11500247.0,2.455198593941728,4150.0,20.0,0.0,859218.0
20477,Pennsylvania,US,2021-03-31 04:31:15,40.5908,-77.2098,1022992,25029,,,42.0,7990.883291651008,,,,84000042.0,USA,90658.67030505963,,2021-03-30,11606113.0,2.446646699094421,5111.0,38.0,0.0,859218.0
20535,Pennsylvania,US,2021-04-01 04:30:33,40.5908,-77.2098,1027678,25074,,,42.0,8027.486978781188,,,,84000042.0,USA,90980.02661930108,,2021-03-31,11647253.0,2.4398692975815384,4686.0,45.0,0.0,859218.0
20593,Pennsylvania,US,2021-04-02 04:30:39,40.5908,-77.2098,1031542,25111,,,42.0,8057.669788655498,,,,84000042.0,USA,91295.00111271773,,2021-04-01,11687576.0,2.4343167801214105,3864.0,37.0,0.0,859218.0
20651,Pennsylvania,US,2021-04-03 04:30:31,40.5908,-77.2098,1035559,25135,,,42.0,8089.047725318308,,,,84000042.0,USA,91635.50288943383,,2021-04-02,11731167.0,2.4271914975390105,4017.0,24.0,0.0,859218.0
20709,Pennsylvania,US,2021-04-04 04:30:32,40.5908,-77.2098,1040692,25166,,,42.0,8129.1430573796,,,,84000042.0,USA,92038.79959590654,,2021-04-03,11782797.0,2.4181986601223042,5133.0,31.0,0.0,859218.0
20767,Pennsylvania,US,2021-04-05 04:30:40,40.5908,-77.2098,1043524,25173,,,42.0,8151.264619896176,,,,84000042.0,USA,92520.67784154476,,2021-04-04,11844487.0,2.4123067605536623,2832.0,7.0,0.0,859218.0
20825,Pennsylvania,US,2021-04-06 04:30:57,40.5908,-77.2098,1047728,25180,,,42.0,8184.103267078264,,,,84000042.0,USA,92520.67784154476,,2021-04-05,11844487.0,2.4032955118122263,4204.0,7.0,0.0,859218.0
20883,Pennsylvania,US,2021-04-07 04:30:42,40.5908,-77.2098,1052450,25217,,,42.0,8220.98816051162,,,,84000042.0,USA,92977.52872620027,,2021-04-06,11902973.0,2.3960283148843176,4722.0,37.0,0.0,859218.0
20941,Pennsylvania,US,2021-04-08 04:30:30,40.5908,-77.2098,1057126,25269,,,42.0,8257.513734779806,,,,84000042.0,USA,93251.86890880784,,2021-04-07,11938094.0,2.3903489271855958,4676.0,52.0,0.0,859218.0
20999,Pennsylvania,US,2021-04-09 04:30:59,40.5908,-77.2098,1061566,25312,,,42.0,8292.195845504944,,,,84000042.0,USA,93558.57906142557,,2021-04-08,11977359.0,2.3844019118924304,4440.0,43.0,0.0,859218.0
21057,Pennsylvania,US,2021-04-10 04:30:47,40.5908,-77.2098,1066707,25358,,,42.0,8332.35366785583,,,,84000042.0,USA,93965.89076900472,,2021-04-09,12029503.0,2.3772226112700108,5141.0,46.0,0.0,859218.0
21115,Pennsylvania,US,2021-04-11 04:30:51,40.5908,-77.2098,1070730,25390,,,42.0,8363.778472235837,,,,84000042.0,USA,94461.18099304725,,2021-04-10,12092910.0,2.3712794075070285,4023.0,32.0,0.0,859218.0
21173,Pennsylvania,US,2021-04-12 04:30:34,40.5908,-77.2098,1073924,25393,,,42.0,8388.727720356579,,,,84000042.0,USA,94896.10559734117,,2021-04-11,12148589.0,2.364506240665075,3194.0,3.0,0.0,859218.0
21231,Pennsylvania,US,2021-04-13 04:30:56,40.5908,-77.2098,1077936,25397,,,42.0,8420.066600588392,,,,84000042.0,USA,94896.10559734117,,2021-04-12,12148589.0,2.3560767986225533,4012.0,4.0,0.0,859218.0
21289,Pennsylvania,US,2021-04-14 04:30:32,40.5908,-77.2098,1083953,25451,,,42.0,8467.067109649915,,,,84000042.0,USA,95393.30177521633,,2021-04-13,12212240.0,2.347980032344576,6017.0,54.0,0.0,859218.0
21347,Pennsylvania,US,2021-04-15 04:30:32,40.5908,-77.2098,1090228,25502,,,42.0,8516.08293055087,,,,84000042.0,USA,95726.35158489824,,2021-04-14,12254877.0,2.3391437387408867,6275.0,51.0,0.0,859218.0
21405,Pennsylvania,US,2021-04-16 04:31:03,40.5908,-77.2098,1095321,25546,,,42.0,8555.865811164187,,,,84000042.0,USA,96076.75807251512,,2021-04-15,12299736.0,2.332284325782122,5093.0,44.0,0.0,859218.0
21463,Pennsylvania,US,2021-04-17 04:31:07,40.5908,-77.2098,1100857,25613,,,42.0,8599.109091563818,,,,84000042.0,USA,96490.20163976082,,2021-04-16,12352665.0,2.326641879917192,5536.0,67.0,0.0,859218.0
21521,Pennsylvania,US,2021-04-18 04:30:57,40.5908,-77.2098,1105061,25644,,,42.0,8631.947738745908,,,,84000042.0,USA,96985.60122181014,,2021-04-17,12416086.0,2.3205958766077166,4204.0,31.0,0.0,859218.0
21579,Pennsylvania,US,2021-04-19 04:30:30,40.5908,-77.2098,1107673,25665,,,42.0,8652.350818298626,,,,84000042.0,USA,97409.13697082539,,2021-04-18,12470307.0,2.31701955360472,2612.0,21.0,0.0,859218.0
21637,Pennsylvania,US,2021-04-20 04:30:55,40.5908,-77.2098,1110675,25673,,,42.0,8675.80029946909,,,,84000042.0,USA,97409.13697082539,,2021-04-19,12470307.0,2.3114772548225178,3002.0,8.0,0.0,859218.0
21695,Pennsylvania,US,2021-04-21 04:30:46,40.5908,-77.2098,1116044,25749,,,42.0,8717.73909507343,,,,84000042.0,USA,97934.7818530386,,2021-04-20,12537600.0,2.3071671009386727,5369.0,76.0,0.0,859218.0
21753,Pennsylvania,US,2021-04-22 04:30:30,40.5908,-77.2098,1120581,25819,,,42.0,8753.178900559906,,,,84000042.0,USA,98179.28292236463,,2021-04-21,12568901.0,2.3040726194715058,4537.0,70.0,0.0,859218.0
21811,Pennsylvania,US,2021-04-23 04:30:31,40.5908,-77.2098,1124659,25869,,,42.0,8785.033325680877,,,,84000042.0,USA,98556.12280248015,,2021-04-22,12617144.0,2.300163871893614,4078.0,50.0,0.0,859218.0
21869,Pennsylvania,US,2021-04-24 04:30:47,40.5908,-77.2098,1128688,25927,,,42.0,8816.50499777808,,,,84000042.0,USA,99005.43579595326,,2021-04-23,12674665.0,2.2970918446904727,4029.0,58.0,0.0,859218.0
21927,Pennsylvania,US,2021-04-25 04:30:46,40.5908,-77.2098,1132248,25963,,,42.0,8844.313176647784,,,,84000042.0,USA,99493.2818642478,,2021-04-24,12737119.0,2.2930488726851355,3560.0,36.0,0.0,859218.0
21985,Pennsylvania,US,2021-04-26 04:30:31,40.5908,-77.2098,1134742,25967,,,42.0,8863.794524428977,,,,84000042.0,USA,99899.64059491068,,2021-04-25,12789141.0,2.288361583514138,2494.0,4.0,0.0,859218.0
22043,Pennsylvania,US,2021-04-27 04:30:56,40.5908,-77.2098,1137602,25976,,,42.0,8886.134802959135,,,,84000042.0,USA,99899.64059491068,,2021-04-26,12789141.0,2.283399642405692,2860.0,9.0,0.0,859218.0
22101,Pennsylvania,US,2021-04-28 04:30:34,40.5908,-77.2098,1141240,26048,,,42.0,8914.552262152389,,,,84000042.0,USA,100367.68505268986,,2021-04-27,12849060.0,2.282429637937682,3638.0,72.0,0.0,859218.0
22159,Pennsylvania,US,2021-04-29 04:30:35,40.5908,-77.2098,1144777,26112,,,42.0,8942.180781439509,,,,84000042.0,USA,100669.52877400538,,2021-04-28,12887702.0,2.280968258446842,3537.0,64.0,0.0,859218.0
22217,Pennsylvania,US,2021-04-30 04:30:59,40.5908,-77.2098,1148121,26160,,,42.0,8968.301722490154,,,,84000042.0,USA,100996.31393215539,,2021-04-29,12929537.0,2.278505488533003,3344.0,48.0,0.0,859218.0
22275,Pennsylvania,US,2021-05-01 04:30:31,40.5908,-77.2098,1152536,26192,,,42.0,9002.788551060308,,,,84000042.0,USA,101414.60830813088,,2021-04-30,12983087.0,2.2725537423559867,4415.0,32.0,0.0,859218.0
22333,Pennsylvania,US,2021-05-02 04:30:59,40.5908,-77.2098,1155140,26219,,,42.0,9023.12914032343,,,,84000042.0,USA,101856.92238916935,,2021-05-01,13039712.0,2.269768166629153,2604.0,27.0,0.0,859218.0
22391,Pennsylvania,US,2021-05-03 04:30:41,40.5908,-77.2098,1157285,26237,,,42.0,9039.884349221049,,,,84000042.0,USA,102229.6457214578,,2021-05-02,13087428.0,2.267116570248469,2145.0,18.0,0.0,859218.0
22449,Pennsylvania,US,2021-05-04 04:30:32,40.5908,-77.2098,1159816,26249,,,42.0,9059.654714591616,,,,84000042.0,USA,102229.6457214578,,2021-05-03,13087428.0,2.2632038185367334,2531.0,12.0,0.0,859218.0
22507,Pennsylvania,US,2021-05-05 04:30:45,40.5908,-77.2098,1162457,26299,,,42.0,9080.284321444113,,,,84000042.0,USA,102672.54564896127,,2021-05-04,13144128.0,2.262363253006348,2641.0,50.0,0.0,859218.0
22565,Pennsylvania,US,2021-05-06 04:30:57,40.5908,-77.2098,1164827,26349,,,42.0,9098.797069736584,,,,84000042.0,USA,102952.21312875679,,2021-05-05,13179931.0,2.2620526481614864,2370.0,50.0,0.0,859218.0
22623,Pennsylvania,US,2021-05-07 04:30:42,40.5908,-77.2098,1168100,26410,,,42.0,9124.363409467076,,,,84000042.0,USA,103217.06259863212,,2021-05-06,13213837.0,2.260936563650372,3273.0,61.0,0.0,859218.0
22681,Pennsylvania,US,2021-05-08 04:30:57,40.5908,-77.2098,1170729,26453,,,42.0,9144.899280885182,,,,84000042.0,USA,103682.69336897573,,2021-05-07,13273447.0,2.2595323085017966,2629.0,43.0,0.0,859218.0
22739,Pennsylvania,US,2021-05-09 04:31:08,40.5908,-77.2098,1173009,26484,,,42.0,9162.709013419711,,,,84000042.0,USA,104132.18602203144,,2021-05-08,13330991.0,2.257783188364284,2280.0,31.0,0.0,859218.0
22797,Pennsylvania,US,2021-05-10 04:30:58,40.5908,-77.2098,1174067,26493,,,42.0,9170.97335421863,,,,84000042.0,USA,104449.24612886326,,2021-05-09,13371581.0,2.2565151733248614,1058.0,9.0,0.0,859218.0
22855,Pennsylvania,US,2021-05-11 04:31:00,40.5908,-77.2098,1175850,26526,,,42.0,9184.90087751208,,,,84000042.0,USA,104449.24612886326,,2021-05-10,13371581.0,2.255899987243271,1783.0,33.0,0.0,859218.0
22913,Pennsylvania,US,2021-05-12 04:31:06,40.5908,-77.2098,1178083,26574,,,42.0,9202.343479595242,,,,84000042.0,USA,104807.07333836953,,2021-05-11,13417390.0,2.2556984524859454,2233.0,48.0,0.0,859218.0
22971,Pennsylvania,US,2021-05-13 04:31:15,40.5908,-77.2098,1180020,26609,,,42.0,9217.473940963393,,,,84000042.0,USA,105060.36991595603,,2021-05-12,13449817.0,2.2549617803088085,1937.0,35.0,0.0,859218.0
