,Province_State,Country_Region,Last_Update,Lat,Long_,Confirmed,Deaths,Recovered,Active,FIPS,Incident_Rate,People_Tested,People_Hospitalized,Mortality_Rate,UID,ISO3,Testing_Rate,Hospitalization_Rate,date,Total_Test_Results,Case_Fatality_Ratio,New_Confirmerd,New_Deaths,New_Recovered,Interpolated_Recovered
47,Texas,US,2020-04-12 23:18:15,31.0545,-97.5635,13780,306,2014.0,13394.0,48.0,59.50516088,124533.0,1338.0,2.069167215,84000048.0,USA,541.8115230000001,9.782847116000001,2020-04-12,,,,,,2014.0
108,Texas,US,2020-04-13 23:07:54,31.0545,-97.5635,14328,337,2269.0,13970.0,48.0,62.106907327923295,133226.0,1176.0,2.136602451838879,84000048.0,USA,579.6325629190828,8.238178633975481,2020-04-13,,,548.0,31.0,255.0,2269.0
167,Texas,US,2020-04-14 23:33:31,31.0545,-97.5635,15088,363,2580.0,14664.0,48.0,65.28730307,146467.0,1409.0,2.279088365,84000048.0,USA,637.2407982999999,9.389577502,2020-04-14,,,760.0,26.0,311.0,2580.0
226,Texas,US,2020-04-15 22:56:51,31.0545,-97.5635,16044,406,3150.0,15532.0,48.0,69.20732573487047,151810.0,1538.0,2.3574526937826112,84000048.0,USA,660.4868372295648,9.668699314767084,2020-04-15,,,956.0,43.0,570.0,3150.0
285,Texas,US,2020-04-16 23:30:51,31.0545,-97.5635,16985,440,3677.0,16462.0,48.0,73.42319916399535,158547.0,1459.0,2.4531879592320456,84000048.0,USA,689.7978168910863,8.645413605119696,2020-04-16,,,941.0,34.0,527.0,3677.0
344,Texas,US,2020-04-17 23:30:52,31.0545,-97.5635,17925,479,4190.0,17398.0,48.0,77.65647557941176,169536.0,1522.0,2.526752199002745,84000048.0,USA,737.6081709805118,8.527088352288644,2020-04-17,,,940.0,39.0,513.0,4190.0
403,Texas,US,2020-04-18 22:32:47,31.0545,-97.5635,18724,501,4806.0,18228.0,48.0,81.37636389922785,176239.0,1321.0,2.5449101796407185,84000048.0,USA,766.7712252585551,7.062660393498716,2020-04-18,,,799.0,22.0,616.0,4806.0
462,Texas,US,2020-04-19 23:41:01,31.0545,-97.5635,19282,521,5334.0,18770.0,48.0,83.7953789937515,182710.0,1471.0,2.544132917964694,84000048.0,USA,794.9249063316893,7.637590861889928,2020-04-19,,,558.0,20.0,528.0,5334.0
521,Texas,US,2020-04-20 23:36:47,31.0545,-97.5635,19847,542,5706.0,19244.0,48.0,85.93159556103771,190394.0,1411.0,2.5669586350058227,84000048.0,USA,828.3560429977323,7.143942078882081,2020-04-20,,,565.0,21.0,372.0,5706.0
580,Texas,US,2020-04-21 23:40:34,31.0545,-97.5635,20785,574,6486.0,20041.0,48.0,89.51225999052146,205399.0,1419.0,2.5906483911733256,84000048.0,USA,893.6389953238611,6.8970545348498105,2020-04-21,,,938.0,32.0,780.0,6486.0
639,Texas,US,2020-04-22 23:40:26,31.0545,-97.5635,21577,596,7341.0,20765.0,48.0,92.76226768046602,216783.0,1678.0,2.607757609868205,84000048.0,USA,943.167894309576,7.870174944890016,2020-04-22,,,792.0,22.0,855.0,7341.0
698,Texas,US,2020-04-24 03:33:00,31.0545,-97.5635,22797,645,8025.0,22046.0,48.0,98.54440987582926,225078.0,1649.0,2.6666666666666665,84000048.0,USA,979.2573371316513,7.280353200883002,2020-04-23,,,1220.0,49.0,684.0,8025.0
757,Texas,US,2020-04-25 06:32:46,31.0545,-97.5635,23772,663,9156.0,23018.0,48.0,102.86035047613049,242547.0,1674.0,2.639370611623382,84000048.0,USA,1055.2605290133667,7.080619236951189,2020-04-24,,,975.0,18.0,1131.0,9156.0
816,Texas,US,2020-04-26 02:32:45,31.0545,-97.5635,24287,678,9986.0,23515.0,48.0,105.08358197487436,262816.0,1597.0,2.641493810292717,84000048.0,USA,1143.4458112991585,6.612015070591644,2020-04-25,,,515.0,15.0,830.0,9986.0
875,Texas,US,2020-04-27 02:32:46,31.0545,-97.5635,25051,699,10763.0,24316.0,48.0,108.62508968520216,276021.0,1542.0,2.6074418232066328,84000048.0,USA,1200.8974197940954,6.176152521328152,2020-04-26,,,764.0,21.0,777.0,10763.0
934,Texas,US,2020-04-28 02:32:46,31.0545,-97.5635,25565,717,11170.0,24655.0,48.0,110.16525397200321,290517.0,1563.0,2.6302278740966,84000048.0,USA,1263.9658421146264,6.17274199281229,2020-04-27,,,514.0,18.0,407.0,11170.0
993,Texas,US,2020-04-29 02:32:33,31.0545,-97.5635,26506,764,11786.0,25638.0,48.0,114.67262742151135,300384.0,,2.7279280646507567,84000048.0,USA,1306.8946585492758,,2020-04-28,,,941.0,47.0,616.0,11786.0
1052,Texas,US,2020-04-30 02:32:31,31.0545,-97.5635,27542,803,12507.0,26503.0,48.0,118.5882993371072,314790.0,,2.7662618776827967,84000048.0,USA,1369.5715136782471,,2020-04-29,,,1036.0,39.0,721.0,12507.0
1111,Texas,US,2020-05-01 02:32:32,31.0545,-97.5635,28890,847,12507.0,15408.0,48.0,124.98389679924709,314790.0,,2.8266091133776587,84000048.0,USA,1369.5715136782471,,2020-04-30,,,1348.0,44.0,0.0,12507.0
1169,Texas,US,2020-05-02 02:32:31,31.0545,-97.5635,29970,882,14122.0,14730.0,48.0,129.18236724208046,351775.0,,2.8290448605685032,84000048.0,USA,1530.4838756763725,,2020-05-01,,,1080.0,35.0,1615.0,14122.0
1227,Texas,US,2020-05-03 02:32:33,31.0545,-97.5635,31126,917,14891.0,15163.0,48.0,134.51203179386368,380648.0,,2.791344567713556,84000048.0,USA,1656.1029814752605,,2020-05-02,,,1156.0,35.0,769.0,14891.0
1285,Texas,US,2020-05-04 02:32:32,31.0545,-97.5635,32123,940,15544.0,15576.0,48.0,139.21518883915164,390560.0,,2.7439214950934434,84000048.0,USA,1699.2275815056896,,2020-05-03,,,997.0,23.0,653.0,15544.0
1343,Texas,US,2020-05-05 02:32:38,31.0545,-97.5635,32889,965,16090.0,15792.0,48.0,142.63052489886581,407398.0,,2.7483756825183785,84000048.0,USA,1772.4854522999156,,2020-05-04,,,766.0,25.0,546.0,16090.0
1401,Texas,US,2020-05-06 02:32:35,31.0545,-97.5635,34137,984,16791.0,16196.0,48.0,147.54251777965214,427210.0,,2.727648030195801,84000048.0,USA,1858.6824434018995,,2020-05-05,,,1248.0,19.0,701.0,16791.0
1459,Texas,US,2020-05-07 02:32:32,31.0545,-97.5635,35225,1013,17622.0,16352.0,48.0,151.96287629770262,438938.0,,2.7313330279431973,84000048.0,USA,1909.7079992086865,,2020-05-06,,,1088.0,29.0,831.0,17622.0
1517,Texas,US,2020-05-08 02:32:36,31.0545,-97.5635,36244,1046,18440.0,16611.0,48.0,156.7835035004584,455162.0,,2.7333777333777336,84000048.0,USA,1980.294511607161,,2020-05-07,,,1019.0,33.0,818.0,18440.0
1575,Texas,US,2020-05-09 02:32:39,31.0545,-97.5635,37530,1081,19197.0,17024.0,48.0,162.0479068536484,477118.0,,2.7519733662675185,84000048.0,USA,2075.8195033614084,,2020-05-08,,,1286.0,35.0,757.0,19197.0
1633,Texas,US,2020-05-10 02:32:34,31.0545,-97.5635,38983,1117,20141.0,17187.0,48.0,167.0425639193196,489294.0,,2.7764754909621296,84000048.0,USA,2128.7941936328475,,2020-05-09,,,1453.0,36.0,944.0,20141.0
1691,Texas,US,2020-05-11 02:32:34,31.0545,-97.5635,39807,1150,21022.0,17142.0,48.0,170.80160895829158,501776.0,,2.786693158082429,84000048.0,USA,2183.1002123555895,,2020-05-10,,,824.0,33.0,881.0,21022.0
1749,Texas,US,2020-05-12 03:32:31,31.0545,-97.5635,40701,1179,21713.0,17725.0,48.0,176.44452726332253,525697.0,,2.754284305264456,84000048.0,USA,2287.1744211255545,,2020-05-11,,,894.0,29.0,691.0,21713.0
1807,Texas,US,2020-05-13 03:32:30,31.0545,-97.5635,42030,1216,21713.0,18573.0,48.0,180.26013200774207,525697.0,,2.765977988028576,84000048.0,USA,2287.1744211255545,,2020-05-12,,,1329.0,37.0,0.0,21713.0
1865,Texas,US,2020-05-14 03:32:32,31.0545,-97.5635,43456,1238,23519.0,18329.0,48.0,187.16911756548237,587431.0,,2.7243142724314278,84000048.0,USA,2555.763410055993,,2020-05-13,,,1426.0,22.0,1806.0,23519.0
1923,Texas,US,2020-05-15 02:33:07,31.0545,-97.5635,44701,1309,24487.0,18758.0,48.0,153.4010985905205,623284.0,,2.776528776978417,84000048.0,USA,2149.560484125315,,2020-05-14,,,1245.0,71.0,968.0,24487.0
1981,Texas,US,2020-05-16 02:32:24,31.0545,-97.5635,45891,1356,25454.0,18987.0,48.0,157.68101683132167,645992.0,,2.7995888103934736,84000048.0,USA,2227.875055770852,,2020-05-15,,,1190.0,47.0,967.0,25454.0
2039,Texas,US,2020-05-17 02:32:37,31.0545,-97.5635,47650,1395,26601.0,19533.0,48.0,163.65083026792666,678471.0,,2.777543623029588,84000048.0,USA,2339.887517127001,,2020-05-16,,,1759.0,39.0,1147.0,26601.0
2097,Texas,US,2020-05-18 02:32:26,31.0545,-97.5635,48630,1418,27570.0,19483.0,48.0,166.90646509412838,693276.0,,2.775022729151169,84000048.0,USA,2390.9464934002176,,2020-05-17,,,980.0,23.0,969.0,27570.0
2155,Texas,US,2020-05-19 02:32:23,31.0545,-97.5635,49400,1430,28371.0,19456.0,48.0,169.59995111029738,723013.0,,2.745185757569596,84000048.0,USA,2493.502439191277,,2020-05-18,,,770.0,12.0,801.0,28371.0
2213,Texas,US,2020-05-20 02:32:25,31.0545,-97.5635,50740,1465,29359.0,19805.0,48.0,174.34200395566532,744937.0,,2.7456876087988604,84000048.0,USA,2569.113178523529,,2020-05-19,,,1340.0,35.0,988.0,29359.0
2271,Texas,US,2020-05-21 02:32:54,31.0545,-97.5635,51985,1507,30341.0,19906.0,48.0,178.20807031177984,770241.0,,2.759661718886072,84000048.0,USA,2656.3807459411223,,2020-05-20,,,1245.0,42.0,982.0,30341.0
2329,Texas,US,2020-05-22 02:36:57,31.0545,-97.5635,53279,1530,30341.0,21252.0,48.0,182.9673669856764,770241.0,,2.7519650161159595,84000048.0,USA,2656.3807459411223,,2020-05-21,,,1294.0,23.0,0.0,30341.0
2387,Texas,US,2020-05-23 02:32:47,31.0545,-97.5635,53817,1541,31223.0,20846.0,48.0,184.6434671186573,720928.0,,2.7456620407553367,84000048.0,USA,2486.311762694846,,2020-05-22,,,538.0,11.0,882.0,31223.0
2445,Texas,US,2020-05-24 02:32:48,31.0545,-97.5635,54932,1554,32277.0,21021.0,48.0,188.9095902966356,762706.0,,2.698262012560245,84000048.0,USA,2630.3942963485056,,2020-05-23,,,1115.0,13.0,1054.0,32277.0
2503,Texas,US,2020-05-25 02:32:50,31.0545,-97.5635,55961,1598,33385.0,20948.0,48.0,192.6515010873441,763766.0,,2.735360985302805,84000048.0,USA,2634.049987996571,,2020-05-24,,,1029.0,44.0,1108.0,33385.0
2561,Texas,US,2020-05-26 02:32:41,31.0545,-97.5635,56434,1609,35292.0,19584.0,48.0,194.54142469407986,805654.0,,2.7176514386002237,84000048.0,USA,2778.51188587786,,2020-05-25,,,473.0,11.0,1907.0,35292.0
2619,Texas,US,2020-05-27 02:32:37,31.0545,-97.5635,57468,1623,36375.0,19309.0,48.0,197.37286133847766,821233.0,,2.701380394897781,84000048.0,USA,2832.240206807305,,2020-05-26,,,1034.0,14.0,1083.0,36375.0
2677,Texas,US,2020-05-28 02:32:37,31.0545,-97.5635,58838,1657,37626.0,19335.0,48.0,201.89764194438516,855674.0,,2.700625192169724,84000048.0,USA,2951.019146478081,,2020-05-27,,,1370.0,34.0,1251.0,37626.0
2735,Texas,US,2020-05-29 02:32:58,31.0545,-97.5635,60625,1678,38905.0,19879.0,48.0,208.28820479708824,873218.0,,2.6674393575627118,84000048.0,USA,3011.52429201927,,2020-05-28,,,1787.0,21.0,1279.0,38905.0
2793,Texas,US,2020-05-30 02:32:55,31.0545,-97.5635,61254,1697,40068.0,19214.0,48.0,210.0332802441837,893275.0,,2.658412833943613,84000048.0,USA,3080.6961857789393,,2020-05-29,,,629.0,19.0,1163.0,40068.0
2851,Texas,US,2020-05-31 02:32:52,31.0545,-97.5635,63045,1736,40068.0,20955.0,48.0,216.15139060613475,893275.0,,2.6358197048264858,84000048.0,USA,3080.6961857789393,,2020-05-30,,,1791.0,39.0,0.0,40068.0
2909,Texas,US,2020-06-01 02:32:54,31.0545,-97.5635,64744,1753,42423.0,20554.0,48.0,222.96960040634738,951865.0,,2.5907937882818786,84000048.0,USA,3282.759368477199,,2020-05-31,,,1699.0,17.0,2355.0,42423.0
2967,Texas,US,2020-06-02 02:33:16,31.0545,-97.5635,65732,1765,43338.0,20572.0,48.0,226.2148889354319,970031.0,,2.5658225725306054,84000048.0,USA,3345.4096462873467,,2020-06-01,,,988.0,12.0,915.0,43338.0
3025,Texas,US,2020-06-03 02:33:21,31.0545,-97.5635,67569,1789,44517.0,21077.0,48.0,232.13641965215683,986224.0,,2.5493983063437824,84000048.0,USA,3401.255509360105,,2020-06-02,,,1837.0,24.0,1179.0,44517.0
3083,Texas,US,2020-06-04 02:33:23,31.0545,-97.5635,69122,1818,45858.0,21275.0,48.0,237.54063551302337,1006768.0,,2.5320498860287177,84000048.0,USA,3472.1069520184615,,2020-06-03,,,1553.0,29.0,1341.0,45858.0
3141,Texas,US,2020-06-05 02:33:15,31.0545,-97.5635,70802,1855,46799.0,21980.0,48.0,243.32766436722508,1038555.0,,2.5171851746864147,84000048.0,USA,3581.7328675062504,,2020-06-04,,,1680.0,37.0,941.0,46799.0
3199,Texas,US,2020-06-06 02:33:09,31.0545,-97.5635,72610,1880,47865.0,22871.0,48.0,250.2010544187293,1061576.0,,2.4976567238242273,84000048.0,USA,3661.1269028176803,,2020-06-05,,,1808.0,25.0,1066.0,47865.0
3257,Texas,US,2020-06-07 03:53:50,31.0545,-97.5635,74652,1907,48895.0,23742.0,48.0,256.8295821051273,1093277.0,,2.461393849872432,84000048.0,USA,3770.4562244547774,,2020-06-06,,,2042.0,27.0,1030.0,48895.0
3315,Texas,US,2020-06-08 03:33:42,31.0545,-97.5635,75697,1917,49758.0,23809.0,48.0,260.0645243370946,1100446.0,,2.4413855293868023,84000048.0,USA,3795.1804257990993,,2020-06-07,,,1045.0,10.0,863.0,49758.0
3373,Texas,US,2020-06-09 03:33:19,31.0545,-97.5635,76689,1928,49758.0,24857.0,48.0,263.7029721566314,1100446.0,,2.4168552110170936,84000048.0,USA,3795.1804257990993,,2020-06-08,,,992.0,11.0,0.0,49758.0
3431,Texas,US,2020-06-10 04:07:14,31.0545,-97.5635,78427,1947,51140.0,25201.0,48.0,269.4520645880703,1147355.0,,2.3896070651478305,84000048.0,USA,3956.9585762888178,,2020-06-09,,,1738.0,19.0,1382.0,51140.0
3489,Texas,US,2020-06-11 03:33:54,31.0545,-97.5635,80986,1978,52449.0,26423.0,48.0,278.5809474111168,1161087.0,,2.3583445782834223,84000048.0,USA,4004.317026959795,,2020-06-10,,,2559.0,31.0,1309.0,52449.0
3547,Texas,US,2020-06-12 05:10:05,31.0545,-97.5635,82940,2008,54096.0,26632.0,48.0,285.0680757035801,1206320.0,,2.3349222095864888,84000048.0,USA,4160.315046126724,,2020-06-11,,,1954.0,30.0,1647.0,54096.0
3605,Texas,US,2020-06-13 03:33:25,31.0545,-97.5635,85051,2038,55258.0,27713.0,48.0,292.89332508986365,1226957.0,,2.3031544738422407,84000048.0,USA,4231.487223995711,,2020-06-12,,,2111.0,30.0,1162.0,55258.0
3663,Texas,US,2020-06-14 03:33:28,31.0545,-97.5635,87192,2057,56535.0,28409.0,48.0,299.7494713128392,1260319.0,,2.2677328424322614,84000048.0,USA,4346.544945470014,,2020-06-13,,,2141.0,19.0,1277.0,56535.0
3721,Texas,US,2020-06-15 03:33:25,31.0545,-97.5635,88779,2074,58341.0,28198.0,48.0,305.2950865676404,1295983.0,,2.241225444234832,84000048.0,USA,4469.541725598888,,2020-06-14,,,1587.0,17.0,1806.0,58341.0
3779,Texas,US,2020-06-16 04:33:22,31.0545,-97.5635,90488,2097,59089.0,29121.0,48.0,311.1166030788994,1314761.0,,2.2181330436421276,84000048.0,USA,4534.302648020938,,2020-06-15,,,1709.0,23.0,748.0,59089.0
3837,Texas,US,2020-06-17 04:33:33,31.0545,-97.5635,93764,2148,60681.0,30839.0,48.0,322.6975583187143,1348442.0,,2.1898278275924716,84000048.0,USA,4650.460525755365,,2020-06-16,,,3276.0,51.0,1592.0,60681.0
3895,Texas,US,2020-06-18 04:33:30,31.0545,-97.5635,98119,2186,62368.0,33242.0,48.0,336.94096068334665,1369638.0,,2.1381999815760646,84000048.0,USA,4723.56056365385,,2020-06-17,,,4355.0,38.0,1687.0,62368.0
3953,Texas,US,2020-06-19 04:33:29,31.0545,-97.5635,101566,2218,63812.0,35318.0,48.0,349.21856659571745,1407741.0,,2.1025291579020142,84000048.0,USA,4854.968883338982,,2020-06-18,,,3447.0,32.0,1444.0,63812.0
4011,Texas,US,2020-06-20 04:33:32,31.0545,-97.5635,105635,2250,65329.0,37907.0,48.0,363.47921278887856,1423914.0,,2.047554889272634,84000048.0,USA,4910.745771097626,,2020-06-19,,,4069.0,32.0,1517.0,65329.0
4069,Texas,US,2020-06-21 04:33:37,31.0545,-97.5635,110250,2280,67096.0,40302.0,48.0,377.9191947987371,1463398.0,,1.9921336728082424,84000048.0,USA,5046.916836222359,,2020-06-20,,,4615.0,30.0,1767.0,67096.0
4127,Texas,US,2020-06-22 04:33:33,31.0545,-97.5635,113112,2294,68499.0,42254.0,48.0,389.5173938670806,1526180.0,,1.9398994191811871,84000048.0,USA,5263.437244759006,,2020-06-21,,,2862.0,14.0,1403.0,68499.0
4185,Texas,US,2020-06-23 04:33:35,31.0545,-97.5635,118222,2317,69190.0,46393.0,48.0,406.2301124770101,1549009.0,,1.8736734867136429,84000048.0,USA,5342.1691170549375,,2020-06-22,,,5110.0,23.0,691.0,69190.0
4243,Texas,US,2020-06-24 04:33:41,31.0545,-97.5635,123440,2343,70714.0,49982.0,48.0,423.9636657358333,1597290.0,,1.8188917450297728,84000048.0,USA,5508.678974092906,,2020-06-23,,,5218.0,26.0,1524.0,70714.0
4301,Texas,US,2020-06-25 05:27:08,31.0545,-97.5635,129210,2383,72898.0,52964.0,48.0,441.89724740558836,1630258.0,,1.7716105266443982,84000048.0,USA,5622.3778818791525,,2020-06-24,,,5770.0,40.0,2184.0,72898.0
4359,Texas,US,2020-06-26 04:33:54,31.0545,-97.5635,134997,2430,74496.0,57745.0,48.0,464.05901583055885,1659340.0,,1.7219340358804385,84000048.0,USA,5722.674886132965,,2020-06-25,,,5787.0,47.0,1598.0,74496.0
4417,Texas,US,2020-06-27 04:33:48,31.0545,-97.5635,140671,2469,76282.0,61537.0,48.0,483.4238352681886,1697334.0,,1.6793533704779091,84000048.0,USA,5853.707290356172,,2020-06-26,,,5674.0,39.0,1786.0,76282.0
4475,Texas,US,2020-06-28 04:34:18,31.0545,-97.5635,146254,2510,78248.0,65258.0,48.0,503.15422387062495,1722826.0,,1.6368048034874636,84000048.0,USA,5941.62322572644,,2020-06-27,,,5583.0,41.0,1966.0,78248.0
4533,Texas,US,2020-06-29 04:33:57,31.0545,-97.5635,151045,2534,79974.0,67776.0,48.0,517.8390682455898,1775219.0,,1.5997122915445683,84000048.0,USA,6122.31440734634,,2020-06-28,,,4791.0,24.0,1726.0,79974.0
4591,Texas,US,2020-06-30 04:34:02,31.0545,-97.5635,157434,2564,81335.0,72955.0,48.0,540.4422786808926,1819189.0,,1.5417405842788403,84000048.0,USA,6273.956635426942,,2020-06-29,,,6389.0,30.0,1361.0,81335.0
4649,Texas,US,2020-07-01 04:34:05,31.0545,-97.5635,163737,2593,84818.0,75787.0,48.0,562.3557359750511,1869282.0,,1.5055807678155282,84000048.0,USA,6446.71565592368,,2020-06-30,,,6303.0,29.0,3483.0,84818.0
4707,Texas,US,2020-07-02 04:33:59,31.0545,-97.5635,172859,2649,87556.0,82309.0,48.0,594.4568471639127,1921948.0,,1.452125684581825,84000048.0,USA,6628.348350581243,,2020-07-01,,,9122.0,56.0,2738.0,87556.0
4765,Texas,US,2020-07-03 04:34:05,31.0545,-97.5635,180169,2694,90720.0,85875.0,48.0,617.8015422259457,1975803.0,,1.4190256619235555,84000048.0,USA,6814.0816276629075,,2020-07-02,,,7310.0,45.0,3164.0,90720.0
4823,Texas,US,2020-07-04 04:34:04,31.0545,-97.5635,186319,2748,93572.0,89427.0,48.0,640.0598760906763,2013906.0,,1.396619448141343,84000048.0,USA,6945.48994734804,,2020-07-03,,,6150.0,54.0,2852.0,93572.0
4881,Texas,US,2020-07-05 04:34:00,31.0545,-97.5635,192796,2784,97430.0,92116.0,48.0,662.6906766516253,2071809.0,,1.356731354701722,84000048.0,USA,7145.1838280064685,,2020-07-04,,,6477.0,36.0,3858.0,97430.0
4939,Texas,US,2020-07-06 04:34:10,31.0545,-97.5635,196377,2817,100843.0,91461.0,48.0,672.2747965478269,2133457.0,,1.3481624361315738,84000048.0,USA,7357.793336232826,,2020-07-05,,,3581.0,33.0,3413.0,100843.0
4997,Texas,US,2020-07-07 04:34:13,31.0545,-97.5635,206410,2872,103782.0,99183.0,48.0,709.2110772561108,2163729.0,,1.301776874373912,84000048.0,USA,7462.194371676446,,2020-07-06,,,10033.0,55.0,2939.0,103782.0
5055,Texas,US,2020-07-08 05:34:00,31.0545,-97.5635,216769,2973,108485.0,104763.0,48.0,745.0230603443297,2221287.0,,1.285956320072584,84000048.0,USA,7660.698428166402,,2020-07-07,,,10359.0,101.0,4703.0,108485.0
5113,Texas,US,2020-07-09 04:34:36,31.0545,-97.5635,226133,3066,113284.0,108770.0,48.0,775.7274214223738,2258708.0,,1.2781811149296,84000048.0,USA,7789.754689640228,,2020-07-08,,,9364.0,93.0,4799.0,113284.0
5171,Texas,US,2020-07-10 04:34:42,31.0545,-97.5635,237792,3200,118326.0,115209.0,48.0,815.7744887972192,2313212.0,,1.270815630271285,84000048.0,USA,7977.7262156649085,,2020-07-09,,,11659.0,134.0,5042.0,118326.0
5229,Texas,US,2020-07-11 04:34:39,31.0545,-97.5635,247074,3263,122996.0,118698.0,48.0,844.1060990697266,2389789.0,,1.2510418539279935,84000048.0,USA,8241.82234711199,,2020-07-10,,,9282.0,63.0,4670.0,122996.0
5287,Texas,US,2020-07-12 04:34:43,31.0545,-97.5635,255320,3342,127880.0,123397.0,48.0,877.4177270212967,2429624.0,,1.2334178409291905,84000048.0,USA,8379.203928999432,,2020-07-11,,,8246.0,79.0,4884.0,127880.0
5345,Texas,US,2020-07-13 04:43:16,31.0545,-97.5635,263551,3432,132638.0,126908.0,48.0,906.2045743669593,2492754.0,,1.2239212671543072,84000048.0,USA,8596.924508001672,,2020-07-12,,,8231.0,90.0,4758.0,132638.0
5403,Texas,US,2020-07-14 04:34:58,31.0545,-97.5635,270707,3505,136419.0,130083.0,48.0,930.4011145583056,2540125.0,,1.2143317839112158,84000048.0,USA,8760.295988247433,,2020-07-13,,,7156.0,73.0,3781.0,136419.0
5461,Texas,US,2020-07-15 04:34:53,31.0545,-97.5635,281105,3591,142398.0,133817.0,48.0,964.1955697086768,2598680.0,,1.2025309664242767,84000048.0,USA,8962.238464145994,,2020-07-14,,,10398.0,86.0,5979.0,142398.0
5519,Texas,US,2020-07-16 04:45:12,31.0545,-97.5635,292477,3745,149276.0,137063.0,48.0,999.579905849386,2642199.0,,1.2068852492952935,84000048.0,USA,9112.325298893315,,2020-07-15,,,11372.0,154.0,6878.0,149276.0
5577,Texas,US,2020-07-17 04:35:02,31.0545,-97.5635,306424,3915,155937.0,146260.0,48.0,1054.8187861579372,2699855.0,,1.1956685215821927,84000048.0,USA,9311.167334422431,,2020-07-16,,,13947.0,170.0,6661.0,155937.0
5635,Texas,US,2020-07-18 04:34:58,31.0545,-97.5635,318175,4064,162191.0,151757.0,48.0,1095.907380775911,2767321.0,,1.2021348908637748,84000048.0,USA,9543.84176152468,,2020-07-17,,,11751.0,149.0,6254.0,162191.0
5693,Texas,US,2020-07-19 04:35:12,31.0545,-97.5635,327611,4193,169581.0,153586.0,48.0,1128.1119549359441,2842685.0,,1.2041968047055085,84000048.0,USA,9803.754540170723,,2020-07-18,,,9436.0,129.0,7390.0,169581.0
5751,Texas,US,2020-07-20 05:34:58,31.0545,-97.5635,335654,4277,172936.0,158309.0,48.0,1156.2228442032856,2932364.0,,1.196693879620709,84000048.0,USA,10113.03639989418,,2020-07-19,,,8043.0,84.0,3355.0,172936.0
5809,Texas,US,2020-07-21 04:38:59,31.0545,-97.5635,344484,4389,177871.0,161806.0,48.0,1185.6270206102722,2984554.0,,1.194358068898113,84000048.0,USA,10293.027482075815,,2020-07-20,,,8830.0,112.0,4935.0,177871.0
5867,Texas,US,2020-07-22 04:34:54,31.0545,-97.5635,352767,4505,186529.0,160343.0,48.0,1210.761625073575,3043574.0,,1.1960543593745994,84000048.0,USA,10496.573634027536,,2020-07-21,,,8283.0,116.0,8658.0,186529.0
5925,Texas,US,2020-07-23 05:15:18,31.0545,-97.5635,364292,4738,195315.0,163861.0,48.0,1254.0229420861535,3104148.0,,1.2207967218074065,84000048.0,USA,10705.47916788595,,2020-07-22,,,11525.0,233.0,8786.0,195315.0
5983,Texas,US,2020-07-24 05:30:54,31.0545,-97.5635,373803,4934,203826.0,164589.0,48.0,1286.5172125654676,3164656.0,,1.2390191857644148,84000048.0,USA,10914.157083207785,,2020-07-23,,,9511.0,196.0,8511.0,203826.0
6041,Texas,US,2020-07-25 04:47:52,31.0545,-97.5635,381162,5116,212216.0,163358.0,48.0,1311.7863188912934,3231931.0,,1.2593200197705356,84000048.0,USA,11146.172796060242,,2020-07-24,,,7359.0,182.0,8390.0,212216.0
6099,Texas,US,2020-07-26 04:35:13,31.0545,-97.5635,390803,5291,221510.0,163786.0,48.0,1346.0049722234685,3306042.0,,1.278549576464439,84000048.0,USA,11401.764271277014,,2020-07-25,,,9641.0,175.0,9294.0,221510.0
6157,Texas,US,2020-07-27 04:35:15,31.0545,-97.5635,394669,5416,229107.0,159901.0,48.0,1359.1033843738012,3369975.0,,1.2880502633956212,84000048.0,USA,11622.254209140947,,2020-07-26,,,3866.0,125.0,7597.0,229107.0
6215,Texas,US,2020-07-28 04:59:02,31.0545,-97.5635,401119,6112,229107.0,165516.0,48.0,1380.665067565976,3428882.0,,1.4270512769273809,84000048.0,USA,11825.41065056792,,2020-07-27,,,6450.0,696.0,0.0,229107.0
6273,Texas,US,2020-07-29 04:35:24,31.0545,-97.5635,409885,6325,244449.0,158131.0,48.0,1408.7966494275515,3476926.0,,1.4475156245027454,84000048.0,USA,11991.103150133635,,2020-07-28,,,8766.0,213.0,15342.0,244449.0
6331,Texas,US,2020-07-30 04:35:17,31.0545,-97.5635,420556,6583,251346.0,161456.0,48.0,1445.0155868690454,3539368.0,,1.4780605973818304,84000048.0,USA,12206.450978330337,,2020-07-29,,,10671.0,258.0,6897.0,251346.0
6389,Texas,US,2020-07-31 04:35:31,31.0545,-97.5635,429579,6839,260542.0,161245.0,48.0,1476.8614893956835,3609474.0,,1.5043352972358248,84000048.0,USA,12448.23014689569,,2020-07-30,,,9023.0,256.0,9196.0,260542.0
6447,Texas,US,2020-08-01 04:36:46,31.0545,-97.5635,440681,6979,273191.0,158526.0,48.0,1511.569867458071,3669752.0,,1.500366193391179,84000048.0,USA,12656.11484610521,,2020-07-31,,,11102.0,140.0,12649.0,273191.0
6505,Texas,US,2020-08-02 04:35:05,31.0545,-97.5635,446789,7267,282604.0,155269.0,48.0,1533.7971624314505,3747779.0,,1.5436054486011992,84000048.0,USA,12925.211687825591,,2020-08-01,,,6108.0,288.0,9413.0,282604.0
6563,Texas,US,2020-08-03 04:34:47,31.0545,-97.5635,449977,7284,282604.0,158663.0,48.0,1545.5471071908457,3747779.0,,1.5347711120284728,84000048.0,USA,12925.211687825591,,2020-08-02,,,3188.0,17.0,0.0,282604.0
6621,Texas,US,2020-08-04 04:42:12,31.0545,-97.5635,459256,7448,297422.0,152186.0,48.0,1574.7891916096635,3834586.0,,1.5364939205998809,84000048.0,USA,13224.588692442212,,2020-08-03,,,9279.0,164.0,14818.0,297422.0
6679,Texas,US,2020-08-05 04:34:56,31.0545,-97.5635,470160,7688,306262.0,152499.0,48.0,1607.2351793690973,3884848.0,,1.5601932914477976,84000048.0,USA,13397.930554343218,,2020-08-04,,,10904.0,240.0,8840.0,306262.0
6737,Texas,US,2020-08-06 04:35:14,31.0545,-97.5635,480704,8069,315652.0,153641.0,48.0,1645.0577928637522,3908235.0,,1.6155170136625023,84000048.0,USA,13478.586837902942,,2020-08-05,,,10544.0,381.0,9390.0,315652.0
6795,Texas,US,2020-08-07 04:35:29,31.0545,-97.5635,488041,8929,323804.0,151547.0,48.0,1668.9267003130549,3944480.0,,1.770747230947264,84000048.0,USA,13603.58735090684,,2020-08-06,,,7337.0,860.0,8152.0,323804.0
6853,Texas,US,2020-08-08 04:35:11,31.0545,-97.5635,495960,9205,331668.0,150789.0,48.0,1694.392386284107,4000532.0,,1.800718089003957,84000048.0,USA,13796.897566243977,,2020-08-07,,,7919.0,276.0,7864.0,331668.0
6911,Texas,US,2020-08-09 04:35:07,31.0545,-97.5635,502563,9414,338343.0,150231.0,48.0,1716.2161756699168,4012657.0,,1.820220564593917,84000048.0,USA,13838.713850425856,,2020-08-08,,,6603.0,209.0,6675.0,338343.0
6969,Texas,US,2020-08-10 04:35:08,31.0545,-97.5635,507929,9523,344845.0,149326.0,48.0,1735.8603451297101,4025864.0,,1.8192908004323225,84000048.0,USA,13884.261699101333,,2020-08-09,,,5366.0,109.0,6502.0,344845.0
7027,Texas,US,2020-08-11 04:35:27,31.0545,-97.5635,513939,9615,349833.0,150518.0,48.0,1757.4254770875907,4073661.0,,1.8112920222692759,84000048.0,USA,14049.102353537732,,2020-08-10,,,6010.0,92.0,4988.0,349833.0
7085,Texas,US,2020-08-12 04:30:24,31.0545,-97.5635,522215,9593,358312.0,150166.0,48.0,1785.4260058523487,4088863.0,,1.7813405447170176,84000048.0,USA,14101.530489796118,,2020-08-11,,,8276.0,-22.0,8479.0,358312.0
7143,Texas,US,2020-08-13 04:30:24,31.0545,-97.5635,528743,9897,367354.0,147096.0,48.0,1807.0739081871664,4106360.0,,1.81820957790132,84000048.0,USA,14161.87354334914,,2020-08-12,,,6528.0,304.0,9042.0,367354.0
7201,Texas,US,2020-08-14 04:30:24,31.0545,-97.5635,535743,10135,375760.0,145326.0,48.0,1830.8014162425345,4230763.0,,1.840608676159493,84000048.0,USA,14590.91034343809,,2020-08-13,,,7000.0,238.0,8406.0,375760.0
7259,Texas,US,2020-08-15 04:30:23,31.0545,-97.5635,545700,10439,383717.0,145878.0,48.0,1861.205734704181,4282041.0,,1.8674271271677478,84000048.0,USA,14767.75615129611,,2020-08-14,,,9957.0,304.0,7957.0,383717.0
7317,Texas,US,2020-08-16 04:30:18,31.0545,-97.5635,552814,10629,393266.0,143018.0,48.0,1884.9297939938433,4321676.0,,1.8786867489278238,84000048.0,USA,14904.447980042407,,2020-08-15,,,7114.0,190.0,9549.0,393266.0
7375,Texas,US,2020-08-17 04:30:23,31.0545,-97.5635,560484,10763,399572.0,145426.0,48.0,1915.4237803638391,4439041.0,,1.8718243265141503,84000048.0,USA,15309.212367094486,,2020-08-16,,,7670.0,134.0,6306.0,399572.0
7433,Texas,US,2020-08-18 04:30:23,31.0545,-97.5635,565979,10820,405817.0,144846.0,48.0,1935.1369251377466,4476167.0,,1.8618452709807347,84000048.0,USA,15437.251242685124,,2020-08-17,,,5495.0,57.0,6245.0,405817.0
7491,Texas,US,2020-08-19 04:30:00,31.0545,-97.5635,573798,11042,415903.0,142231.0,48.0,1961.699319,4500645.0,,1.877245909,84000048.0,USA,15521.67013,,2020-08-18,,,7819.0,222.0,10086.0,415903.0
7549,Texas,US,2020-08-20 04:30:22,31.0545,-97.5635,579406,11285,424685.0,139014.0,48.0,1981.7745837762268,4517189.0,,1.9027796872090528,84000048.0,USA,15578.72650946526,,2020-08-19,,,5608.0,243.0,8782.0,424685.0
7607,Texas,US,2020-08-21 04:30:30,31.0545,-97.5635,584628,11536,431960.0,136758.0,48.0,1999.9116426226199,4547069.0,,1.926910528167314,84000048.0,USA,15681.775628752237,,2020-08-20,,,5222.0,251.0,7275.0,431960.0
7665,Texas,US,2020-08-22 04:30:29,31.0545,-97.5635,590409,11769,438825.0,135389.0,48.0,2019.7075577734643,4580026.0,,1.949688541609748,84000048.0,USA,15795.436600115718,,2020-08-21,,,5781.0,233.0,6865.0,438825.0
7723,Texas,US,2020-08-23 04:30:28,31.0545,-97.5635,594188,11922,446030.0,131738.0,48.0,2032.5266199016337,4640860.0,,1.9650495716460024,84000048.0,USA,16005.23881305762,,2020-08-22,,,3779.0,153.0,7205.0,446030.0
7781,Texas,US,2020-08-24 04:30:23,31.0545,-97.5635,598910,12046,451776.0,130698.0,48.0,2049.163465666037,4668028.0,,1.9689551696223155,84000048.0,USA,16098.934879750681,,2020-08-23,,,4722.0,124.0,5746.0,451776.0
7839,Texas,US,2020-08-25 04:30:29,31.0545,-97.5635,603381,12103,457182.0,129519.0,48.0,2063.913836589411,4670875.0,,1.9632383657782608,84000048.0,USA,16108.753515714869,,2020-08-24,,,4471.0,57.0,5406.0,457182.0
7897,Texas,US,2020-08-26 04:30:22,31.0545,-97.5635,609534,12277,466550.0,125843.0,48.0,2084.1856814076455,4724559.0,,1.974920903880012,84000048.0,USA,16293.897053860857,,2020-08-25,,,6153.0,174.0,9368.0,466550.0
7955,Texas,US,2020-08-27 04:30:22,31.0545,-97.5635,615772,12469,472421.0,126087.0,48.0,2105.981880667809,4764640.0,,1.9880520365251344,84000048.0,USA,16432.127032111905,,2020-08-26,,,6238.0,192.0,5871.0,472421.0
8013,Texas,US,2020-08-28 04:30:22,31.0545,-97.5635,619814,12691,478752.0,123432.0,48.0,2119.4355156858314,4793914.0,,2.0120446050681067,84000048.0,USA,16533.086199381214,,2020-08-27,,,4042.0,222.0,6331.0,478752.0
8071,Texas,US,2020-08-29 04:30:22,31.0545,-97.5635,625053,12859,484880.0,121937.0,48.0,2136.0068349018256,4842362.0,,2.0242058661121103,84000048.0,USA,16700.17200029204,,2020-08-28,,,5239.0,168.0,6128.0,484880.0
8129,Texas,US,2020-08-30 04:30:24,31.0545,-97.5635,630092,12987,492921.0,121223.0,48.0,2161.5173548270527,4900972.0,,2.011484624675509,84000048.0,USA,16902.304158304414,,2020-08-29,,,5039.0,128.0,8041.0,492921.0
8187,Texas,US,2020-08-31 04:30:24,31.0545,-97.5635,632865,13064,499518.0,117369.0,48.0,2171.2394253514835,4924712.0,,2.0145496132280765,84000048.0,USA,16984.177856158258,,2020-08-30,,,2773.0,77.0,6597.0,499518.0
8245,Texas,US,2020-09-01 04:30:22,31.0545,-97.5635,636201,13105,507499.0,112461.0,48.0,2182.168563872917,4961553.0,,2.019632107393412,84000048.0,USA,17111.23383352277,,2020-08-31,,,3336.0,41.0,7981.0,507499.0
8303,Texas,US,2020-09-02 04:30:23,31.0545,-97.5635,641231,13240,514861.0,109941.0,48.0,2199.3503146188245,5033554.0,,2.0258075239799225,84000048.0,USA,17359.54841310047,,2020-09-01,,,5030.0,135.0,7362.0,514861.0
8361,Texas,US,2020-09-03 04:30:31,31.0545,-97.5635,645406,13417,522087.0,106664.0,48.0,2213.60751204628,5068862.0,,2.041582600431562,84000048.0,USA,17481.3174326381,,2020-09-02,,,4175.0,177.0,7226.0,522087.0
8419,Texas,US,2020-09-04 04:30:31,31.0545,-97.5635,648964,13603,527359.0,104767.0,48.0,2225.909259318591,5107503.0,,2.060047534791191,84000048.0,USA,17614.581188272914,,2020-09-03,,,3558.0,186.0,5272.0,527359.0
8477,Texas,US,2020-09-05 04:30:29,31.0545,-97.5635,654952,13729,532223.0,105701.0,48.0,2246.3535424221122,5119753.0,,2.0612573885008056,84000048.0,USA,17656.82856816801,,2020-09-04,,,5988.0,126.0,4864.0,532223.0
8535,Texas,US,2020-09-06 04:30:30,31.0545,-97.5635,659411,13873,538282.0,103957.0,48.0,2261.752281298161,5183948.0,,2.0700959874354807,84000048.0,USA,17878.222082646844,,2020-09-05,,,4459.0,144.0,6059.0,538282.0
8593,Texas,US,2020-09-07 04:30:33,31.0545,-97.5635,661911,13950,543412.0,101136.0,48.0,2269.98448503772,5282579.0,,2.074439153937545,84000048.0,USA,18218.37729296792,,2020-09-06,,,2500.0,77.0,5130.0,543412.0
8651,Texas,US,2020-09-08 04:30:25,31.0545,-97.5635,662778,13997,543412.0,101932.0,48.0,2272.8779994648207,5320999.0,,2.078322896451056,84000048.0,USA,18350.878871381767,,2020-09-07,,,867.0,47.0,0.0,543412.0
8709,Texas,US,2020-09-09 04:30:32,31.0545,-97.5635,666409,14099,553409.0,95226.0,48.0,2284.5555201443963,5339126.0,,2.08204073807378,84000048.0,USA,18413.39464732939,,2020-09-08,,,3631.0,102.0,9997.0,553409.0
8767,Texas,US,2020-09-10 04:30:24,31.0545,-97.5635,671279,14229,558894.0,94683.0,48.0,2302.051108569524,5372132.0,,2.0858426966292134,84000048.0,USA,18527.22460821245,,2020-09-09,,,4870.0,130.0,5485.0,558894.0
8825,Texas,US,2020-09-11 04:30:23,31.0545,-97.5635,673462,14245,564114.0,91548.0,48.0,2309.2659264258946,5405257.0,,2.0803713306013214,84000048.0,USA,18641.4649722145,,2020-09-10,,,2183.0,16.0,5220.0,564114.0
8883,Texas,US,2020-09-12 04:30:24,31.0545,-97.5635,679032,14522,568067.0,92740.0,48.0,2328.034109396435,5454041.0,,2.1075975432348595,84000048.0,USA,18809.70955840245,,2020-09-11,,,5570.0,277.0,3953.0,568067.0
8941,Texas,US,2020-09-13 04:32:00,31.0545,-97.5635,681899,14629,568067.0,95317.0,48.0,2337.283699019181,5454041.0,,2.1147501313234454,84000048.0,USA,18809.70955840245,,2020-09-12,,,2867.0,107.0,0.0,568067.0
8999,Texas,US,2020-09-14 04:30:37,31.0545,-97.5635,686166,14709,577832.0,89648.0,48.0,2351.661603246337,5550139.0,,2.1125263057553694,84000048.0,USA,19141.129045190934,,2020-09-13,,,4267.0,80.0,9765.0,577832.0
9057,Texas,US,2020-09-15 03:30:30,31.0545,-97.5635,690216,14753,577832.0,93465.0,48.0,2364.984185167541,5550139.0,,2.107333889417104,84000048.0,USA,19141.129045190934,,2020-09-14,,,4050.0,44.0,0.0,577832.0
9115,Texas,US,2020-09-16 04:30:32,31.0545,-97.5635,697241,14895,585912.0,92248.0,48.0,2389.142788936125,5247542.0,,2.106522815491236,84000048.0,USA,18097.542888936536,,2020-09-15,,,7025.0,142.0,8080.0,585912.0
9173,Texas,US,2020-09-17 04:30:32,31.0545,-97.5635,701187,15033,590837.0,91232.0,48.0,2403.1240851071225,5299620.0,,2.1150763410815334,84000048.0,USA,18277.14770935913,,2020-09-16,,,3946.0,138.0,4925.0,590837.0
9231,Texas,US,2020-09-18 05:10:31,31.0545,-97.5635,705749,15121,594817.0,91707.0,48.0,2418.791827708218,5345176.0,,2.1139231482141585,84000048.0,USA,18434.25967984901,,2020-09-17,,,4562.0,88.0,3980.0,594817.0
9289,Texas,US,2020-09-19 04:30:26,31.0545,-97.5635,709198,15232,600662.0,88950.0,48.0,2429.8727119207033,5444801.0,,2.122024574097704,84000048.0,USA,18777.842963281586,,2020-09-18,,,3449.0,111.0,5845.0,600662.0
9347,Texas,US,2020-09-20 04:30:31,31.0545,-97.5635,712051,15323,605522.0,87367.0,48.0,2441.519193708927,5563176.0,,2.126027629460124,84000048.0,USA,19186.09060369644,,2020-09-19,,,2853.0,91.0,4860.0,605522.0
9405,Texas,US,2020-09-21 04:30:33,31.0545,-97.5635,717727,15366,609210.0,88709.0,48.0,2458.994089539821,5593488.0,,2.1161082570016845,84000048.0,USA,19290.629589768283,,2020-09-20,,,5676.0,43.0,3688.0,609210.0
9463,Texas,US,2020-09-22 04:30:33,31.0545,-97.5635,739487,15417,611856.0,107795.0,48.0,2534.077167719098,5622498.0,,2.0587170546750166,84000048.0,USA,19390.678282891284,,2020-09-21,,,21760.0,51.0,2646.0,611856.0
9521,Texas,US,2020-09-23 04:30:25,31.0545,-97.5635,746471,15521,613896.0,112538.0,48.0,2557.8219196029945,5667732.0,,2.0533584660418547,84000048.0,USA,19546.679750823918,,2020-09-22,,,6984.0,104.0,2040.0,613896.0
9579,Texas,US,2020-09-24 04:30:25,31.0545,-97.5635,747945,15644,618054.0,109487.0,48.0,2562.1328767351474,5740674.0,,2.0691521079857265,84000048.0,USA,19798.239618930704,,2020-09-23,,,1474.0,123.0,4158.0,618054.0
9637,Texas,US,2020-09-25 04:30:27,31.0545,-97.5635,752811,15782,642169.0,89687.0,48.0,2577.490230422728,5860833.0,,2.075288412906126,84000048.0,USA,20212.639857364567,,2020-09-24,,,4866.0,138.0,24115.0,642169.0
9695,Texas,US,2020-09-26 04:30:24,31.0545,-97.5635,756802,15884,646143.0,89315.0,48.0,2590.257561065311,5913449.0,,2.0783737291430335,84000048.0,USA,20394.100113736844,,2020-09-25,,,3991.0,102.0,3974.0,646143.0
9753,Texas,US,2020-09-27 04:30:34,31.0545,-97.5635,760281,15987,649580.0,89024.0,48.0,2601.441908248968,5994813.0,,2.08229761994721,84000048.0,USA,20674.70548661722,,2020-09-26,,,3479.0,103.0,3437.0,649580.0
9811,Texas,US,2020-09-28 04:30:36,31.0545,-97.5635,765003,16029,652376.0,90635.0,48.0,2616.771671810903,6016907.0,,2.075107149070321,84000048.0,USA,20750.902516119444,,2020-09-27,,,4722.0,42.0,2796.0,652376.0
9869,Texas,US,2020-09-29 04:30:25,31.0545,-97.5635,767990,16092,657407.0,87984.0,48.0,2625.1935576642763,6171755.0,,2.0765950514846336,84000048.0,USA,21284.936988119105,,2020-09-28,,,2987.0,63.0,5031.0,657407.0
9927,Texas,US,2020-09-30 04:30:25,31.0545,-97.5635,774438,16179,661038.0,90324.0,48.0,2646.1137704351872,6200826.0,,2.0725591191558577,84000048.0,USA,21385.19605595016,,2020-09-29,,,6448.0,87.0,3631.0,661038.0
9985,Texas,US,2020-10-01 04:30:28,31.0545,-97.5635,778057,16288,664883.0,92120.0,48.0,2665.9614170716172,6237157.0,,2.0718766291643544,84000048.0,USA,21510.493162804745,,2020-09-30,,,3619.0,109.0,3845.0,664883.0
10043,Texas,US,2020-10-02 04:30:36,31.0545,-97.5635,781843,16402,668515.0,92091.0,48.0,2678.780479199787,6282329.0,,2.076638652000165,84000048.0,USA,21666.280807263618,,2020-10-01,,,3786.0,114.0,3632.0,668515.0
10101,Texas,US,2020-10-03 04:30:36,31.0545,-97.5635,787698,16501,672144.0,93938.0,48.0,2697.9901041806593,6368742.0,,2.0738687930298374,84000048.0,USA,21964.2989981922,,2020-10-02,,,5855.0,99.0,3629.0,672144.0
10159,Texas,US,2020-10-04 04:30:24,31.0545,-97.5635,793064,16571,677244.0,93886.0,48.0,2715.644335828251,6472939.0,,2.069403435247801,84000048.0,USA,22323.65003843132,,2020-10-03,,,5366.0,70.0,5100.0,677244.0
10217,Texas,US,2020-10-05 04:30:35,31.0545,-97.5635,795520,16601,680083.0,93791.0,48.0,2725.1939680673954,6537885.0,,2.065315606041048,84000048.0,USA,22547.63357595515,,2020-10-04,,,2456.0,30.0,2839.0,680083.0
10275,Texas,US,2020-10-06 04:30:27,31.0545,-97.5635,799793,16717,683700.0,94182.0,48.0,2739.4201266034993,6571677.0,,2.0693197569238557,84000048.0,USA,22664.17426668291,,2020-10-05,,,4273.0,116.0,3617.0,683700.0
10333,Texas,US,2020-10-07 04:30:35,31.0545,-97.5635,806225,16808,687277.0,94764.0,48.0,2754.0773808528193,6636248.0,,2.0697021797740707,84000048.0,USA,22886.86451706709,,2020-10-06,,,6432.0,91.0,3577.0,687277.0
10391,Texas,US,2020-10-08 04:30:35,31.0545,-97.5635,811391,16928,692123.0,94906.0,48.0,2771.738510031821,6664440.0,,2.073062996926676,84000048.0,USA,22984.092119842808,,2020-10-07,,,5166.0,120.0,4846.0,692123.0
10449,Texas,US,2020-10-09 04:30:36,31.0545,-97.5635,815327,17034,695194.0,95793.0,48.0,2785.7542938598767,6703106.0,,2.075755737514144,84000048.0,USA,23117.442094620263,,2020-10-08,,,3936.0,106.0,3071.0,695194.0
10507,Texas,US,2020-10-10 04:30:24,31.0545,-97.5635,819912,17130,698481.0,96839.0,48.0,2801.056467296165,6746030.0,,2.0772207522614754,84000048.0,USA,23265.47691377269,,2020-10-09,,,4585.0,96.0,3287.0,698481.0
10565,Texas,US,2020-10-11 04:30:32,31.0545,-97.5635,824119,17208,701583.0,97389.0,48.0,2813.8996707842743,6830631.0,,2.0765643480019365,84000048.0,USA,23557.24594124249,,2020-10-10,,,4207.0,78.0,3102.0,701583.0
10623,Texas,US,2020-10-12 04:30:24,31.0545,-97.5635,826196,17239,703662.0,97793.0,48.0,2822.5595214713426,6887551.0,,2.073614474613465,84000048.0,USA,23753.549685212187,,2020-10-11,,,2077.0,31.0,2079.0,703662.0
10681,Texas,US,2020-10-13 04:30:36,31.0545,-97.5635,828815,17271,705189.0,98926.0,48.0,2831.816008625501,6951394.0,,2.069759228361608,84000048.0,USA,23973.729234162598,,2020-10-12,,,2619.0,32.0,1527.0,705189.0
10739,Texas,US,2020-10-14 04:30:28,31.0545,-97.5635,834761,17360,708349.0,101389.0,48.0,2851.4946657423525,7012023.0,,2.065513971669634,84000048.0,USA,24182.82445013483,,2020-10-13,,,5946.0,89.0,3160.0,708349.0
10797,Texas,US,2020-10-15 04:30:37,31.0545,-97.5635,840829,17464,711438.0,104110.0,48.0,2871.9113587202264,7067676.0,,2.0640395035161205,84000048.0,USA,24374.758607955388,,2020-10-14,,,6068.0,104.0,3089.0,711438.0
10855,Texas,US,2020-10-16 04:30:37,31.0545,-97.5635,845717,17558,716015.0,104268.0,48.0,2888.568897078864,7111890.0,,2.0634791765663842,84000048.0,USA,24527.242334868184,,2020-10-15,,,4888.0,94.0,4577.0,716015.0
10913,Texas,US,2020-10-17 04:30:24,31.0545,-97.5635,851830,17653,719478.0,106634.0,48.0,2908.989038822445,7211046.0,,2.0599013381356204,84000048.0,USA,24869.208147184767,,2020-10-16,,,6113.0,95.0,3463.0,719478.0
10971,Texas,US,2020-10-18 04:30:24,31.0545,-97.5635,856684,17723,723204.0,107798.0,48.0,2926.0776728942988,7274236.0,,2.05553237581355,84000048.0,USA,25087.13565212935,,2020-10-17,,,4854.0,70.0,3726.0,723204.0
11029,Texas,US,2020-10-19 04:30:24,31.0545,-97.5635,862191,17753,726231.0,110310.0,48.0,2945.2666052809363,7326919.0,,2.0450675990566807,84000048.0,USA,25268.82697580391,,2020-10-18,,,5507.0,30.0,3027.0,726231.0
11087,Texas,US,2020-10-20 04:30:29,31.0545,-97.5635,865445,17777,729762.0,109705.0,48.0,2955.412873987171,7384043.0,,2.039913740390316,84000048.0,USA,25465.834267977578,,2020-10-19,,,3254.0,24.0,3531.0,729762.0
11145,Texas,US,2020-10-21 04:30:32,31.0545,-97.5635,870980,17851,733758.0,110961.0,48.0,2973.791346432964,7444326.0,,2.0362366153799765,84000048.0,USA,25673.73621101563,,2020-10-20,,,5535.0,74.0,3996.0,733758.0
11203,Texas,US,2020-10-22 04:30:36,31.0545,-97.5635,877928,17944,739140.0,112189.0,48.0,2996.911871724125,7474874.0,,2.031344758976318,84000048.0,USA,25779.089105794028,,2020-10-21,,,6948.0,93.0,5382.0,739140.0
11261,Texas,US,2020-10-23 04:30:40,31.0545,-97.5635,880754,17961,744283.0,109511.0,48.0,3005.43722054867,7532717.0,,2.0263858177090444,84000048.0,USA,25978.57606051012,,2020-10-22,,,2826.0,17.0,5143.0,744283.0
11319,Texas,US,2020-10-24 04:30:33,31.0545,-97.5635,887961,18077,748252.0,112542.0,48.0,3029.971739779178,7611586.0,,2.0229532864312,84000048.0,USA,26250.576762954708,,2020-10-23,,,7207.0,116.0,3969.0,748252.0
11377,Texas,US,2020-10-25 04:30:24,31.0545,-97.5635,897630,18214,753611.0,116836.0,48.0,3063.7523998667257,7710195.0,,2.0166328591272475,84000048.0,USA,26590.656100430264,,2020-10-24,,,9669.0,137.0,5359.0,753611.0
11435,Texas,US,2020-10-26 04:30:38,31.0545,-97.5635,901131,18261,755095.0,118956.0,48.0,3076.319702098377,7762242.0,,2.0128788371378667,84000048.0,USA,26770.154009115988,,2020-10-25,,,3501.0,47.0,1484.0,755095.0
11493,Texas,US,2020-10-27 04:30:25,31.0545,-97.5635,907706,18299,758192.0,122132.0,48.0,3098.033130981604,7809150.0,,2.001331400798396,84000048.0,USA,26931.92871084,,2020-10-26,,,6575.0,38.0,3097.0,758192.0
11551,Texas,US,2020-10-28 04:30:37,31.0545,-97.5635,914584,18383,763108.0,123600.0,48.0,3120.336298800509,7883440.0,,1.9962001350620988,84000048.0,USA,27188.13751511809,,2020-10-27,,,6878.0,84.0,4916.0,763108.0
11609,Texas,US,2020-10-29 04:30:35,31.0545,-97.5635,921888,18489,767905.0,125768.0,48.0,3144.7052772771417,7933477.0,,1.991807728371909,84000048.0,USA,27360.70340473532,,2020-10-28,,,7304.0,106.0,4797.0,767905.0
11667,Texas,US,2020-10-30 04:30:29,31.0545,-97.5635,928809,18606,772350.0,128095.0,48.0,3168.4534779267437,8005112.0,,1.989287280904649,84000048.0,USA,27607.755736064715,,2020-10-29,,,6921.0,117.0,4445.0,772350.0
11725,Texas,US,2020-10-31 04:30:34,31.0545,-97.5635,934760,18714,776580.0,129482.0,48.0,3188.201110357709,8080012.0,,1.988756521466347,84000048.0,USA,27866.068287423306,,2020-10-30,,,5951.0,108.0,4230.0,776580.0
11783,Texas,US,2020-11-01 04:39:05,31.0545,-97.5635,942850,18788,782006.0,131790.0,48.0,3215.1497655822222,8154233.0,,1.9806685037773761,84000048.0,USA,28122.03912686771,,2020-10-31,,,8090.0,74.0,5426.0,782006.0
11841,Texas,US,2020-11-02 05:30:37,31.0545,-97.5635,975717,18840,782006.0,136308.0,48.0,3230.858893371786,8158492.0,,1.974987617632492,84000048.0,USA,28136.727420008374,,2020-11-01,,,32867.0,52.0,0.0,782006.0
11899,Texas,US,2020-11-03 06:00:57,31.0545,-97.5635,982529,18882,787685.0,136084.0,48.0,3249.782270799084,8291703.0,,1.9668832636635991,84000048.0,USA,28596.14094843333,,2020-11-02,,,6812.0,42.0,5679.0,787685.0
11957,Texas,US,2020-11-04 05:30:25,31.0545,-97.5635,992250,18987,792286.0,139384.0,48.0,3277.3689476791546,8328869.0,,1.9606398807957888,84000048.0,USA,28724.3177746522,,2020-11-03,,,9721.0,105.0,4601.0,792286.0
12015,Texas,US,2020-11-05 06:05:43,31.0545,-97.5635,1003342,19127,797586.0,143454.0,48.0,3310.1632607748666,8404187.0,,1.9556975279508155,84000048.0,USA,28984.071910075778,,2020-11-04,,,11092.0,140.0,5300.0,797586.0
12073,Texas,US,2020-11-06 05:30:35,31.0545,-97.5635,1014091,19255,802611.0,147972.0,48.0,3343.543864040551,8483728.0,,1.9502006209450329,84000048.0,USA,29258.390183074625,,2020-11-05,,,10749.0,128.0,5025.0,802611.0
12131,Texas,US,2020-11-07 05:30:37,31.0545,-97.5635,1023763,19386,807008.0,151168.0,48.0,3370.209720477195,8553766.0,,1.9489941896518908,84000048.0,USA,29499.934835571992,,2020-11-06,,,9672.0,131.0,4397.0,807008.0
12189,Texas,US,2020-11-08 05:30:26,31.0545,-97.5635,1031453,19489,811330.0,154585.0,48.0,3397.2445948443506,8634990.0,,1.9436359778734515,84000048.0,USA,29780.05738125357,,2020-11-07,,,7690.0,103.0,4322.0,811330.0
12247,Texas,US,2020-11-09 05:30:38,31.0545,-97.5635,1039049,19535,820215.0,151531.0,48.0,3417.4854007712347,8734857.0,,1.9359591494858368,84000048.0,USA,30124.475265986915,,2020-11-08,,,7596.0,46.0,8885.0,820215.0
12305,Texas,US,2020-11-10 05:42:01,31.0545,-97.5635,1046241,19589,820156.0,158648.0,48.0,3441.961290984744,,,,84000048.0,USA,30521.376467229948,,2020-11-09,8849942.0,1.9261001956860888,7192.0,54.0,-59.0,820156.0
12363,Texas,US,2020-11-11 05:30:39,31.0545,-97.5635,1058874,19710,826116.0,164911.0,48.0,3484.5087134962378,,,,84000048.0,USA,30700.35706105981,,2020-11-10,8901839.0,1.9138647061850973,12633.0,121.0,5960.0,826116.0
12421,Texas,US,2020-11-12 05:30:39,31.0545,-97.5635,1072157,19849,831800.0,171067.0,48.0,3525.797336525143,,,,84000048.0,USA,31063.622450374933,,2020-11-11,9007171.0,1.9043641229497927,13283.0,139.0,5684.0,831800.0
12479,Texas,US,2020-11-13 05:30:30,31.0545,-97.5635,1083440,20124,838950.0,172646.0,48.0,3531.7878425559825,,,,84000048.0,USA,31153.449001946174,,2020-11-12,9033217.0,1.901622247632737,11283.0,275.0,7150.0,838950.0
12537,Texas,US,2020-11-14 05:30:30,31.0545,-97.5635,1096469,20153,850648.0,172683.0,48.0,3597.462687890049,,,,84000048.0,USA,31567.825099020098,,2020-11-13,9153369.0,1.896720978299633,13029.0,29.0,11698.0,850648.0
12595,Texas,US,2020-11-15 05:30:30,31.0545,-97.5635,1107456,20283,861205.0,171106.0,48.0,3628.891289766296,,,,84000048.0,USA,31850.668720843485,,2020-11-14,9235382.0,1.892933952590168,10987.0,130.0,10557.0,861205.0
12653,Texas,US,2020-11-16 05:30:30,31.0545,-97.5635,1115378,20373,871784.0,167967.0,48.0,3654.839802936148,,,,84000048.0,USA,31873.296072638725,,2020-11-15,9241943.0,1.8874209367654533,7922.0,90.0,10579.0,871784.0
12711,Texas,US,2020-11-17 05:30:30,31.0545,-97.5635,1124116,20420,875521.0,171365.0,48.0,3679.550209217647,,,,84000048.0,USA,32344.631984108364,,2020-11-16,9378611.0,1.8775576004903844,8738.0,47.0,3737.0,875521.0
12769,Texas,US,2020-11-18 05:42:00,31.0545,-97.5635,1137495,20536,883223.0,175505.0,48.0,3720.787100760967,,,,84000048.0,USA,32560.03499255636,,2020-11-17,9441069.0,1.8674081798169389,13379.0,116.0,7702.0,883223.0
12827,Texas,US,2020-11-19 05:30:29,31.0545,-97.5635,1151317,20714,889099.0,182121.0,48.0,3764.527796206641,,,,84000048.0,USA,32840.329976523215,,2020-11-18,9522343.0,1.8632083682223024,13822.0,178.0,5876.0,889099.0
12885,Texas,US,2020-11-20 05:30:34,31.0545,-97.5635,1165609,20924,896191.0,188253.0,48.0,3810.917143714309,,,,84000048.0,USA,33302.99569100866,,2020-11-19,9656497.0,1.8610708148078432,14292.0,210.0,7092.0,896191.0
12943,Texas,US,2020-11-21 05:30:30,31.0545,-97.5635,1179707,21096,901943.0,194801.0,48.0,3853.9784323159556,,,,84000048.0,USA,33753.88387060907,,2020-11-20,9787236.0,1.8569210600494857,14098.0,172.0,5752.0,901943.0
13001,Texas,US,2020-11-22 05:30:30,31.0545,-97.5635,1192973,21249,909137.0,198762.0,48.0,3892.973626150555,,,,84000048.0,USA,34170.81550307094,,2020-11-21,9908129.0,1.851786230003136,13266.0,153.0,7194.0,909137.0
13059,Texas,US,2020-11-23 05:30:34,31.0545,-97.5635,1201930,21340,913796.0,218803.0,48.0,3978.537503309522,,,,84000048.0,USA,34458.066647466236,,2020-11-22,9991420.0,1.821496308984304,8957.0,91.0,4659.0,913796.0
13117,Texas,US,2020-11-24 05:30:26,31.0545,-97.5635,1210459,21395,917739.0,221075.0,48.0,4000.095737735992,,,,84000048.0,USA,34914.807382469255,,2020-11-23,10123856.0,1.814783297682571,8529.0,55.0,3943.0,917739.0
13175,Texas,US,2020-11-25 05:30:40,31.0545,-97.5635,1231319,21589,927331.0,232957.0,48.0,4074.830490578989,,,,84000048.0,USA,35316.750679174045,,2020-11-24,10240403.0,1.798087738556604,20860.0,194.0,9592.0,927331.0
13233,Texas,US,2020-11-26 05:30:40,31.0545,-97.5635,1248700,21784,935011.0,240246.0,48.0,4127.17585646044,,,,84000048.0,USA,35590.71717807091,,2020-11-25,10319842.0,1.792746953942932,17381.0,195.0,7680.0,935011.0
13291,Texas,US,2020-11-27 05:30:26,31.0545,-97.5635,1256127,21965,943457.0,237708.0,48.0,4148.189185905405,,,,84000048.0,USA,35819.549680176984,,2020-11-26,10386194.0,1.7990462286457312,7427.0,181.0,8446.0,943457.0
13349,Texas,US,2020-11-28 05:30:35,31.0545,-97.5635,1261000,22026,946663.0,238887.0,48.0,4163.498256873106,,,,84000048.0,USA,36207.070238700464,,2020-11-27,10498559.0,1.7969041858184307,4873.0,61.0,3206.0,946663.0
13407,Texas,US,2020-11-29 05:30:26,31.0545,-97.5635,1267016,22130,950586.0,241203.0,48.0,4185.34273885315,,,,84000048.0,USA,36684.00004814477,,2020-11-28,10636849.0,1.7953537352800852,6016.0,104.0,3923.0,950586.0
13465,Texas,US,2020-11-30 05:30:26,31.0545,-97.5635,1281337,22199,954465.0,248810.0,48.0,4225.144943862889,,,,84000048.0,USA,36914.474162726765,,2020-11-29,10703677.0,1.7829302973264616,14321.0,69.0,3879.0,954465.0
13523,Texas,US,2020-12-01 05:30:26,31.0545,-97.5635,1291458,22271,962639.0,254217.0,48.0,4272.1654154947055,,,,84000048.0,USA,37114.78537244653,,2020-11-30,10761759.0,1.7675854408307716,10121.0,72.0,8174.0,962639.0
13581,Texas,US,2020-12-02 05:30:41,31.0545,-97.5635,1306735,22473,976517.0,252303.0,48.0,4314.178279321811,,,,84000048.0,USA,37170.44500217117,,2020-12-01,10777898.0,1.7677991005120974,15277.0,202.0,13878.0,976517.0
13639,Texas,US,2020-12-03 05:30:41,31.0545,-97.5635,1327263,22684,993151.0,253460.0,48.0,4376.297447213278,,,,84000048.0,USA,37703.78972102969,,2020-12-02,10932546.0,1.7601221801400533,20528.0,211.0,16634.0,993151.0
13697,Texas,US,2020-12-04 05:30:41,31.0545,-97.5635,1346216,22910,1003141.0,260655.0,48.0,4436.385292104074,,,,84000048.0,USA,37996.593378211204,,2020-12-03,11017447.0,1.7547842026665754,18953.0,226.0,9990.0,1003141.0
13755,Texas,US,2020-12-05 05:30:31,31.0545,-97.5635,1360818,23142,1012700.0,263944.0,48.0,4481.564122849035,,,,84000048.0,USA,38319.35991184403,,2020-12-04,11111036.0,1.7564866880241083,14602.0,232.0,9559.0,1012700.0
13813,Texas,US,2020-12-06 05:30:26,31.0545,-97.5635,1374889,23353,1022297.0,266291.0,48.0,4523.549396550497,,,,84000048.0,USA,38773.62098430463,,2020-12-05,11242753.0,1.7577191354659767,14071.0,211.0,9597.0,1022297.0
13871,Texas,US,2020-12-07 05:30:36,31.0545,-97.5635,1387163,23433,1030716.0,268885.0,48.0,4561.813452055483,,,,84000048.0,USA,39181.34441233222,,2020-12-06,11360976.0,1.7491748176887638,12274.0,80.0,8419.0,1030716.0
13929,Texas,US,2020-12-08 05:30:26,31.0545,-97.5635,1394656,23491,1038806.0,269727.0,48.0,4592.786816858575,,,,84000048.0,USA,39506.80443198122,,2020-12-07,11455346.0,1.7410579859564967,7493.0,58.0,8090.0,1038806.0
13987,Texas,US,2020-12-09 05:30:36,31.0545,-97.5635,1414125,23661,1050416.0,272855.0,48.0,4644.256196250771,,,,84000048.0,USA,39759.42307115966,,2020-12-08,11528595.0,1.7355750558982597,19469.0,170.0,11610.0,1050416.0
14045,Texas,US,2020-12-10 05:30:26,31.0545,-97.5635,1428656,23930,1062398.0,273896.0,48.0,4690.152370262521,,,,84000048.0,USA,40078.73049278965,,2020-12-09,11621181.0,1.7395479690077067,14531.0,269.0,11982.0,1062398.0
14103,Texas,US,2020-12-11 05:30:31,31.0545,-97.5635,1444808,24127,1074579.0,275780.0,48.0,4739.486963682876,,,,84000048.0,USA,40425.77978575647,,2020-12-10,11721811.0,1.7389045418029834,16152.0,197.0,12181.0,1074579.0
14161,Texas,US,2020-12-12 05:30:32,31.0545,-97.5635,1460691,24359,1157334.0,207432.0,48.0,4790.021727568823,,,,84000048.0,USA,40809.727423008815,,2020-12-11,11833140.0,1.738270829838384,15883.0,232.0,82755.0,1157334.0
14219,Texas,US,2020-12-13 05:30:42,31.0545,-97.5635,1474276,24542,1167975.0,208406.0,48.0,4830.782689444753,,,,84000048.0,USA,41692.49073687397,,2020-12-12,12089105.0,1.7381675814290851,13585.0,183.0,10641.0,1167975.0
14277,Texas,US,2020-12-14 05:30:41,31.0545,-97.5635,1483168,24637,1176377.0,208333.0,48.0,4859.690243590116,,,,84000048.0,USA,41983.58380626545,,2020-12-13,12173510.0,1.7315894429817402,8892.0,95.0,8402.0,1176377.0
14335,Texas,US,2020-12-15 05:30:31,31.0545,-97.5635,1493486,24684,1185628.0,282849.0,48.0,5148.72095108957,,,,84000048.0,USA,42448.99128948694,,2020-12-14,12308459.0,1.637063547404176,10318.0,47.0,9251.0,1185628.0
14393,Texas,US,2020-12-16 05:30:42,31.0545,-97.5635,1514508,24894,1203398.0,284485.0,48.0,5216.365041641604,,,,84000048.0,USA,42361.92030171458,,2020-12-15,12283212.0,1.629586434922656,21022.0,210.0,17770.0,1203398.0
14451,Texas,US,2020-12-17 05:30:43,31.0545,-97.5635,1536275,25160,1216415.0,293115.0,48.0,5291.958537145328,,,,84000048.0,USA,42627.80979132864,,2020-12-16,12360309.0,1.624034670403076,21767.0,266.0,13017.0,1216415.0
14509,Texas,US,2020-12-18 05:30:33,31.0545,-97.5635,1553765,25406,1216415.0,310157.0,48.0,5351.618735088615,,,,84000048.0,USA,42916.4818271947,,2020-12-17,12444012.0,1.6224917818538949,17490.0,246.0,0.0,1216415.0
14567,Texas,US,2020-12-19 05:30:27,31.0545,-97.5635,1570908,25736,1245339.0,298171.0,48.0,5411.22375278061,,,,84000048.0,USA,43221.118199512544,,2020-12-18,12532344.0,1.6266079977973682,17143.0,330.0,28924.0,1245339.0
14625,Texas,US,2020-12-20 05:30:33,31.0545,-97.5635,1585167,25920,1260984.0,297509.0,48.0,5463.558772364944,,,,84000048.0,USA,43349.295025731415,,2020-12-19,12569510.0,1.6231464701266942,14259.0,184.0,15645.0,1260984.0
14683,Texas,US,2020-12-21 05:30:38,31.0545,-97.5635,1594965,26034,1269014.0,298630.0,48.0,5495.508137862754,,,,84000048.0,USA,43732.99435185294,,2020-12-20,12680767.0,1.6208013826420438,9798.0,114.0,8030.0,1269014.0
14741,Texas,US,2020-12-22 05:30:44,31.0545,-97.5635,1607985,26144,1279067.0,299988.0,48.0,5535.2379187926745,,,,84000048.0,USA,44232.83431188037,,2020-12-21,12825700.0,1.6159592172167945,13020.0,110.0,10053.0,1279067.0
14799,Texas,US,2020-12-23 05:30:33,31.0545,-97.5635,1629816,26322,1297294.0,303203.0,48.0,5609.810579647503,,,,84000048.0,USA,44655.801284327245,,2020-12-22,12948343.0,1.6056052634491034,21831.0,178.0,18227.0,1297294.0
14857,Texas,US,2020-12-24 05:30:27,31.0545,-97.5635,1652488,26580,1311851.0,310312.0,48.0,5685.528230716632,,,,84000048.0,USA,44909.326948886286,,2020-12-23,13021855.0,1.6017527928767312,22672.0,258.0,14557.0,1311851.0
14915,Texas,US,2020-12-25 05:30:37,31.0545,-97.5635,1661626,26868,1326975.0,305727.0,48.0,5722.91285096666,,,,84000048.0,USA,45305.40044635995,,2020-12-24,13136700.0,1.6094284169846012,9138.0,288.0,15124.0,1326975.0
14973,Texas,US,2020-12-26 05:30:27,31.0545,-97.5635,1664941,27051,1332913.0,302915.0,48.0,5734.345509281128,,,,84000048.0,USA,45698.11484603624,,2020-12-25,13250571.0,1.6175865627728956,3315.0,183.0,5938.0,1332913.0
15031,Texas,US,2020-12-27 05:30:43,31.0545,-97.5635,1670355,27075,1339447.0,301775.0,48.0,5753.017126811908,,,,84000048.0,USA,46100.816871196286,,2020-12-26,13367338.0,1.6135355707980994,5414.0,24.0,6534.0,1339447.0
15089,Texas,US,2020-12-28 05:30:44,31.0545,-97.5635,1699194,27130,1346963.0,317057.0,48.0,5831.8145256562475,,,,84000048.0,USA,46407.75012147415,,2020-12-27,13456336.0,1.5946909081447156,28839.0,55.0,7516.0,1346963.0
15147,Texas,US,2020-12-29 05:30:33,31.0545,-97.5635,1707818,27205,1357576.0,315935.0,48.0,5864.795072100068,,,,84000048.0,USA,46614.35532860685,,2020-12-28,13516243.0,1.5899571256106115,8624.0,75.0,10613.0,1357576.0
15205,Texas,US,2020-12-30 05:30:45,31.0545,-97.5635,1732971,27436,1387358.0,315444.0,48.0,5966.654367218572,,,,84000048.0,USA,46874.81990976581,,2020-12-29,13591767.0,1.5769176525532864,25153.0,231.0,29782.0,1387358.0
15263,Texas,US,2020-12-31 05:30:27,31.0545,-97.5635,1754975,27741,1402336.0,320314.0,48.0,6036.202176440163,,,,84000048.0,USA,47115.702399247675,,2020-12-30,13661613.0,1.5769175832023996,22004.0,305.0,14978.0,1402336.0
15321,Texas,US,2021-01-01 05:30:27,31.0545,-97.5635,1772784,28066,1423001.0,315362.0,48.0,6091.579007376945,,,,84000048.0,USA,47396.31466965946,,2020-12-31,13742979.0,1.582057932171474,17809.0,325.0,20665.0,1423001.0
15379,Texas,US,2021-01-02 05:30:44,31.0545,-97.5635,1782956,28359,1435164.0,316178.0,48.0,6137.40620607458,,,,84000048.0,USA,47761.232017747614,,2021-01-01,13848790.0,1.5876084165217368,10172.0,293.0,12163.0,1435164.0
15437,Texas,US,2021-01-03 05:30:33,31.0545,-97.5635,1801181,28442,1443061.0,322054.0,48.0,6185.199201224477,,,,84000048.0,USA,48302.160572393026,,2021-01-02,14005637.0,1.580080437011731,18225.0,83.0,7897.0,1443061.0
15495,Texas,US,2021-01-04 05:30:45,31.0545,-97.5635,1816886,28496,1451846.0,330044.0,48.0,6243.3695323828915,,,,84000048.0,USA,48467.95308616421,,2021-01-03,14053710.0,1.5704405850899288,15705.0,54.0,8785.0,1451846.0
15553,Texas,US,2021-01-05 05:30:33,31.0545,-97.5635,1831146,28570,1464746.0,335902.0,48.0,6308.47878014122,,,,84000048.0,USA,48935.11254236421,,2021-01-04,14189167.0,1.5608471248890907,14260.0,74.0,12900.0,1464746.0
15611,Texas,US,2021-01-06 05:30:39,31.0545,-97.5635,1864173,28808,1488189.0,343777.0,48.0,6417.3356208766345,,,,84000048.0,USA,49282.43773658748,,2021-01-05,14289877.0,1.547590961342202,33027.0,238.0,23443.0,1488189.0
15669,Texas,US,2021-01-07 05:30:38,31.0545,-97.5635,1884799,29118,1504643.0,351038.0,48.0,6500.2301533793725,,,,84000048.0,USA,49559.290852380036,,2021-01-06,14370153.0,1.5448862186365762,20626.0,310.0,16454.0,1504643.0
15727,Texas,US,2021-01-08 05:30:47,31.0545,-97.5635,1910091,29498,1522105.0,358488.0,48.0,6587.456335608496,,,,84000048.0,USA,49820.55554718272,,2021-01-07,14445909.0,1.5443243280032208,25292.0,380.0,17462.0,1522105.0
15785,Texas,US,2021-01-09 05:30:45,31.0545,-97.5635,1932554,30128,1536690.0,357064.0,48.0,6633.352509620247,,,,84000048.0,USA,50120.0256684734,,2021-01-08,14532743.0,1.5412818661130634,22463.0,630.0,14585.0,1536690.0
15843,Texas,US,2021-01-10 05:30:28,31.0545,-97.5635,1951915,30313,1549210.0,372392.0,48.0,6731.697512484618,,,,84000048.0,USA,50537.560834933756,,2021-01-09,14653811.0,1.5529877069442062,19361.0,185.0,12520.0,1549210.0
15901,Texas,US,2021-01-11 05:30:40,31.0545,-97.5635,1968189,30479,1558945.0,378765.0,48.0,6787.82272557954,,,,84000048.0,USA,51010.845299027125,,2021-01-10,14791044.0,1.5485809543697278,16274.0,166.0,9735.0,1558945.0
15959,Texas,US,2021-01-12 05:30:28,31.0545,-97.5635,1990204,30585,1568710.0,390909.0,48.0,6863.747302591013,,,,84000048.0,USA,51522.1627513232,,2021-01-11,14939305.0,1.5367771344043124,22015.0,106.0,9765.0,1568710.0
16017,Texas,US,2021-01-13 05:30:34,31.0545,-97.5635,2014645,30895,1595600.0,388150.0,48.0,6948.0385852045665,,,,84000048.0,USA,51840.22861729912,,2021-01-12,15031531.0,1.5335207939860371,24441.0,310.0,26890.0,1595600.0
16075,Texas,US,2021-01-14 05:30:28,31.0545,-97.5635,2040751,31277,1612188.0,397286.0,48.0,7038.072062718149,,,,84000048.0,USA,52349.11813853837,,2021-01-13,15179088.0,1.532622059232116,26106.0,382.0,16588.0,1612188.0
16133,Texas,US,2021-01-15 05:30:28,31.0545,-97.5635,2068637,31693,1630778.0,406166.0,48.0,7134.244343187917,,,,84000048.0,USA,52781.49334383046,,2021-01-14,15304459.0,1.5320716007690087,27886.0,416.0,18590.0,1630778.0
16191,Texas,US,2021-01-16 05:30:49,31.0545,-97.5635,2094921,32086,1649735.0,413100.0,48.0,7136.48259213093,,,,84000048.0,USA,53262.38923383635,,2021-01-15,15443899.0,1.531591089873512,26284.0,393.0,18957.0,1649735.0
16249,Texas,US,2021-01-17 05:30:35,31.0545,-97.5635,2112662,32428,1666745.0,413489.0,48.0,7286.076253382334,,,,84000048.0,USA,53746.440744462976,,2021-01-16,15584254.0,1.5349355457711644,17741.0,342.0,17010.0,1666745.0
16307,Texas,US,2021-01-18 05:30:33,31.0545,-97.5635,2127111,32600,1677588.0,416923.0,48.0,7335.907469064313,,,,84000048.0,USA,54207.771786620324,,2021-01-17,15718021.0,1.5325951490072685,14449.0,172.0,10843.0,1677588.0
16365,Texas,US,2021-01-19 05:30:28,31.0545,-97.5635,2138190,32711,1697272.0,408207.0,48.0,7374.116344318008,,,,84000048.0,USA,54758.3948216645,,2021-01-18,15877679.0,1.5298453364761784,11079.0,111.0,19684.0,1697272.0
16423,Texas,US,2021-01-20 05:30:46,31.0545,-97.5635,2157459,33032,1711009.0,413418.0,48.0,7440.5706107015685,,,,84000048.0,USA,54956.2056762476,,2021-01-19,15935036.0,1.5310603816804862,19269.0,321.0,13737.0,1711009.0
16481,Texas,US,2021-01-21 05:30:34,31.0545,-97.5635,2185554,33491,1739136.0,412927.0,48.0,7537.4636832038295,,,,84000048.0,USA,55442.45405062877,,2021-01-20,16076028.0,1.5323803484150929,28095.0,459.0,28127.0,1739136.0
16539,Texas,US,2021-01-22 05:30:39,31.0545,-97.5635,2208871,33942,1763247.0,411682.0,48.0,7617.878553164154,,,,84000048.0,USA,55878.17800742112,,2021-01-21,16202370.0,1.5366221024224591,23317.0,451.0,24111.0,1763247.0
16597,Texas,US,2021-01-23 05:30:27,31.0545,-97.5635,2227789,34381,1785578.0,407830.0,48.0,7683.1223027850065,,,,84000048.0,USA,56287.58098434741,,2021-01-22,16321080.0,1.5432790089187085,18918.0,439.0,22331.0,1785578.0
16655,Texas,US,2021-01-24 05:30:28,31.0545,-97.5635,2242473,34725,1797979.0,409769.0,48.0,7733.763978407829,,,,84000048.0,USA,56579.16377846909,,2021-01-23,16405627.0,1.5485136275888272,14684.0,344.0,12401.0,1797979.0
16713,Texas,US,2021-01-25 05:30:45,31.0545,-97.5635,2250421,34911,1809067.0,406443.0,48.0,7761.17476823691,,,,84000048.0,USA,57115.49167966305,,2021-01-24,16561140.0,1.5513097327122347,7948.0,186.0,11088.0,1809067.0
16771,Texas,US,2021-01-26 05:30:28,31.0545,-97.5635,2269424,35090,1818785.0,415549.0,48.0,7826.711662942746,,,,84000048.0,USA,57351.821798413366,,2021-01-25,16629666.0,1.5462073195665509,19003.0,179.0,9718.0,1818785.0
16829,Texas,US,2021-01-27 05:30:51,31.0545,-97.5635,2290621,35420,1845210.0,409991.0,48.0,7899.815149606939,,,,84000048.0,USA,57725.98528735858,,2021-01-26,16738158.0,1.5463055651720647,21197.0,330.0,26425.0,1845210.0
16887,Texas,US,2021-01-28 05:30:28,31.0545,-97.5635,2309220,35877,1867289.0,406054.0,48.0,7963.958742967665,,,,84000048.0,USA,58069.606507213895,,2021-01-27,16837794.0,1.5536414893340609,18599.0,457.0,22079.0,1867289.0
16945,Texas,US,2021-01-29 05:30:28,31.0545,-97.5635,2330272,36292,1894564.0,399416.0,48.0,8036.562158604527,,,,84000048.0,USA,58453.60932471754,,2021-01-28,16949139.0,1.5574147567322614,21052.0,415.0,27275.0,1894564.0
17003,Texas,US,2021-01-30 05:30:40,31.0545,-97.5635,2348188,36650,1912861.0,398677.0,48.0,8098.3502449882435,,,,84000048.0,USA,58883.99804096312,,2021-01-29,17073934.0,1.5607779274913252,17916.0,358.0,18297.0,1912861.0
17061,Texas,US,2021-01-31 05:30:41,31.0545,-97.5635,2363266,36924,1932694.0,393648.0,48.0,8150.350734299123,,,,84000048.0,USA,59536.201021103654,,2021-01-30,17263046.0,1.5624140490321443,15078.0,274.0,19833.0,1932694.0
17119,Texas,US,2021-02-01 05:30:44,31.0545,-97.5635,2376344,37074,1947493.0,391777.0,48.0,8195.453692198558,,,,84000048.0,USA,60005.488365744095,,2021-01-31,17399120.0,1.5601276582851642,13078.0,150.0,14799.0,1947493.0
17177,Texas,US,2021-02-02 05:30:40,31.0545,-97.5635,2412627,37245,1974572.0,400810.0,48.0,8320.585258299274,,,,84000048.0,USA,60368.429571082874,,2021-02-01,17504358.0,1.5437529298975765,36283.0,171.0,27079.0,1974572.0
17235,Texas,US,2021-02-03 05:30:38,31.0545,-97.5635,2431687,37619,1993704.0,400364.0,48.0,8386.318732650338,,,,84000048.0,USA,60718.351685882546,,2021-02-02,17605821.0,1.5470329857419967,19060.0,374.0,19132.0,1993704.0
17293,Texas,US,2021-02-04 05:30:42,31.0545,-97.5635,2449535,38039,2015866.0,395630.0,48.0,8447.872302966067,,,,84000048.0,USA,61025.47461827423,,2021-02-03,17694874.0,1.552906980304425,17848.0,420.0,22162.0,2015866.0
17351,Texas,US,2021-02-05 05:30:47,31.0545,-97.5635,2463424,38453,2037888.0,387083.0,48.0,8495.772209852841,,,,84000048.0,USA,61549.72839073246,,2021-02-04,17846886.0,1.5609574316073886,13889.0,414.0,22022.0,2037888.0
17409,Texas,US,2021-02-06 05:30:40,31.0545,-97.5635,2478003,38893,2060478.0,378632.0,48.0,8546.051765076563,,,,84000048.0,USA,61811.934598572814,,2021-02-05,17922915.0,1.5695299803914684,14579.0,440.0,22590.0,2060478.0
17467,Texas,US,2021-02-07 05:30:57,31.0545,-97.5635,2486505,39182,2080185.0,367138.0,48.0,8575.373171106614,,,,84000048.0,USA,62197.87907116876,,2021-02-06,18034823.0,1.5757860933318049,8502.0,289.0,19707.0,2080185.0
17525,Texas,US,2021-02-08 05:30:33,31.0545,-97.5635,2494861,39322,2091113.0,364426.0,48.0,8604.191057343627,,,,84000048.0,USA,62327.09397586506,,2021-02-07,18072290.0,1.5761198720089016,8356.0,140.0,10928.0,2091113.0
17583,Texas,US,2021-02-09 05:30:43,31.0545,-97.5635,2504578,39482,2104894.0,360202.0,48.0,8637.702713706129,,,,84000048.0,USA,62839.16670785067,,2021-02-08,18220770.0,1.5763933085733406,9717.0,160.0,13781.0,2104894.0
17641,Texas,US,2021-02-10 05:30:29,31.0545,-97.5635,2518333,39799,2125302.0,353232.0,48.0,8685.140485988337,,,,84000048.0,USA,63118.17875097501,,2021-02-09,18301672.0,1.5803708246685406,13755.0,317.0,20408.0,2125302.0
17699,Texas,US,2021-02-11 05:30:49,31.0545,-97.5635,2531060,40148,2168762.0,322150.0,48.0,8729.032927125063,,,,84000048.0,USA,63508.56178503423,,2021-02-10,18414867.0,1.5862128910416982,12727.0,349.0,43460.0,2168762.0
17757,Texas,US,2021-02-12 05:30:51,31.0545,-97.5635,2543236,40535,2184719.0,317982.0,48.0,8771.025098357935,,,,84000048.0,USA,63823.77207300582,,2021-02-11,18506265.0,1.5938355701161826,12176.0,387.0,15957.0,2184719.0
17815,Texas,US,2021-02-13 05:30:30,31.0545,-97.5635,2554842,40901,2204146.0,309795.0,48.0,8811.051473138546,,,,84000048.0,USA,64166.88632430241,,2021-02-12,18605754.0,1.6009209180058883,11606.0,366.0,19427.0,2204146.0
17873,Texas,US,2021-02-14 05:30:42,31.0545,-97.5635,2564055,41149,2220233.0,299011.0,48.0,8830.19557157101,,,,84000048.0,USA,64494.563900300185,,2021-02-13,18700767.0,1.6071360919983768,9213.0,248.0,16087.0,2220233.0
17931,Texas,US,2021-02-15 05:31:10,31.0545,-97.5635,2568930,41273,2231709.0,292276.0,48.0,8846.973816729349,,,,84000048.0,USA,64873.80397236421,,2021-02-14,18810731.0,1.6089219875739589,4875.0,124.0,11476.0,2231709.0
17989,Texas,US,2021-02-16 05:31:00,31.0545,-97.5635,2571723,41336,2260840.0,265868.0,48.0,8856.582077985491,,,,84000048.0,USA,64873.80397236421,,2021-02-15,18810731.0,1.6096297415464844,2793.0,63.0,29131.0,2260840.0
18047,Texas,US,2021-02-17 05:30:30,31.0545,-97.5635,2574648,41386,2257030.0,272542.0,48.0,8866.631781251965,,,,84000048.0,USA,64873.80397236421,,2021-02-16,18810731.0,1.6097501398311451,2925.0,50.0,-3810.0,2257030.0
18105,Texas,US,2021-02-18 05:30:52,31.0545,-97.5635,2579802,41496,2268067.0,266535.0,48.0,8884.358436979377,,,,84000048.0,USA,64873.80397236421,,2021-02-17,18810731.0,1.6108082844674387,5154.0,110.0,11037.0,2268067.0
18163,Texas,US,2021-02-19 05:31:04,31.0545,-97.5635,2582111,41630,2279684.0,257082.0,48.0,8892.283700571126,,,,84000048.0,USA,64873.80397236421,,2021-02-18,18810731.0,1.6145696782030379,2309.0,134.0,11617.0,2279684.0
18221,Texas,US,2021-02-20 05:30:30,31.0545,-97.5635,2587712,41832,2289773.0,256107.0,48.0,8924.412401885633,,,,84000048.0,USA,66259.75944652276,,2021-02-19,19212601.0,1.6165632033240176,5601.0,202.0,10089.0,2289773.0
18279,Texas,US,2021-02-21 05:30:53,31.0545,-97.5635,2593816,42041,2312445.0,239330.0,48.0,8945.463667753362,,,,84000048.0,USA,65967.41102641441,,2021-02-20,19127832.0,1.6208165883778958,6104.0,209.0,22672.0,2312445.0
18337,Texas,US,2021-02-22 05:30:43,31.0545,-97.5635,2600660,42162,2318193.0,240305.0,48.0,8969.067020243323,,,,84000048.0,USA,66098.52964978026,,2021-02-21,19165851.0,1.6212038482539048,6844.0,121.0,5748.0,2318193.0
18395,Texas,US,2021-02-23 05:30:53,31.0545,-97.5635,2606513,42301,2331940.0,232272.0,48.0,8989.252645918916,,,,84000048.0,USA,66213.25628974683,,2021-02-22,19199117.0,1.6228961835218163,5853.0,139.0,13747.0,2331940.0
18453,Texas,US,2021-02-24 05:31:21,31.0545,-97.5635,2617096,42521,2353741.0,220834.0,48.0,9025.750933382573,,,,84000048.0,USA,66362.1188126686,,2021-02-23,19242281.0,1.6247397879176002,10583.0,220.0,21801.0,2353741.0
18511,Texas,US,2021-02-25 05:31:00,31.0545,-97.5635,2624852,42831,2368008.0,214013.0,48.0,9052.499560196153,,,,84000048.0,USA,66574.70073076931,,2021-02-24,19303921.0,1.6317491424278396,7756.0,310.0,14267.0,2368008.0
18569,Texas,US,2021-02-26 05:30:48,31.0545,-97.5635,2632666,43085,2380295.0,209286.0,48.0,9079.448215420663,,,,84000048.0,USA,66760.90648875266,,2021-02-25,19357913.0,1.6365539722851286,7814.0,254.0,12287.0,2380295.0
18627,Texas,US,2021-02-27 05:30:48,31.0545,-97.5635,2643463,43376,2393568.0,206519.0,48.0,9116.684538745349,,,,84000048.0,USA,66997.4918161652,,2021-02-26,19426513.0,1.6408778938838942,10797.0,291.0,13273.0,2393568.0
18685,Texas,US,2021-02-28 05:30:29,31.0545,-97.5635,2649363,43519,2417585.0,188259.0,48.0,9137.03225640911,,,,84000048.0,USA,67211.90158008995,,2021-02-27,19488683.0,1.6426212640547937,5900.0,143.0,24017.0,2417585.0
18743,Texas,US,2021-03-01 05:30:39,31.0545,-97.5635,2653013,43697,2422369.0,186947.0,48.0,9149.620251234994,,,,84000048.0,USA,67449.86296501907,,2021-02-28,19557682.0,1.647070707908329,3650.0,178.0,4784.0,2422369.0
18801,Texas,US,2021-03-02 05:30:53,31.0545,-97.5635,2660791,43909,2429453.0,187429.0,48.0,9176.444750894101,,,,84000048.0,USA,67579.29169318911,,2021-03-01,19595211.0,1.6502235613394662,7778.0,212.0,7084.0,2429453.0
18859,Texas,US,2021-03-03 05:30:49,31.0545,-97.5635,2668091,44186,2441822.0,182083.0,48.0,9201.620740545874,,,,84000048.0,USA,67744.3047859108,,2021-03-02,19643058.0,1.6560904406933648,7300.0,277.0,12369.0,2441822.0
18917,Texas,US,2021-03-04 05:30:41,31.0545,-97.5635,2675712,44463,2450229.0,181020.0,48.0,9227.903783989179,,,,84000048.0,USA,67967.08470420333,,2021-03-03,19707655.0,1.6617259256601606,7621.0,277.0,8407.0,2450229.0
18975,Texas,US,2021-03-05 05:31:07,31.0545,-97.5635,2683386,44757,2458818.0,179811.0,48.0,9254.369612014892,,,,84000048.0,USA,68162.01583942215,,2021-03-04,19764177.0,1.6679299959081548,7674.0,294.0,8589.0,2458818.0
19033,Texas,US,2021-03-06 04:30:38,31.0545,-97.5635,2688975,45047,2470308.0,173620.0,48.0,9273.644763544176,,,,84000048.0,USA,68354.71562322938,,2021-03-05,19820052.0,1.6752480034213781,5589.0,290.0,11490.0,2470308.0
19091,Texas,US,2021-03-07 05:31:30,31.0545,-97.5635,2692691,45249,2470308.0,177134.0,48.0,9286.460376906638,,,,84000048.0,USA,68354.71562322938,,2021-03-06,19820052.0,1.6804378965131908,3716.0,202.0,0.0,2470308.0
19149,Texas,US,2021-03-08 05:31:09,31.0545,-97.5635,2695558,45315,,,48.0,9296.347988184942,,,,84000048.0,USA,68655.90322984151,,2021-03-07,19907384.0,1.6810990525894824,2867.0,66.0,-183297.69720984763,2287010.3027901524
19207,Texas,US,2021-03-09 05:30:55,31.0545,-97.5635,2699083,45411,,,48.0,9308.504887297613,,,,84000048.0,USA,68655.90322984151,,2021-03-08,19907384.0,1.6824603022582114,3525.0,96.0,3569.850870750379,2290580.1536609028
19265,Texas,US,2021-03-10 05:31:08,31.0545,-97.5635,2704712,45582,,,48.0,9327.917989455125,,,,84000048.0,USA,68860.24259790554,,2021-03-09,19966634.0,1.6852810946230137,5629.0,171.0,5935.589645112399,2296515.743306015
19323,Texas,US,2021-03-11 05:30:58,31.0545,-97.5635,2710278,45796,,,48.0,9347.113819373173,,,,84000048.0,USA,69050.33166607353,,2021-03-10,20021752.0,1.6897159627167395,5566.0,214.0,6465.405636014417,2302981.1489420296
19381,Texas,US,2021-03-12 05:30:41,31.0545,-97.5635,2715993,46007,,,48.0,9366.823515381377,,,,84000048.0,USA,69340.54185144433,,2021-03-11,20105901.0,1.6939292553404957,5715.0,211.0,6522.605668222066,2309503.7546102516
19439,Texas,US,2021-03-13 05:30:48,31.0545,-97.5635,2721511,46229,,,48.0,9385.85380454555,,,,84000048.0,USA,69558.86251567939,,2021-03-12,20169205.0,1.6986519620901772,5518.0,222.0,6540.351777574513,2316044.106387826
19497,Texas,US,2021-03-14 05:31:09,31.0545,-97.5635,2724607,46366,,,48.0,9396.531183170464,,,,84000048.0,USA,69718.13686226675,,2021-03-13,20215388.0,1.7017500138552093,3096.0,137.0,3834.7835496161133,2319878.8899374423
19555,Texas,US,2021-03-15 05:31:06,31.0545,-97.5635,2727462,46423,,,48.0,9406.377409260302,,,,84000048.0,USA,69965.49268497825,,2021-03-14,20287111.0,1.7020585438037268,2855.0,57.0,2615.8199489298277,2322494.709886372
19613,Texas,US,2021-03-16 05:31:04,31.0545,-97.5635,2731814,46519,,,48.0,9421.386437611603,,,,84000048.0,USA,70169.91827218494,,2021-03-15,20346386.0,1.7028611757608685,4352.0,96.0,4108.378342407756,2326603.08822878
19671,Texas,US,2021-03-17 05:31:00,31.0545,-97.5635,2737763,46651,,,48.0,9441.903144794946,,,,84000048.0,USA,70375.87166259925,,2021-03-16,20406104.0,1.7039824119180509,5949.0,132.0,5626.228852603119,2332229.317081383
19729,Texas,US,2021-03-18 05:31:01,31.0545,-97.5635,2742274,46827,,,48.0,9457.460526893456,,,,84000048.0,USA,70550.39989990303,,2021-03-17,20456710.0,1.7075974173259127,4511.0,176.0,5273.945023293141,2337503.262104676
19787,Texas,US,2021-03-19 05:30:59,31.0545,-97.5635,2745694,47025,,,48.0,9469.255305607028,,,,84000048.0,USA,70651.96949870225,,2021-03-18,20486161.0,1.7126817482210326,3420.0,198.0,4855.563423684798,2342358.825528361
19845,Texas,US,2021-03-20 05:31:09,31.0545,-97.5635,2749624,47198,,,48.0,9482.808954830516,,,,84000048.0,USA,70792.49635491331,,2021-03-19,20526908.0,1.7165256049554412,3930.0,173.0,4855.782232877333,2347214.6077612382
19903,Texas,US,2021-03-21 05:30:52,31.0545,-97.5635,2752279,47298,,,48.0,9491.965427779207,,,,84000048.0,USA,71112.83495748929,,2021-03-20,20619793.0,1.7185031023380988,2655.0,100.0,3056.4240128458478,2350271.031774084
19961,Texas,US,2021-03-22 05:30:46,31.0545,-97.5635,2754616,47346,,,48.0,9500.02519323348,,,,84000048.0,USA,71332.11437859053,,2021-03-21,20683375.0,1.7187876640519042,2337.0,48.0,2159.029464960564,2352430.0612390446
20019,Texas,US,2021-03-23 05:31:19,31.0545,-97.5635,2757552,47446,,,48.0,9510.15076934548,,,,84000048.0,USA,71526.86962675837,,2021-03-22,20739846.0,1.7205840542626214,2936.0,100.0,3239.4061404592358,2355669.467379504
20077,Texas,US,2021-03-24 05:31:13,31.0545,-97.5635,2762270,47527,,,48.0,9526.422045945075,,,,84000048.0,USA,71713.14091129013,,2021-03-23,20793857.0,1.7205776408533562,4718.0,81.0,4147.580544851255,2359817.047924355
20135,Texas,US,2021-03-25 05:30:43,31.0545,-97.5635,2766259,47689,,,48.0,9540.1791723452,,,,84000048.0,USA,71849.32232271197,,2021-03-24,20833344.0,1.7239528185900164,3989.0,162.0,4748.173014590051,2364565.220938945
20193,Texas,US,2021-03-26 05:30:37,31.0545,-97.5635,2769451,47822,,,48.0,9551.187632477868,,,,84000048.0,USA,72090.68763939265,,2021-03-25,20903330.0,1.7267682295155249,3192.0,133.0,3844.1955791497603,2368409.416518095
20251,Texas,US,2021-03-27 05:31:28,31.0545,-97.5635,2776370,47947,,,48.0,9575.04964239576,,,,84000048.0,USA,72325.08644934776,,2021-03-26,20971296.0,1.7269672269906389,6919.0,125.0,6164.947827224154,2374574.364345319
20309,Texas,US,2021-03-28 05:31:16,31.0545,-97.5635,2779464,48039,,,48.0,9585.720123489264,,,,84000048.0,USA,72497.45231055403,,2021-03-27,21021275.0,1.7283548194903766,3094.0,92.0,3236.090013266541,2377810.4543585856
20367,Texas,US,2021-03-29 04:31:08,31.0545,-97.5635,2782735,48093,,,48.0,9597.001036112679,,,,84000048.0,USA,72818.58068047665,,2021-03-28,21114389.0,1.7282637405286525,3271.0,54.0,2846.8855614666827,2380657.3399200523
20425,Texas,US,2021-03-30 04:31:00,31.0545,-97.5635,2786219,48134,,,48.0,9609.016535831415,,,,84000048.0,USA,72975.40985217867,,2021-03-29,21159863.0,1.7275741784834573,3484.0,41.0,2813.00764451921,2383470.3475645715
20483,Texas,US,2021-03-31 04:31:15,31.0545,-97.5635,2789428,48242,,,48.0,9620.08362498108,,,,84000048.0,USA,73110.41868326056,,2021-03-30,21199010.0,1.7294585126413011,3209.0,108.0,3523.3816875838675,2386993.7292521554
20541,Texas,US,2021-04-01 04:30:33,31.0545,-97.5635,2791910,48252,,,48.0,9628.64346146268,,,,84000048.0,USA,73258.97426603455,,2021-03-31,21242085.0,1.7282792067079529,2482.0,10.0,1748.987190799322,2388742.7164429547
20599,Texas,US,2021-04-02 04:30:39,31.0545,-97.5635,2797010,48495,,,48.0,9646.232166561864,,,,84000048.0,USA,73258.97426603455,,2021-04-01,21242085.0,1.7338157532507927,5100.0,243.0,6546.940270120744,2395289.6567130755
20657,Texas,US,2021-04-03 04:30:31,31.0545,-97.5635,2799375,48599,,,48.0,9654.388497455897,,,,84000048.0,USA,73698.12629593837,,2021-04-02,21369421.0,1.7360660861799508,2365.0,104.0,2920.682685245294,2398210.3393983208
20715,Texas,US,2021-04-04 04:30:32,31.0545,-97.5635,2801218,48676,,,48.0,9660.744572651543,,,,84000048.0,USA,73831.80045469217,,2021-04-03,21408181.0,1.7376726838111136,1843.0,77.0,2222.331004500389,2400432.670402821
20773,Texas,US,2021-04-05 04:30:40,31.0545,-97.5635,2802225,48697,,,48.0,9664.217479717205,,,,84000048.0,USA,74268.59008008758,,2021-04-04,21534832.0,1.737797642944446,1007.0,21.0,934.5227695861831,2401367.1931724073
20831,Texas,US,2021-04-06 04:30:57,31.0545,-97.5635,2806908,48729,,,48.0,9680.368049517105,,,,84000048.0,USA,74612.6872296103,,2021-04-05,21634606.0,1.7360383738975411,4683.0,32.0,3474.296566639561,2404841.489739047
20889,Texas,US,2021-04-07 04:30:42,31.0545,-97.5635,2811270,48815,,,48.0,9695.411565525465,,,,84000048.0,USA,74778.76943970076,,2021-04-06,21682763.0,1.7364038317201833,4362.0,86.0,3982.1365680177696,2408823.6263070647
20947,Texas,US,2021-04-08 04:30:30,31.0545,-97.5635,2815110,48918,,,48.0,9708.654825835434,,,,84000048.0,USA,74964.69239889624,,2021-04-07,21736673.0,1.7376940865543442,3840.0,103.0,3867.9007003372535,2412691.527007402
21005,Texas,US,2021-04-09 04:30:59,31.0545,-97.5635,2819600,49017,,,48.0,9724.139783854129,,,,84000048.0,USA,75087.85471977899,,2021-04-08,21772385.0,1.7384380763228826,4490.0,99.0,4238.06752950605,2416929.594536908
21063,Texas,US,2021-04-10 04:30:47,31.0545,-97.5635,2822889,49121,,,48.0,9735.482774260248,,,,84000048.0,USA,75321.23614385091,,2021-04-09,21840056.0,1.740096759029491,3289.0,104.0,3522.374805936124,2420451.969342844
21121,Texas,US,2021-04-11 04:30:51,31.0545,-97.5635,2825551,49188,,,48.0,9744.663388568879,,,,84000048.0,USA,75525.03405569916,,2021-04-10,21899149.0,1.7408286029875235,2662.0,67.0,2622.895426689647,2423074.8647695337
21179,Texas,US,2021-04-12 04:30:34,31.0545,-97.5635,2826977,49212,,,48.0,9749.581328465241,,,,84000048.0,USA,75770.44132578693,,2021-04-11,21970307.0,1.7407994476078157,1426.0,24.0,1247.1940842964686,2424322.05885383
21237,Texas,US,2021-04-13 04:30:56,31.0545,-97.5635,2831972,49231,,,48.0,9766.80791316532,,,,84000048.0,USA,76003.83654492168,,2021-04-12,22037982.0,1.7383999559317678,4995.0,19.0,3504.8856626232155,2427826.9445164534
21295,Texas,US,2021-04-14 04:30:32,31.0545,-97.5635,2837160,49289,,,48.0,9784.700109646608,,,,84000048.0,USA,76123.05692660279,,2021-04-13,22072551.0,1.737265434448533,5188.0,58.0,4148.302794867661,2431975.247311321
21353,Texas,US,2021-04-15 04:30:32,31.0545,-97.5635,2840869,49359,,,48.0,9797.491581649132,,,,84000048.0,USA,76282.92446089152,,2021-04-14,22118906.0,1.7374613190541346,3709.0,70.0,3344.5090052462183,2435319.7563165673
21411,Texas,US,2021-04-16 04:31:03,31.0545,-97.5635,2843929,49441,,,48.0,9808.04480470864,,,,84000048.0,USA,76335.72851261184,,2021-04-15,22134217.0,1.738475186968451,3060.0,82.0,3081.196233129129,2438400.9525496964
21469,Texas,US,2021-04-17 04:31:07,31.0545,-97.5635,2847101,49510,,,48.0,9818.984289527192,,,,84000048.0,USA,76353.29652511679,,2021-04-16,22139311.0,1.7389618422388249,3172.0,69.0,2981.548939352855,2441382.5014890493
21527,Texas,US,2021-04-18 04:30:57,31.0545,-97.5635,2849072,49562,,,48.0,9825.78180673317,,,,84000048.0,USA,76469.19229665758,,2021-04-17,22172916.0,1.7395839768177146,1971.0,52.0,1973.7983092512004,2443356.2997983005
21585,Texas,US,2021-04-19 04:30:30,31.0545,-97.5635,2850575,49595,,,48.0,9830.96530158887,,,,84000048.0,USA,76836.42721529999,,2021-04-18,22279399.0,1.7398244213886669,1503.0,33.0,1416.8133288444951,2444773.113127145
21643,Texas,US,2021-04-20 04:30:55,31.0545,-97.5635,2855052,49618,,,48.0,9846.405425653393,,,,84000048.0,USA,76925.82956868943,,2021-04-19,22305322.0,1.737901796534704,4477.0,23.0,3220.674850696698,2447993.7879778417
21701,Texas,US,2021-04-21 04:30:46,31.0545,-97.5635,2859892,49672,,,48.0,9863.097451669084,,,,84000048.0,USA,77321.27883957035,,2021-04-20,22419986.0,1.7368488040807135,4840.0,54.0,3868.59003913356,2451862.3780169752
21759,Texas,US,2021-04-22 04:30:30,31.0545,-97.5635,2864319,49748,,,48.0,9878.365137448316,,,,84000048.0,USA,77576.90480244419,,2021-04-21,22494107.0,1.7368177217691183,4427.0,76.0,3891.7098008114845,2455754.0878177867
21817,Texas,US,2021-04-23 04:30:31,31.0545,-97.5635,2867748,49818,,,48.0,9890.190955053236,,,,84000048.0,USA,77727.90211133781,,2021-04-22,22537890.0,1.7371819281192071,3429.0,70.0,3162.178059582133,2458916.265877369
21875,Texas,US,2021-04-24 04:30:47,31.0545,-97.5635,2870407,49877,,,48.0,9899.361223064752,,,,84000048.0,USA,77728.10213974875,,2021-04-23,22537948.0,1.7376281482033733,2659.0,59.0,2514.7390057402663,2461431.004883109
21933,Texas,US,2021-04-25 04:30:46,31.0545,-97.5635,2872756,49921,,,48.0,9907.46237370749,,,,84000048.0,USA,77977.73069906032,,2021-04-24,22610330.0,1.7377389517244068,2349.0,44.0,2113.7422107951716,2463544.7470939043
21991,Texas,US,2021-04-26 04:30:31,31.0545,-97.5635,2873995,49936,,,48.0,9911.735394416884,,,,84000048.0,USA,78169.72003713218,,2021-04-25,22665999.0,1.737511721488729,1239.0,15.0,1005.9448253805749,2464550.691919285
22049,Texas,US,2021-04-27 04:30:56,31.0545,-97.5635,2878438,49967,,,48.0,9927.058260447406,,,,84000048.0,USA,78433.13676173522,,2021-04-26,22742379.0,1.7359067661002252,4443.0,31.0,3304.737539540045,2467855.429458825
22107,Texas,US,2021-04-28 04:30:34,31.0545,-97.5635,2882423,50027,,,48.0,9940.80159178471,,,,84000048.0,USA,78550.94659824269,,2021-04-27,22776539.0,1.7355884268200747,3985.0,60.0,3391.4816292366013,2471246.9110880615
22165,Texas,US,2021-04-29 04:30:35,31.0545,-97.5635,2886638,50098,,,48.0,9955.338139234327,,,,84000048.0,USA,78823.16112416105,,2021-04-28,22855470.0,1.7355137706910253,4215.0,71.0,3687.282430726569,2474934.193518788
22223,Texas,US,2021-04-30 04:30:59,31.0545,-97.5635,2890257,50164,,,48.0,9967.819222323336,,,,84000048.0,USA,79102.72496979829,,2021-04-29,22936532.0,1.7356242022768218,3619.0,66.0,3232.801192303188,2478166.9947110913
22281,Texas,US,2021-05-01 04:30:31,31.0545,-97.5635,2893928,50219,,,48.0,9980.479641229042,,,,84000048.0,USA,79327.88798519348,,2021-04-30,23001820.0,1.73532306263321,3671.0,55.0,3120.633700374514,2481287.628411466
22339,Texas,US,2021-05-02 04:30:59,31.0545,-97.5635,2895810,50274,,,48.0,9986.970218287212,,,,84000048.0,USA,79602.15797547245,,2021-05-01,23081347.0,1.7360945642151937,1882.0,55.0,1955.6691939714365,2483243.297605437
22397,Texas,US,2021-05-03 04:30:41,31.0545,-97.5635,2897110,50290,,,48.0,9991.453613704649,,,,84000048.0,USA,79872.88263460594,,2021-05-02,23159846.0,1.7358678130964995,1300.0,16.0,1058.9422836448066,2484302.239889082
22455,Texas,US,2021-05-04 04:30:32,31.0545,-97.5635,2901549,50331,,,48.0,10006.76268467235,,,,84000048.0,USA,80162.45824708689,,2021-05-03,23243811.0,1.7346251950251397,4439.0,41.0,3434.886405623518,2487737.1262947056
22513,Texas,US,2021-05-05 04:30:45,31.0545,-97.5635,2903934,50411,,,48.0,10014.987990880498,,,,84000048.0,USA,80269.78038708326,,2021-05-04,23274930.0,1.7359554314939665,2385.0,80.0,2615.0976989134215,2490352.223993619
22571,Texas,US,2021-05-06 04:30:57,31.0545,-97.5635,2906362,50471,,,48.0,10023.361594013992,,,,84000048.0,USA,80320.76004174522,,2021-05-05,23289712.0,1.7365696358540332,2428.0,60.0,2377.591334955301,2492729.8153285743
22629,Texas,US,2021-05-07 04:30:42,31.0545,-97.5635,2909076,50527,,,48.0,10032.721544139322,,,,84000048.0,USA,80517.17414621753,,2021-05-06,23346664.0,1.7368745264819485,2714.0,56.0,2510.727934760973,2495240.5432633352
22687,Texas,US,2021-05-08 04:30:57,31.0545,-97.5635,2911927,50583,,,48.0,10042.553975166335,,,,84000048.0,USA,80641.24004371518,,2021-05-07,23382638.0,1.7370971181626462,2851.0,56.0,2599.939861746505,2497840.4831250818
22745,Texas,US,2021-05-09 04:31:08,31.0545,-97.5635,2913480,50626,,,48.0,10047.909908307322,,,,84000048.0,USA,80881.95009491175,,2021-05-08,23452434.0,1.7376470749756303,1553.0,43.0,1582.126020162832,2499422.6091452446
22803,Texas,US,2021-05-10 04:30:58,31.0545,-97.5635,2914504,50643,,,48.0,10051.44144438998,,,,84000048.0,USA,81123.9085992938,,2021-05-09,23522592.0,1.7376198488662222,1024.0,17.0,892.4914251640439,2500315.1005704086
22861,Texas,US,2021-05-11 04:31:00,31.0545,-97.5635,2917219,50665,,,48.0,10060.804843281016,,,,84000048.0,USA,81272.96770186082,,2021-05-10,23565813.0,1.7367568221652196,2715.0,22.0,2060.01689752331,2502375.117467932
22919,Texas,US,2021-05-12 04:31:06,31.0545,-97.5635,2920043,50719,,,48.0,10070.544157633976,,,,84000048.0,USA,81365.55671476235,,2021-05-11,23592660.0,1.736926476767637,2824.0,54.0,2555.8072303533554,2504930.9246982853
22977,Texas,US,2021-05-13 04:31:15,31.0545,-97.5635,2922680,50785,,,48.0,10079.638552799965,,,,84000048.0,USA,81523.42741370747,,2021-05-12,23638436.0,1.7376175291171116,2637.0,66.0,2593.340518581681,2507524.265216867
