,Province_State,Country_Region,Last_Update,Lat,Long_,Confirmed,Deaths,Recovered,Active,FIPS,Incident_Rate,People_Tested,People_Hospitalized,Mortality_Rate,UID,ISO3,Testing_Rate,Hospitalization_Rate,date,Total_Test_Results,Case_Fatality_Ratio
36,North Carolina,US,2020-04-12 23:18:15,35.6301,-79.8064,4570,89,,4481.0,37.0,46.07841902,62139.0,331.0,1.947483589,84000037.0,USA,626.5354222,7.242888402999999,2020-04-12,,
96,North Carolina,US,2020-04-13 23:07:54,35.6301,-79.8064,4886,94,,4792.0,37.0,49.264585407660405,63388.0,313.0,1.9238641015145312,84000037.0,USA,639.1288456448584,6.406058125255831,2020-04-13,,
155,North Carolina,US,2020-04-14 23:33:31,35.6301,-79.8064,5113,112,,5001.0,37.0,51.55338215,65039.0,418.0,2.190494817,84000037.0,USA,655.7755568,8.175239585,2020-04-14,,
214,North Carolina,US,2020-04-15 22:56:51,35.6301,-79.8064,5340,130,,5210.0,37.0,53.842178894168356,67827.0,431.0,2.4344569288389515,84000037.0,USA,683.8864172012654,8.071161048689138,2020-04-15,,
273,North Carolina,US,2020-04-16 23:30:51,35.6301,-79.8064,5639,150,,5489.0,37.0,56.85693760004033,70917.0,452.0,2.6600461074658632,84000037.0,USA,715.0422847636212,8.015605603830467,2020-04-16,,
332,North Carolina,US,2020-04-17 23:30:52,35.6301,-79.8064,6045,177,,5868.0,37.0,60.950556444802935,72981.0,429.0,2.9280397022332507,84000037.0,USA,735.8531943586706,7.096774193548387,2020-04-17,,
391,North Carolina,US,2020-04-18 22:32:47,35.6301,-79.8064,6328,187,,6141.0,37.0,63.803990270093145,76211.0,388.0,2.9551201011378003,84000037.0,USA,768.420654626117,6.131479140328697,2020-04-18,,
450,North Carolina,US,2020-04-19 23:41:01,35.6301,-79.8064,6601,200,,6401.0,37.0,66.55659604501972,78772.0,465.0,3.0298439630359035,84000037.0,USA,794.2427183242378,7.044387214058477,2020-04-19,,
509,North Carolina,US,2020-04-20 23:36:47,35.6301,-79.8064,6895,218,,6677.0,37.0,69.52094072570989,79484.0,373.0,3.161711385061639,84000037.0,USA,801.4216755101268,5.409717186366931,2020-04-20,,
568,North Carolina,US,2020-04-21 23:40:34,35.6301,-79.8064,7134,245,,6889.0,37.0,71.9307311294002,83331.0,427.0,3.4342584805158403,84000037.0,USA,840.2102264850081,5.985421923184749,2020-04-21,,
627,North Carolina,US,2020-04-22 23:40:26,35.6301,-79.8064,7495,265,,7230.0,37.0,75.57062374752655,90336.0,434.0,3.535690460306871,84000037.0,USA,910.8402757647176,5.790527018012008,2020-04-22,,
686,North Carolina,US,2020-04-24 03:33:00,35.6301,-79.8064,7820,281,,7539.0,37.0,78.84753538434394,96185.0,486.0,3.5933503836317136,84000037.0,USA,969.8146024223939,6.2148337595907925,2020-04-23,,
745,North Carolina,US,2020-04-25 06:32:46,35.6301,-79.8064,8290,294,,7996.0,37.0,83.58645375143365,100584.0,477.0,3.5464414957780463,84000037.0,USA,1014.1688617773464,5.753920386007238,2020-04-24,,
804,North Carolina,US,2020-04-26 02:32:45,35.6301,-79.8064,8768,305,,8463.0,37.0,88.40603455881426,105265.0,456.0,3.478558394160584,84000037.0,USA,1061.366472152553,5.200729927007299,2020-04-25,,
863,North Carolina,US,2020-04-27 02:32:46,35.6301,-79.8064,8997,324,,8673.0,37.0,90.71499691214096,107894.0,451.0,3.601200400133378,84000037.0,USA,1087.8741665931461,5.012782038457264,2020-04-26,,
922,North Carolina,US,2020-04-28 02:32:46,35.6301,-79.8064,9321,340,,8981.0,37.0,95.06068588281259,109920.0,473.0,3.6062791684344506,84000037.0,USA,1108.3019295968138,5.016970725498515,2020-04-27,,
981,North Carolina,US,2020-04-29 02:32:33,35.6301,-79.8064,9755,363,,9392.0,37.0,98.35776312970268,112752.0,,3.72116863147104,84000037.0,USA,1136.8564334597886,,2020-04-28,,
1040,North Carolina,US,2020-04-30 02:32:31,35.6301,-79.8064,10180,382,,9798.0,37.0,102.64295527015615,118440.0,,3.7524557956778,84000037.0,USA,1194.2074285066105,,2020-04-29,,
1099,North Carolina,US,2020-05-01 02:32:32,35.6301,-79.8064,10754,406,0.0,10348.0,37.0,108.43048536102744,128036.0,,3.775339408592152,84000037.0,USA,1290.9620256355315,,2020-04-30,,
1157,North Carolina,US,2020-05-02 02:32:31,35.6301,-79.8064,11070,419,0.0,10651.0,37.0,111.61665175251757,133832.0,,3.7850045167118336,84000037.0,USA,1349.4019636262808,,2020-05-01,,
1215,North Carolina,US,2020-05-03 02:32:33,35.6301,-79.8064,11588,431,0.0,11157.0,37.0,116.8395447613526,139475.0,,3.719364860200207,84000037.0,USA,1406.2992324464667,,2020-05-02,,
1273,North Carolina,US,2020-05-04 02:32:32,35.6301,-79.8064,11770,434,0.0,11336.0,37.0,118.67461527797032,143835.0,,3.6873406966864914,84000037.0,USA,1450.260262405001,,2020-05-03,,
1331,North Carolina,US,2020-05-05 02:32:38,35.6301,-79.8064,11971,442,0.0,11529.0,37.0,120.70125909027892,146439.0,,3.6922562860245587,84000037.0,USA,1476.5158867196853,,2020-05-04,,
1389,North Carolina,US,2020-05-06 02:32:35,35.6301,-79.8064,12510,472,,12038.0,37.0,126.13589100487756,151800.0,,3.772981614708233,84000037.0,USA,1530.5698045196173,,2020-05-05,,
1447,North Carolina,US,2020-05-07 02:32:32,35.6301,-79.8064,13053,492,,12561.0,37.0,131.61085413962164,164482.0,,3.7692484486324975,84000037.0,USA,1658.4399379907488,,2020-05-06,,
1505,North Carolina,US,2020-05-08 02:32:36,35.6301,-79.8064,13540,513,,13027.0,37.0,136.5211801923295,171328.0,,3.78877400295421,84000037.0,USA,1727.4668212696772,,2020-05-07,,
1563,North Carolina,US,2020-05-09 02:32:39,35.6301,-79.8064,14006,530,,13476.0,37.0,141.21976733927374,178613.0,,3.7840925317720977,84000037.0,USA,1800.920055959568,,2020-05-08,,
1621,North Carolina,US,2020-05-10 02:32:34,35.6301,-79.8064,14478,551,,13927.0,37.0,145.97885131643622,186362.0,,3.8057742782152233,84000037.0,USA,1879.0517121863306,,2020-05-09,,
1679,North Carolina,US,2020-05-11 02:32:34,35.6301,-79.8064,14938,564,,14374.0,37.0,150.61694163316238,192135.0,,3.7756058374615074,84000037.0,USA,1937.259745661243,,2020-05-10,,
1737,North Carolina,US,2020-05-12 03:32:31,35.6301,-79.8064,15274,575,9115.0,5584.0,37.0,154.0047641253797,195865.0,,3.7645672384444153,84000037.0,USA,1974.8686084468698,,2020-05-11,,
1795,North Carolina,US,2020-05-13 03:32:30,35.6301,-79.8064,15622,600,9115.0,5907.0,37.0,157.51358027803334,202244.0,,3.840737421584944,84000037.0,USA,2039.1868217738172,,2020-05-12,,
1853,North Carolina,US,2020-05-14 03:32:32,35.6301,-79.8064,16352,625,9115.0,6612.0,37.0,164.87402795457697,210457.0,,3.8221624266144816,84000037.0,USA,2121.9968995374506,,2020-05-13,,
1911,North Carolina,US,2020-05-15 02:33:07,35.6301,-79.8064,16968,641,9115.0,7212.0,37.0,161.78360127550462,219268.0,,3.7776991984912778,84000037.0,USA,2090.6392435453413,,2020-05-14,,
1969,North Carolina,US,2020-05-16 02:32:24,35.6301,-79.8064,17494,667,9115.0,7712.0,37.0,166.7988166380056,231547.0,,3.812735795129759,84000037.0,USA,2207.714964906841,,2020-05-15,,
2027,North Carolina,US,2020-05-17 02:32:37,35.6301,-79.8064,18130,676,9115.0,8339.0,37.0,172.86284129684697,238586.0,,3.7286265857694434,84000037.0,USA,2274.829225242666,,2020-05-16,,
2085,North Carolina,US,2020-05-18 02:32:26,35.6301,-79.8064,18673,686,9115.0,8872.0,37.0,178.0401453687823,248944.0,,3.67375354790339,84000037.0,USA,2373.588922438073,,2020-05-17,,
2143,North Carolina,US,2020-05-19 02:32:23,35.6301,-79.8064,19207,693,11637.0,6877.0,37.0,183.13163777101713,255755.0,,3.60805956161816,84000037.0,USA,2438.529287141484,,2020-05-18,,
2201,North Carolina,US,2020-05-20 02:32:25,35.6301,-79.8064,19239,693,11637.0,6909.0,37.0,183.4367459299525,265008.0,,3.6020583190394517,84000037.0,USA,2526.7532182236528,,2020-05-19,,
2259,North Carolina,US,2020-05-21 02:32:54,35.6301,-79.8064,20262,726,11637.0,7899.0,37.0,193.19067238591907,277603.0,,3.5830618892508137,84000037.0,USA,2646.8418826546394,,2020-05-20,,
2317,North Carolina,US,2020-05-22 02:36:57,35.6301,-79.8064,20512,728,11637.0,8147.0,37.0,195.57432987760205,290645.0,,3.549141965678627,84000037.0,USA,2771.192526680755,,2020-05-21,,
2375,North Carolina,US,2020-05-23 02:32:47,35.6301,-79.8064,22110,775,11637.0,9698.0,37.0,210.81066856443942,303224.0,,3.5052012663952965,84000037.0,USA,2891.128637032274,,2020-05-22,,
2433,North Carolina,US,2020-05-24 02:32:48,35.6301,-79.8064,22864,778,11637.0,10449.0,37.0,217.9997795593552,329582.0,,3.4027291812456264,84000037.0,USA,3142.44241369539,,2020-05-23,,
2491,North Carolina,US,2020-05-25 02:32:50,35.6301,-79.8064,23365,784,11637.0,10944.0,37.0,222.7766291726878,336656.0,,3.355446180184036,84000037.0,USA,3209.8903860800506,,2020-05-24,,
2549,North Carolina,US,2020-05-26 02:32:41,35.6301,-79.8064,24057,790,14954.0,8313.0,37.0,229.37459310966614,344690.0,,3.283867481398345,84000037.0,USA,3286.491603232773,,2020-05-25,,
2607,North Carolina,US,2020-05-27 02:32:37,35.6301,-79.8064,24455,801,14954.0,8700.0,37.0,233.16937583642544,352331.0,,3.275403802903292,84000037.0,USA,3359.3457108085713,,2020-05-26,,
2665,North Carolina,US,2020-05-28 02:32:37,35.6301,-79.8064,24916,844,14954.0,9118.0,37.0,237.56484025108875,364156.0,,3.3873816021833365,84000037.0,USA,3472.092710165174,,2020-05-27,,
2723,North Carolina,US,2020-05-29 02:32:58,35.6301,-79.8064,25800,876,14954.0,9970.0,37.0,245.99345314167962,375192.0,,3.3953488372093017,84000037.0,USA,3577.316886478026,,2020-05-28,,
2781,North Carolina,US,2020-05-30 02:32:55,35.6301,-79.8064,26885,919,14954.0,11012.0,37.0,256.3385266555836,391231.0,,3.418262971917426,84000037.0,USA,3730.2428165144374,,2020-05-29,,
2839,North Carolina,US,2020-05-31 02:32:52,35.6301,-79.8064,27794,929,14954.0,11911.0,37.0,265.0055052953428,404157.0,,3.3424480103619487,84000037.0,USA,3853.487443464412,,2020-05-30,,
2897,North Carolina,US,2020-06-01 02:32:54,35.6301,-79.8064,28785,937,14954.0,12894.0,37.0,274.45432359237395,416289.0,,3.2551676220253603,84000037.0,USA,3969.1615742208014,,2020-05-31,,
2955,North Carolina,US,2020-06-02 02:33:16,35.6301,-79.8064,29592,948,18860.0,9784.0,37.0,282.1487699755265,421908.0,,3.203568532035685,84000037.0,USA,4022.736660003867,,2020-06-01,,
3013,North Carolina,US,2020-06-03 02:33:21,35.6301,-79.8064,30023,961,18860.0,10202.0,37.0,286.25819549118785,434921.0,,3.200879325850181,84000037.0,USA,4146.810799760948,,2020-06-02,,
3071,North Carolina,US,2020-06-04 02:33:23,35.6301,-79.8064,31276,999,18860.0,11417.0,37.0,298.2050868395028,449263.0,,3.19414247346208,84000037.0,USA,4283.556462743814,,2020-06-03,,
3129,North Carolina,US,2020-06-05 02:33:15,35.6301,-79.8064,32075,1006,18860.0,12209.0,37.0,305.8232561829215,468302.0,,3.1363990646921276,84000037.0,USA,4465.086282680421,,2020-06-04,,
3187,North Carolina,US,2020-06-06 02:33:09,35.6301,-79.8064,33295,1015,18860.0,13420.0,37.0,317.45550474233426,482147.0,,3.0485057816488963,84000037.0,USA,4597.093234569822,,2020-06-05,,
3245,North Carolina,US,2020-06-07 03:53:50,35.6301,-79.8064,34718,1028,18860.0,14830.0,37.0,331.02328318499355,497350.0,,2.961000057607005,84000037.0,USA,4742.0482139540445,,2020-06-06,,
3303,North Carolina,US,2020-06-08 03:33:42,35.6301,-79.8064,35625,1032,18860.0,15733.0,37.0,339.67119256481925,511226.0,,2.896842105263158,84000037.0,USA,4874.350739372416,,2020-06-07,,
3361,North Carolina,US,2020-06-09 03:33:19,35.6301,-79.8064,36517,1041,23653.0,11823.0,37.0,348.176082495144,520113.0,,2.850727058630227,84000037.0,USA,4959.08499588676,,2020-06-08,,
3419,North Carolina,US,2020-06-10 04:07:14,35.6301,-79.8064,37227,1068,23653.0,12506.0,37.0,354.94566977152357,535711.0,,2.8688854863405586,84000037.0,USA,5107.806154107843,,2020-06-09,,
3477,North Carolina,US,2020-06-11 03:33:54,35.6301,-79.8064,38473,1090,23653.0,13730.0,37.0,366.8258187100714,553650.0,,2.833155719595561,84000037.0,USA,5278.847881081044,,2020-06-10,,
3535,North Carolina,US,2020-06-12 05:10:05,35.6301,-79.8064,39584,1106,23653.0,14825.0,37.0,377.4187926031104,572677.0,,2.7940582053354897,84000037.0,USA,5460.26328545805,,2020-06-11,,
3593,North Carolina,US,2020-06-13 03:33:25,35.6301,-79.8064,41417,1121,23653.0,16643.0,37.0,394.89576933212965,595697.0,,2.706618055387884,84000037.0,USA,5679.750467292216,,2020-06-12,,
3651,North Carolina,US,2020-06-14 03:33:28,35.6301,-79.8064,42845,1127,23653.0,18065.0,37.0,408.51122092462265,611690.0,,2.6304119500525154,84000037.0,USA,5832.237804350157,,2020-06-13,,
3709,North Carolina,US,2020-06-15 03:33:25,35.6301,-79.8064,44264,1132,23653.0,19479.0,37.0,422.04086084741516,627130.0,,2.5573829748780046,84000037.0,USA,5979.452491036494,,2020-06-14,,
3767,North Carolina,US,2020-06-16 04:33:22,35.6301,-79.8064,45114,1140,29219.0,14755.0,37.0,430.14529631913706,638479.0,,2.526931772842133,84000037.0,USA,6087.661006528933,,2020-06-15,,
3825,North Carolina,US,2020-06-17 04:33:33,35.6301,-79.8064,45907,1169,29219.0,15519.0,37.0,437.70625788275527,651421.0,,2.5464526107129632,84000037.0,USA,6211.058187558377,,2020-06-16,,
3883,North Carolina,US,2020-06-18 04:33:30,35.6301,-79.8064,46934,1181,29219.0,16534.0,37.0,447.4983228585888,667422.0,,2.516299484382324,84000037.0,USA,6363.621801656051,,2020-06-17,,
3941,North Carolina,US,2020-06-19 04:33:29,35.6301,-79.8064,48167,1188,29219.0,17760.0,37.0,459.25452160756913,693678.0,,2.4705711379160005,84000037.0,USA,6613.963046062559,,2020-06-18,,
3999,North Carolina,US,2020-06-20 04:33:32,35.6301,-79.8064,49785,1202,29219.0,19364.0,37.0,459.25452160756913,712313.0,,2.4705711379160005,84000037.0,USA,6791.640875492608,,2020-06-19,,
4057,North Carolina,US,2020-06-21 04:33:37,35.6301,-79.8064,51390,1215,29219.0,20956.0,37.0,489.9846339903456,731341.0,,2.3642732049036783,84000037.0,USA,6973.065814499579,,2020-06-20,,
4115,North Carolina,US,2020-06-22 04:33:33,35.6301,-79.8064,52801,1223,29219.0,22359.0,37.0,489.9846339903456,745775.0,,2.3642732049036783,84000037.0,USA,7110.688663439385,,2020-06-21,,
4173,North Carolina,US,2020-06-23 04:33:35,35.6301,-79.8064,53964,1278,36921.0,15765.0,37.0,514.5267715247132,757345.0,,2.3682454969979987,84000037.0,USA,7221.004332154472,,2020-06-22,,
4231,North Carolina,US,2020-06-24 04:33:41,35.6301,-79.8064,54639,1296,36921.0,16422.0,37.0,520.9626467522571,773828.0,,2.3719321363860977,84000037.0,USA,7378.163637896111,,2020-06-23,,
4289,North Carolina,US,2020-06-25 05:27:08,35.6301,-79.8064,56527,1325,36921.0,18281.0,37.0,538.9640281294467,791285.0,,2.344012595750703,84000037.0,USA,7544.609673225348,,2020-06-24,,
4347,North Carolina,US,2020-06-26 04:33:54,35.6301,-79.8064,57472,1336,36921.0,19215.0,37.0,547.9742534480082,811278.0,,2.324610244988864,84000037.0,USA,7735.2355301502175,,2020-06-25,,
4405,North Carolina,US,2020-06-27 04:33:48,35.6301,-79.8064,59158,1348,36921.0,20889.0,37.0,564.0496395719181,836725.0,,2.278643632306704,84000037.0,USA,7977.8632589136405,,2020-06-26,,
4463,North Carolina,US,2020-06-28 04:34:18,35.6301,-79.8064,60812,1353,36921.0,22538.0,37.0,579.8199175368924,855131.0,,2.2248898243767683,84000037.0,USA,8153.357658081303,,2020-06-27,,
4521,North Carolina,US,2020-06-29 04:33:57,35.6301,-79.8064,62248,1352,36921.0,23975.0,37.0,593.5116461691192,871905.0,,2.1719573319624725,84000037.0,USA,8313.291541143262,,2020-06-28,,
4579,North Carolina,US,2020-06-30 04:34:02,35.6301,-79.8064,63736,1357,45538.0,16841.0,37.0,607.699175559616,886305.0,,2.129095016944898,84000037.0,USA,8450.590212664201,,2020-06-29,,
4637,North Carolina,US,2020-07-01 04:34:05,35.6301,-79.8064,65327,1380,45538.0,18409.0,37.0,622.8687718366863,910033.0,,2.112449676244126,84000037.0,USA,8676.827912514813,,2020-06-30,,
4695,North Carolina,US,2020-07-02 04:33:59,35.6301,-79.8064,66751,1398,45538.0,19815.0,37.0,636.4460849093123,942238.0,,2.094350646432263,84000037.0,USA,8983.890670593408,,2020-07-01,,
4753,North Carolina,US,2020-07-03 04:34:05,35.6301,-79.8064,68216,1409,45538.0,21269.0,37.0,650.4143178105743,971120.0,,2.065497830421016,84000037.0,USA,9259.269853292557,,2020-07-02,,
4811,North Carolina,US,2020-07-04 04:34:04,35.6301,-79.8064,70262,1419,45538.0,23305.0,37.0,669.9221707225075,999293.0,,2.019583843329253,84000037.0,USA,9527.88898334529,,2020-07-03,,
4869,North Carolina,US,2020-07-05 04:34:00,35.6301,-79.8064,71670,1422,45538.0,24710.0,37.0,683.3469297156659,1018296.0,,1.9840937630807869,84000037.0,USA,9709.075556603091,,2020-07-04,,
4927,North Carolina,US,2020-07-06 04:34:10,35.6301,-79.8064,72992,1423,45538.0,26031.0,37.0,695.9517105316852,1036838.0,,1.9495287154756689,84000037.0,USA,9885.866665446234,,2020-07-05,,
4985,North Carolina,US,2020-07-07 04:34:13,35.6301,-79.8064,74775,1432,55318.0,18025.0,37.0,712.951955762368,1051846.0,,1.9150785690404544,84000037.0,USA,10028.962391986945,,2020-07-06,,
5043,North Carolina,US,2020-07-08 05:34:00,35.6301,-79.8064,76290,1446,55318.0,19526.0,37.0,727.3969201619667,1071290.0,,1.8953991348800632,84000037.0,USA,10214.353737060075,,2020-07-07,,
5101,North Carolina,US,2020-07-09 04:34:36,35.6301,-79.8064,77687,1462,55318.0,20907.0,37.0,740.7167982254911,1096682.0,,1.8819107443973893,84000037.0,USA,10456.45706117533,,2020-07-08,,
5159,North Carolina,US,2020-07-10 04:34:42,35.6301,-79.8064,79656,1477,55318.0,22861.0,37.0,759.4904846299858,1121811.0,,1.8542231595862209,84000037.0,USA,10696.052777609333,,2020-07-09,,
5217,North Carolina,US,2020-07-11 04:34:39,35.6301,-79.8064,82032,1497,55318.0,25217.0,37.0,782.1447654309405,1150612.0,,1.8248976009362199,84000037.0,USA,10970.659655281175,,2020-07-10,,
5275,North Carolina,US,2020-07-12 04:34:43,35.6301,-79.8064,83906,1513,55318.0,27075.0,37.0,800.0126619885957,1176058.0,,1.8032083522036564,84000037.0,USA,11213.277849414631,,2020-07-11,,
5333,North Carolina,US,2020-07-13 04:43:16,35.6301,-79.8064,85771,1522,55318.0,28931.0,37.0,817.7947468765506,1199575.0,,1.7744925440999872,84000037.0,USA,11437.503742342264,,2020-07-12,,
5391,North Carolina,US,2020-07-14 04:34:58,35.6301,-79.8064,87669,1529,67124.0,19016.0,37.0,835.8914745534074,1220486.0,,1.7440600440292464,84000037.0,USA,11636.882389576593,,2020-07-13,,
5449,North Carolina,US,2020-07-15 04:34:53,35.6301,-79.8064,90000,1571,67124.0,21305.0,37.0,858.1166970058592,1254846.0,,1.7455555555555555,84000037.0,USA,11964.492275233491,,2020-07-14,,
5507,North Carolina,US,2020-07-16 04:45:12,35.6301,-79.8064,91837,1589,67124.0,23124.0,37.0,875.6318122547455,1284637.0,,1.7302394459749342,84000037.0,USA,12248.5384365724,,2020-07-15,,
5565,North Carolina,US,2020-07-17 04:35:02,35.6301,-79.8064,93708,1607,67124.0,24977.0,37.0,893.4711049225008,1312757.0,,1.7149016092542793,84000037.0,USA,12516.652231236896,,2020-07-16,,
5623,North Carolina,US,2020-07-18 04:34:58,35.6301,-79.8064,95570,1623,67124.0,26823.0,37.0,911.2245859205552,1343974.0,,1.698231662655645,84000037.0,USA,12814.294774908365,,2020-07-17,,
5681,North Carolina,US,2020-07-19 04:35:12,35.6301,-79.8064,98092,1648,67124.0,29320.0,37.0,935.2709226966526,1379143.0,,1.6800554581413367,84000037.0,USA,13149.618176208352,,2020-07-18,,
5739,North Carolina,US,2020-07-20 05:34:58,35.6301,-79.8064,99803,1652,67124.0,31027.0,37.0,951.5846745697307,1394864.0,,1.6552608639018866,84000037.0,USA,13299.512093915342,,2020-07-19,,
5797,North Carolina,US,2020-07-21 04:38:59,35.6301,-79.8064,101231,1677,78707.0,20847.0,37.0,965.2001261622237,1423888.0,,1.6566071657891357,84000037.0,USA,13576.245194069763,,2020-07-20,,
5855,North Carolina,US,2020-07-22 04:34:54,35.6301,-79.8064,103216,1705,78707.0,22804.0,37.0,984.1263666461864,1458997.0,,1.6518756781894282,84000037.0,USA,13910.996517571753,,2020-07-21,,
5913,North Carolina,US,2020-07-23 05:15:18,35.6301,-79.8064,105276,1732,78707.0,24837.0,37.0,1003.7677043776537,1491820.0,,1.6451992856871462,84000037.0,USA,14223.951676969788,,2020-07-22,,
5971,North Carolina,US,2020-07-24 05:30:54,35.6301,-79.8064,107125,1756,78707.0,26662.0,37.0,1021.3972351861407,1523675.0,,1.6392065344224038,84000037.0,USA,14527.677314560031,,2020-07-23,,
6029,North Carolina,US,2020-07-25 04:47:52,35.6301,-79.8064,109728,1789,78707.0,29232.0,37.0,1046.2158769895436,1550297.0,,1.6303951589384658,84000037.0,USA,14781.50823353436,,2020-07-24,,
6087,North Carolina,US,2020-07-26 04:35:13,35.6301,-79.8064,111421,1811,78707.0,30903.0,37.0,1062.3580055232203,1579042.0,,1.6253668518501898,84000037.0,USA,15055.581171928066,,2020-07-25,,
6145,North Carolina,US,2020-07-27 04:35:15,35.6301,-79.8064,112937,1817,78707.0,32413.0,37.0,1076.8125045527859,1613385.0,,1.6088615776937585,84000037.0,USA,15383.028968875537,,2020-07-26,,
6203,North Carolina,US,2020-07-28 04:59:02,35.6301,-79.8064,114916,1838,92302.0,20776.0,37.0,1095.6815372569479,1635476.0,,1.5994291482474154,84000037.0,USA,15593.658479470609,,2020-07-27,,
6261,North Carolina,US,2020-07-29 04:35:24,35.6301,-79.8064,116700,1860,92302.0,22538.0,37.0,1112.6913171175977,1663540.0,,1.5938303341902311,84000037.0,USA,15861.238334856967,,2020-07-28,,
6319,North Carolina,US,2020-07-30 04:35:17,35.6301,-79.8064,118387,1888,92302.0,24197.0,37.0,1128.776237871474,1691434.0,,1.5947696959970268,84000037.0,USA,16127.197303148985,,2020-07-29,,
6377,North Carolina,US,2020-07-31 04:35:31,35.6301,-79.8064,120532,1922,92302.0,26308.0,37.0,1149.2280191501136,1724924.0,,1.594597285368201,84000037.0,USA,16446.512060734833,,2020-07-30,,
6435,North Carolina,US,2020-08-01 04:36:46,35.6301,-79.8064,122298,1942,92302.0,28054.0,37.0,1166.066175671362,1757102.0,,1.5879245776709352,84000037.0,USA,16753.317383804326,,2020-07-31,,
6493,North Carolina,US,2020-08-02 04:35:05,35.6301,-79.8064,124006,1979,92302.0,29725.0,37.0,1182.3513236545398,1786412.0,,1.5958905214263823,84000037.0,USA,17032.777388129234,,2020-08-01,,
6551,North Carolina,US,2020-08-03 04:34:47,35.6301,-79.8064,125330,1983,92302.0,31045.0,37.0,1194.9751737304925,1813510.0,,1.5822229314609433,84000037.0,USA,17291.14679096773,,2020-08-02,,
6609,North Carolina,US,2020-08-04 04:42:12,35.6301,-79.8064,127630,2043,105093.0,20494.0,37.0,1216.9048226539758,1837410.0,,1.6007208336597978,84000037.0,USA,17519.02444717262,,2020-08-03,,
6667,North Carolina,US,2020-08-05 04:34:56,35.6301,-79.8064,128715,2061,105093.0,21561.0,37.0,1227.2498961678796,1854026.0,,1.6012119799557158,84000037.0,USA,17677.451858699835,,2020-08-04,,
6725,North Carolina,US,2020-08-06 04:35:14,35.6301,-79.8064,129733,2085,105093.0,22555.0,37.0,1236.9561494740124,1873668.0,,1.6071469865030483,84000037.0,USA,17864.731060506383,,2020-08-05,,
6783,North Carolina,US,2020-08-07 04:35:29,35.6301,-79.8064,131802,2126,105093.0,24583.0,37.0,1256.6832988751805,1904750.0,,1.6130255990045674,84000037.0,USA,18161.086429132338,,2020-08-06,,
6841,North Carolina,US,2020-08-08 04:35:11,35.6301,-79.8064,133337,2160,105093.0,26084.0,37.0,1271.3189558741142,1939812.0,,1.619955451225091,84000037.0,USA,18495.389625025888,,2020-08-07,,
6899,North Carolina,US,2020-08-09 04:35:07,35.6301,-79.8064,134948,2184,105093.0,27671.0,37.0,1286.6792447505188,1969766.0,,1.6184011619290393,84000037.0,USA,18780.989931049367,,2020-08-08,,
6957,North Carolina,US,2020-08-10 04:35:08,35.6301,-79.8064,136346,2192,105093.0,29061.0,37.0,1300.0086574440095,1986548.0,,1.6076745925806404,84000037.0,USA,18941.000091151058,,2020-08-09,,
7015,North Carolina,US,2020-08-11 04:35:27,35.6301,-79.8064,137562,2199,105093.0,30270.0,37.0,1311.6027674835555,2001919.0,,1.5985519256771492,84000037.0,USA,19087.556888369694,,2020-08-10,,
7073,North Carolina,US,2020-08-12 04:30:24,35.6301,-79.8064,138743,2248,116969.0,19526.0,37.0,1322.8631654742658,2017498.0,,1.6202619231240496,84000037.0,USA,19236.09688862141,,2020-08-11,,
7131,North Carolina,US,2020-08-13 04:30:24,35.6301,-79.8064,139739,2280,116969.0,20490.0,37.0,1332.3596569211306,1823283.0,,1.6387694201332483,84000037.0,USA,17384.3287296326,,2020-08-12,,
7189,North Carolina,US,2020-08-14 04:30:24,35.6301,-79.8064,140824,2287,116969.0,21568.0,37.0,1342.704730435035,1850689.0,,1.6240129523376696,84000037.0,USA,17645.63479850085,,2020-08-13,,
7247,North Carolina,US,2020-08-15 04:30:23,35.6301,-79.8064,142170,2313,116969.0,22888.0,37.0,1355.5383423702554,1877402.0,,1.6269255117113317,84000037.0,USA,17900.333368802156,,2020-08-14,,
7305,North Carolina,US,2020-08-16 04:30:18,35.6301,-79.8064,143704,2343,116969.0,24392.0,37.0,1370.1644647392222,1903401.0,,1.6304347826086956,84000037.0,USA,18148.224213307218,,2020-08-15,,
7363,North Carolina,US,2020-08-17 04:30:23,35.6301,-79.8064,144952,2347,116969.0,25636.0,37.0,1382.0636829377033,1924646.0,,1.6191566863513438,84000037.0,USA,18350.787426950432,,2020-08-16,,
7421,North Carolina,US,2020-08-18 04:30:23,35.6301,-79.8064,145516,2348,127749.0,15419.0,37.0,1387.4412142389401,1935472.0,,1.6135682674070206,84000037.0,USA,18454.009330970268,,2020-08-17,,
7479,North Carolina,US,2020-08-19 04:30:00,35.6301,-79.8064,146779,2396,127749.0,16634.0,37.0,1399.483452,1951120.0,,1.632386104,84000037.0,USA,18603.20722,,2020-08-18,,
7537,North Carolina,US,2020-08-20 04:30:22,35.6301,-79.8064,147925,2431,127749.0,17745.0,37.0,1410.410137828797,1978094.0,,1.643400371810039,84000037.0,USA,18860.39432941232,,2020-08-19,,
7595,North Carolina,US,2020-08-21 04:30:30,35.6301,-79.8064,149904,2465,127749.0,19690.0,37.0,1429.2791705329596,2003307.0,,1.6443857402070658,84000037.0,USA,19100.79095476352,,2020-08-20,,
7653,North Carolina,US,2020-08-22 04:30:29,35.6301,-79.8064,151910,2494,127749.0,21667.0,37.0,1448.4056382462231,2030885.0,,1.6417615693502732,84000037.0,USA,19363.73697998605,,2020-08-21,,
7711,North Carolina,US,2020-08-23 04:30:28,35.6301,-79.8064,153640,2521,127749.0,23370.0,37.0,1464.9005480886692,2052118.0,,1.6408487373079927,84000037.0,USA,19566.185778069663,,2020-08-22,,
7769,North Carolina,US,2020-08-24 04:30:23,35.6301,-79.8064,155113,2531,127749.0,24833.0,37.0,1478.945058029665,2078472.0,,1.6317136539168218,84000037.0,USA,19817.461416212915,,2020-08-23,,
7827,North Carolina,US,2020-08-25 04:30:29,35.6301,-79.8064,156396,2535,136630.0,17231.0,37.0,1491.1779882769818,2087695.0,,1.6208854446405279,84000037.0,USA,19905.39930839608,,2020-08-24,,
7885,North Carolina,US,2020-08-26 04:30:22,35.6301,-79.8064,157741,2570,136630.0,18541.0,37.0,1504.0020655822361,2102359.0,,1.6292530160199314,84000037.0,USA,20045.215122228234,,2020-08-25,,
7943,North Carolina,US,2020-08-27 04:30:22,35.6301,-79.8064,158985,2606,136630.0,19749.0,37.0,1515.8631452608506,2121001.0,,1.6391483473283643,84000037.0,USA,20222.95969406805,,2020-08-26,,
8001,North Carolina,US,2020-08-28 04:30:22,35.6301,-79.8064,161076,2630,136630.0,21816.0,37.0,1535.8000565212867,2152725.0,,1.6327696242767389,84000037.0,USA,20525.436295132648,,2020-08-27,,
8059,North Carolina,US,2020-08-29 04:30:22,35.6301,-79.8064,162491,2652,136630.0,23209.0,37.0,1549.291557924212,2182891.0,,1.6320903926986725,84000037.0,USA,20813.057942709078,,2020-08-28,,
8117,North Carolina,US,2020-08-30 04:30:24,35.6301,-79.8064,165076,2683,136630.0,25763.0,37.0,1573.9385763882135,2218149.0,,1.6253119775133875,84000037.0,USA,21149.229926076103,,2020-08-29,,
8175,North Carolina,US,2020-08-31 04:30:24,35.6301,-79.8064,166127,2692,136630.0,26805.0,37.0,1583.9594724832486,2243273.0,,1.6204470074099937,84000037.0,USA,21388.777969360275,,2020-08-30,,
8233,North Carolina,US,2020-09-01 04:30:22,35.6301,-79.8064,167309,2702,145884.0,18723.0,37.0,1595.2294051039255,2256172.0,,1.6149758829471217,84000037.0,USA,21511.765161301148,,2020-08-31,,
8291,North Carolina,US,2020-09-02 04:30:23,35.6301,-79.8064,169424,2741,145884.0,20799.0,37.0,1615.3951474835633,2295698.0,,1.6178345452828409,84000037.0,USA,21888.630945366192,,2020-09-01,,
8349,North Carolina,US,2020-09-03 04:30:31,35.6301,-79.8064,170553,2779,145884.0,21890.0,37.0,1626.1597447160034,2315310.0,,1.629405522037138,84000037.0,USA,22075.624108273725,,2020-09-02,,
8407,North Carolina,US,2020-09-04 04:30:31,35.6301,-79.8064,172201,2803,145884.0,23514.0,37.0,1641.8728149011774,2347837.0,,1.627748967776029,84000037.0,USA,22385.757017201617,,2020-09-03,,
8465,North Carolina,US,2020-09-05 04:30:29,35.6301,-79.8064,174253,2839,145884.0,25530.0,37.0,1661.437875592911,2389096.0,,1.6292402426357078,84000037.0,USA,22779.146314998998,,2020-09-04,,
8523,North Carolina,US,2020-09-06 04:30:30,35.6301,-79.8064,175815,2889,145884.0,27042.0,37.0,1676.330967600946,2410871.0,,1.6432045047350907,84000037.0,USA,22986.76288252459,,2020-09-05,,
8581,North Carolina,US,2020-09-07 04:30:33,35.6301,-79.8064,176901,2890,145884.0,28127.0,37.0,1686.6855757448168,2442950.0,,1.6336821159857773,84000037.0,USA,23292.624277227376,,2020-09-06,,
8639,North Carolina,US,2020-09-08 04:30:25,35.6301,-79.8064,177919,2897,156652.0,18370.0,37.0,1696.3918290509494,2459582.0,,1.6282690437783485,84000037.0,USA,23451.204242834057,,2020-09-07,,
8697,North Carolina,US,2020-09-09 04:30:32,35.6301,-79.8064,178635,2909,156652.0,19074.0,37.0,1703.2186241071295,2469977.0,,1.6284602681445406,84000037.0,USA,23550.316721338244,,2020-09-08,,
8755,North Carolina,US,2020-09-10 04:30:24,35.6301,-79.8064,179536,2958,156652.0,19926.0,37.0,1711.8093257071548,2490113.0,,1.6475804295517331,84000037.0,USA,23742.30603034835,,2020-09-09,,
8813,North Carolina,US,2020-09-11 04:30:23,35.6301,-79.8064,180754,2990,156652.0,21112.0,37.0,1723.4225050066339,2521839.0,,1.6541819268176643,84000037.0,USA,24044.80170067288,,2020-09-10,,
8871,North Carolina,US,2020-09-12 04:30:24,35.6301,-79.8064,182286,3023,156652.0,22611.0,37.0,1738.0295581156672,2558654.0,,1.6583829805909396,84000037.0,USA,24395.81910289811,,2020-09-11,,
8929,North Carolina,US,2020-09-13 04:32:00,35.6301,-79.8064,183738,3047,156652.0,24039.0,37.0,1751.8738408273618,2581132.0,,1.6583395922454802,84000037.0,USA,24610.138515290302,,2020-09-12,,
8987,North Carolina,US,2020-09-14 04:30:37,35.6301,-79.8064,184936,3052,156652.0,25232.0,37.0,1763.2963275275065,2616108.0,,1.6503006445473027,84000037.0,USA,24943.62173300672,,2020-09-13,,
9045,North Carolina,US,2020-09-15 03:30:30,35.6301,-79.8064,185780,3060,167257.0,15463.0,37.0,1771.343555219428,2634819.0,,1.6471094843363117,84000037.0,USA,25122.024194314232,,2020-09-14,,
9103,North Carolina,US,2020-09-16 04:30:32,35.6301,-79.8064,186887,3111,167257.0,16519.0,37.0,1781.8983905926002,2652440.0,,1.6646422704628998,84000037.0,USA,25290.03390895801,,2020-09-15,,
9161,North Carolina,US,2020-09-17 04:30:32,35.6301,-79.8064,188024,3149,167257.0,17618.0,37.0,1792.7392648647742,2683384.0,,1.674786197506701,84000037.0,USA,25585.07349864856,,2020-09-16,,
9219,North Carolina,US,2020-09-18 05:10:31,35.6301,-79.8064,189576,3180,167257.0,19139.0,37.0,1807.5370105731424,2714175.0,,1.677427522471199,84000037.0,USA,25878.6542899542,,2020-09-17,,
9277,North Carolina,US,2020-09-19 04:30:26,35.6301,-79.8064,190973,3207,167257.0,20509.0,37.0,1820.8568886366656,2749020.0,,1.6792949788713587,84000037.0,USA,26210.888471144965,,2020-09-18,,
9335,North Carolina,US,2020-09-20 04:30:31,35.6301,-79.8064,192247,3235,167257.0,21755.0,37.0,1833.0040072142826,2771020.0,,1.6827310699256686,84000037.0,USA,26420.650330413067,,2020-09-19,,
9393,North Carolina,US,2020-09-21 04:30:33,35.6301,-79.8064,193547,3243,167257.0,23047.0,37.0,1845.3990261710337,2804818.0,,1.6755620081943918,84000037.0,USA,26742.901754028662,,2020-09-20,,
9451,North Carolina,US,2020-09-22 04:30:33,35.6301,-79.8064,194355,3247,176422.0,14686.0,37.0,1853.103007184153,2817539.0,,1.6706542152247177,84000037.0,USA,26864.191781835463,,2020-09-21,,
9509,North Carolina,US,2020-09-23 04:30:25,35.6301,-79.8064,195548,3286,176422.0,15840.0,37.0,1864.477820734464,2824929.0,,1.6804058338617631,84000037.0,USA,26934.65269728961,,2020-09-22,,
9567,North Carolina,US,2020-09-24 04:30:25,35.6301,-79.8064,196500,3316,176422.0,16762.0,37.0,1873.5547884627927,2842427.0,,1.6875318066157758,84000037.0,USA,27101.48965244749,,2020-09-23,,
9625,North Carolina,US,2020-09-25 04:30:27,35.6301,-79.8064,198187,3356,176422.0,18409.0,37.0,1889.6397092166687,2870191.0,,1.693350219741961,84000037.0,USA,27366.209118843824,,2020-09-24,,
9683,North Carolina,US,2020-09-26 04:30:24,35.6301,-79.8064,204330,3409,176422.0,24499.0,37.0,1948.2109411023025,2903054.0,,1.6683795820486471,84000037.0,USA,27679.54566344053,,2020-09-25,,
9741,North Carolina,US,2020-09-27 04:30:34,35.6301,-79.8064,206060,3440,176422.0,26198.0,37.0,1964.7058509447488,2947803.0,,1.6694166747549255,84000037.0,USA,28106.21081982181,,2020-09-26,,
9799,North Carolina,US,2020-09-28 04:30:36,35.6301,-79.8064,207349,3441,176422.0,27486.0,37.0,1976.9959889718652,2978728.0,,1.6595209043689625,84000037.0,USA,28401.069251542987,,2020-09-27,,
9857,North Carolina,US,2020-09-29 04:30:25,35.6301,-79.8064,208226,3445,184422.0,20359.0,37.0,1985.3578594526887,3004533.0,,1.6544523738630144,84000037.0,USA,28647.110377834502,,2020-09-28,,
9915,North Carolina,US,2020-09-30 04:30:25,35.6301,-79.8064,209136,3494,184422.0,21220.0,37.0,1994.0343727224154,3019586.0,,1.6706831917986382,84000037.0,USA,28790.63516272372,,2020-09-29,,
9973,North Carolina,US,2020-10-01 04:30:28,35.6301,-79.8064,210632,3532,184422.0,22678.0,37.0,2008.2981791526456,3034871.0,,1.6768582171749782,84000037.0,USA,28936.371981765216,,2020-09-30,,
10031,North Carolina,US,2020-10-02 04:30:36,35.6301,-79.8064,212898,3579,184422.0,24897.0,37.0,2029.9036506572602,3063661.0,,1.681086717583068,84000037.0,USA,29210.873978507418,,2020-10-01,,
10089,North Carolina,US,2020-10-03 04:30:36,35.6301,-79.8064,214684,3608,184422.0,26654.0,37.0,2046.932499777843,3099704.0,,1.6806096402153865,84000037.0,USA,29554.53064639833,,2020-10-02,,
10147,North Carolina,US,2020-10-04 04:30:24,35.6301,-79.8064,216886,3629,184422.0,28835.0,37.0,2067.9277549645867,3136266.0,,1.6732292540781792,84000037.0,USA,29903.135787241983,,2020-10-03,,
10205,North Carolina,US,2020-10-05 04:30:35,35.6301,-79.8064,217496,3634,184422.0,29440.0,37.0,2073.7438792442927,3160968.0,,1.6708353257071396,84000037.0,USA,30138.660216680186,,2020-10-04,,
10263,North Carolina,US,2020-10-06 04:30:27,35.6301,-79.8064,219754,3637,192644.0,23473.0,37.0,2095.2730737091733,3193916.0,,1.6550324453707328,84000037.0,USA,30452.80720482406,,2020-10-05,,
10321,North Carolina,US,2020-10-07 04:30:35,35.6301,-79.8064,221258,3670,192644.0,24944.0,37.0,2109.613157179138,3216686.0,,1.6586970866590134,84000037.0,USA,30669.910729166542,,2020-10-06,,
10379,North Carolina,US,2020-10-08 04:30:35,35.6301,-79.8064,222969,3693,192644.0,26632.0,37.0,2125.9269090522157,3235273.0,,1.6562840574250233,84000037.0,USA,30847.130896358187,,2020-10-07,,
10437,North Carolina,US,2020-10-09 04:30:36,35.6301,-79.8064,225397,3722,192644.0,29031.0,37.0,2149.0769906114406,3268955.0,,1.651308579972227,84000037.0,USA,31168.27630289765,,2020-10-08,,
10495,North Carolina,US,2020-10-10 04:30:24,35.6301,-79.8064,227431,3747,192644.0,31040.0,37.0,2168.470427963773,3311285.0,,1.64753265825679,84000037.0,USA,31571.877189389405,,2020-10-09,,
10553,North Carolina,US,2020-10-11 04:30:32,35.6301,-79.8064,229752,3765,192644.0,33343.0,37.0,2190.6003041165573,3350815.0,,1.6387234931578398,84000037.0,USA,31948.78111197432,,2020-10-10,,
10611,North Carolina,US,2020-10-12 04:30:24,35.6301,-79.8064,231471,3770,192644.0,35057.0,37.0,2206.9903330293687,3388250.0,,1.6287137481585163,84000037.0,USA,32305.70998477892,,2020-10-11,,
10669,North Carolina,US,2020-10-13 04:30:36,35.6301,-79.8064,232747,3773,206471.0,22503.0,37.0,2219.156520866919,3417814.0,,1.6210735261893816,84000037.0,USA,32587.59178511537,,2020-10-12,,
10727,North Carolina,US,2020-10-14 04:30:28,35.6301,-79.8064,234481,3816,206471.0,24194.0,37.0,2235.689569229232,3444583.0,,1.6274239703856603,84000037.0,USA,32842.824294694816,,2020-10-13,,
10785,North Carolina,US,2020-10-15 04:30:37,35.6301,-79.8064,236407,3856,206471.0,26080.0,37.0,2254.053266545157,3467235.0,,1.6310853739525482,84000037.0,USA,33058.802732701224,,2020-10-14,,
10843,North Carolina,US,2020-10-16 04:30:37,35.6301,-79.8064,238939,3874,206471.0,28594.0,37.0,2278.1949496209218,3500763.0,,1.621334315452898,84000037.0,USA,33378.479806225805,,2020-10-15,,
10901,North Carolina,US,2020-10-17 04:30:24,35.6301,-79.8064,241623,3910,206471.0,31242.0,37.0,2303.7858964516304,3539731.0,,1.6182234307164467,84000037.0,USA,33750.025266769415,,2020-10-16,,
10959,North Carolina,US,2020-10-18 04:30:24,35.6301,-79.8064,243725,3929,206471.0,33325.0,37.0,2323.8276886417,3582572.0,,1.6120627756692991,84000037.0,USA,34158.49834917417,,2020-10-17,,
11017,North Carolina,US,2020-10-19 04:30:24,35.6301,-79.8064,246028,3934,206471.0,35623.0,37.0,2345.7859414550835,3617258.0,,1.5990049913018032,84000037.0,USA,34489.21652420022,,2020-10-18,,
11075,North Carolina,US,2020-10-20 04:30:29,35.6301,-79.8064,247172,3939,218541.0,24692.0,37.0,2356.6935581370253,3648364.0,,1.593627109866813,84000037.0,USA,34785.80072394539,,2020-10-19,,
11133,North Carolina,US,2020-10-21 04:30:32,35.6301,-79.8064,248750,3992,218541.0,26217.0,37.0,2371.7392042245274,3671793.0,,1.6048241206030152,84000037.0,USA,35009.18756943594,,2020-10-20,,
11191,North Carolina,US,2020-10-22 04:30:36,35.6301,-79.8064,250592,4032,218541.0,28019.0,37.0,2389.3019926232473,3692043.0,,1.6089899118886477,84000037.0,USA,35202.263826262264,,2020-10-21,,
11249,North Carolina,US,2020-10-23 04:30:40,35.6301,-79.8064,252992,4082,218541.0,30369.0,37.0,2412.185104543404,3727675.0,,1.6134897546167468,84000037.0,USA,35542.001761236854,,2020-10-22,,
11307,North Carolina,US,2020-10-24 04:30:33,35.6301,-79.8064,255708,4114,218541.0,33053.0,37.0,2438.0811595330474,3763315.0,,1.6088663631955198,84000037.0,USA,35881.81597325117,,2020-10-23,,
11365,North Carolina,US,2020-10-25 04:30:24,35.6301,-79.8064,258292,4144,218541.0,35607.0,37.0,2462.7186433670818,3809077.0,,1.6043857339755003,84000037.0,USA,36318.139709788746,,2020-10-24,,
11423,North Carolina,US,2020-10-26 04:30:38,35.6301,-79.8064,260099,4157,218541.0,37401.0,37.0,2479.9477197169667,3844453.0,,1.598237594146844,84000037.0,USA,36655.43677949185,,2020-10-25,,
11481,North Carolina,US,2020-10-27 04:30:25,35.6301,-79.8064,261742,4170,231611.0,25961.0,37.0,2495.613116752307,3872913.0,,1.59317190210207,84000037.0,USA,36926.792348345036,,2020-10-26,,
11539,North Carolina,US,2020-10-28 04:30:37,35.6301,-79.8064,263883,4211,231611.0,28061.0,37.0,2516.0267595110795,3890764.0,,1.5957829795780707,84000037.0,USA,37096.99502788117,,2020-10-27,,
11597,North Carolina,US,2020-10-29 04:30:35,35.6301,-79.8064,266136,4245,231611.0,30280.0,37.0,2537.508280826126,3923042.0,,1.5950491478041302,84000037.0,USA,37404.75381394733,,2020-10-28,,
11655,North Carolina,US,2020-10-30 04:30:29,35.6301,-79.8064,269021,4283,231611.0,33127.0,37.0,2565.015688280147,3961343.0,,1.5920690206340768,84000037.0,USA,37769.93967630313,,2020-10-29,,
11713,North Carolina,US,2020-10-31 04:30:34,35.6301,-79.8064,271830,4332,231611.0,35887.0,37.0,2591.7984638566973,4005791.0,,1.5936430857521244,84000037.0,USA,38193.73490906442,,2020-10-30,,
11771,North Carolina,US,2020-11-01 04:39:05,35.6301,-79.8064,274635,4378,231611.0,38646.0,37.0,2618.5431009133795,4055156.0,,1.5941158264605748,84000037.0,USA,38664.41191737213,,2020-10-31,,
11829,North Carolina,US,2020-11-02 05:30:37,35.6301,-79.8064,276692,4383,231611.0,40698.0,37.0,2638.1558347549467,4095365.0,,1.5840718199297414,84000037.0,USA,39047.789853704446,,2020-11-01,,
11887,North Carolina,US,2020-11-03 06:00:57,35.6301,-79.8064,278028,4390,246318.0,27320.0,37.0,2650.8941003904997,4127596.0,,1.5789776569266405,84000037.0,USA,39355.100512162186,,2020-11-02,,
11945,North Carolina,US,2020-11-04 05:30:25,35.6301,-79.8064,280377,4457,246318.0,29602.0,37.0,2673.290946182353,4157478.0,,1.5896453703406486,84000037.0,USA,39640.014324828066,,2020-11-03,,
12003,North Carolina,US,2020-11-05 06:05:43,35.6301,-79.8064,282802,4507,246318.0,31977.0,37.0,2696.412423851678,4184258.0,,1.5936945283272397,84000037.0,USA,39895.351715337136,,2020-11-04,,
12061,North Carolina,US,2020-11-06 05:30:35,35.6301,-79.8064,285661,4548,246318.0,34795.0,37.0,2723.671930926564,4226942.0,,1.5920969260767133,84000037.0,USA,40302.32786083712,,2020-11-05,,
12119,North Carolina,US,2020-11-07 05:30:37,35.6301,-79.8064,288569,4582,246318.0,37669.0,37.0,2751.39863486982,4277376.0,,1.5878351451472612,84000037.0,USA,40783.19738857927,,2020-11-06,,
12177,North Carolina,US,2020-11-08 05:30:26,35.6301,-79.8064,291245,4605,246318.0,40322.0,37.0,2776.913304660794,4324156.0,,1.5811430239145736,84000037.0,USA,41229.22737842298,,2020-11-07,,
12235,North Carolina,US,2020-11-09 05:30:38,35.6301,-79.8064,293339,4607,246318.0,42414.0,37.0,2796.8788198111306,4365061.0,,1.5705378418826,84000037.0,USA,41619.241417212135,,2020-11-08,,
12293,North Carolina,US,2020-11-10 05:42:01,35.6301,-79.8064,294860,4615,261719.0,28526.0,37.0,2811.3809919905293,,,,84000037.0,USA,41948.71055571256,,2020-11-09,4399616.0,1.565149562504239
12351,North Carolina,US,2020-11-11 05:30:39,35.6301,-79.8064,297442,4660,261719.0,31063.0,37.0,2835.9994065646306,,,,84000037.0,USA,42237.571705184666,,2020-11-10,4429912.0,1.566691993733232
12409,North Carolina,US,2020-11-12 05:30:39,35.6301,-79.8064,300561,4698,261719.0,34144.0,37.0,2865.7379174308667,,,,84000037.0,USA,42527.19562505411,,2020-11-11,4460288.0,1.5630770459241217
12467,North Carolina,US,2020-11-13 05:30:30,35.6301,-79.8064,303454,4706,261719.0,37029.0,37.0,2893.321601924623,,,,84000037.0,USA,42913.21465388721,,2020-11-12,4500774.0,1.550811655143778
12525,North Carolina,US,2020-11-14 05:30:30,35.6301,-79.8064,305233,4720,261719.0,38794.0,37.0,2910.2837086354384,,,,84000037.0,USA,43256.394590279786,,2020-11-13,4536767.0,1.5463596662221974
12583,North Carolina,US,2020-11-15 05:30:30,35.6301,-79.8064,309118,4756,261719.0,42643.0,37.0,2947.325746056191,,,,84000037.0,USA,43778.49185799809,,2020-11-14,4591525.0,1.5385710311272718
12641,North Carolina,US,2020-11-16 05:30:30,35.6301,-79.8064,312235,4806,261719.0,45710.0,37.0,2977.045187662494,,,,84000037.0,USA,44170.2125955513,,2020-11-15,4632609.0,1.5392252630230436
12699,North Carolina,US,2020-11-17 05:30:30,35.6301,-79.8064,314207,4814,276132.0,33261.0,37.0,2995.847477956889,,,,84000037.0,USA,44429.74522324573,,2020-11-16,4659829.0,1.5321109968905848
12757,North Carolina,US,2020-11-18 05:42:00,35.6301,-79.8064,317495,4852,276132.0,36511.0,37.0,3027.197341287503,,,,84000037.0,USA,44789.50588115046,,2020-11-17,4697561.0,1.5282130427250822
12815,North Carolina,US,2020-11-19 05:30:29,35.6301,-79.8064,320862,4898,276132.0,39832.0,37.0,3059.300440385489,,,,84000037.0,USA,45109.964794332314,,2020-11-18,4731171.0,1.5265129557255144
12873,North Carolina,US,2020-11-20 05:30:34,35.6301,-79.8064,325158,4936,276132.0,44090.0,37.0,3100.261210722569,,,,84000037.0,USA,45635.2466284595,,2020-11-19,4786263.0,1.5180312340462174
12931,North Carolina,US,2020-11-21 05:30:30,35.6301,-79.8064,328846,4979,276132.0,47735.0,37.0,3135.424926039876,,,,84000037.0,USA,45947.65831394943,,2020-11-20,4819029.0,1.5140825796877566
12989,North Carolina,US,2020-11-22 05:30:30,35.6301,-79.8064,332261,5005,276132.0,51124.0,37.0,3167.985687376264,,,,84000037.0,USA,46510.64960959504,,2020-11-21,4878076.0,1.5063459148079372
13047,North Carolina,US,2020-11-23 05:30:34,35.6301,-79.8064,336775,5034,276132.0,55609.0,37.0,3211.025007046092,,,,84000037.0,USA,47173.66870822164,,2020-11-22,4947614.0,1.4947665355207482
13105,North Carolina,US,2020-11-24 05:30:26,35.6301,-79.8064,339194,5039,293555.0,40600.0,37.0,3234.089276935615,,,,84000037.0,USA,47518.383720038866,,2020-11-23,4983768.0,1.4855805232403876
13163,North Carolina,US,2020-11-25 05:30:40,35.6301,-79.8064,342294,5074,293555.0,43665.0,37.0,3263.646629832484,,,,84000037.0,USA,47947.146495012814,,2020-11-24,5028737.0,1.4823514288886162
13221,North Carolina,US,2020-11-26 05:30:40,35.6301,-79.8064,346506,5138,293555.0,47813.0,37.0,3303.8064912523582,,,,84000037.0,USA,48479.48395531539,,2020-11-25,5084569.0,1.482802606592671
13279,North Carolina,US,2020-11-27 05:30:26,35.6301,-79.8064,346506,5138,293555.0,47813.0,37.0,3303.8064912523582,,,,84000037.0,USA,48479.48395531539,,2020-11-26,5084569.0,1.482802606592671
13337,North Carolina,US,2020-11-28 05:30:35,35.6301,-79.8064,354514,5210,293555.0,55749.0,37.0,3380.1598080259473,,,,84000037.0,USA,49511.636253104014,,2020-11-27,5192822.0,1.469617560942586
13395,North Carolina,US,2020-11-29 05:30:26,35.6301,-79.8064,357958,5219,293555.0,59184.0,37.0,3412.9970736313708,,,,84000037.0,USA,50007.74211953299,,2020-11-28,5244854.0,1.4579922784237256
13453,North Carolina,US,2020-11-30 05:30:26,35.6301,-79.8064,361778,5240,293555.0,62983.0,37.0,3449.4193601042853,,,,84000037.0,USA,50404.706903567894,,2020-11-29,5286488.0,1.4484020587210942
13511,North Carolina,US,2020-12-01 05:30:26,35.6301,-79.8064,364512,5261,315979.0,43272.0,37.0,3475.4870384333312,,,,84000037.0,USA,50688.80073805664,,2020-11-30,5316284.0,1.4432995347203932
13569,North Carolina,US,2020-12-02 05:30:41,35.6301,-79.8064,367395,5284,315979.0,46132.0,37.0,3502.9753766274184,,,,84000037.0,USA,50953.415323523346,,2020-12-01,5344037.0,1.4382340532669198
13627,North Carolina,US,2020-12-03 05:30:41,35.6301,-79.8064,371594,5366,315979.0,50249.0,37.0,3543.011287857725,,,,84000037.0,USA,51277.27809960332,,2020-12-02,5378004.0,1.4440491504168531
13685,North Carolina,US,2020-12-04 05:30:41,35.6301,-79.8064,377231,5410,315979.0,55842.0,37.0,3596.7579969801923,,,,84000037.0,USA,51798.77468563372,,2020-12-03,5432699.0,1.4341345223483757
13743,North Carolina,US,2020-12-05 05:30:31,35.6301,-79.8064,382534,5467,315979.0,61088.0,37.0,3647.3201396937707,,,,84000037.0,USA,52300.1818063242,,2020-12-04,5485287.0,1.4291540098396482
13801,North Carolina,US,2020-12-06 05:30:26,35.6301,-79.8064,388552,5516,315979.0,67057.0,37.0,3704.699542833562,,,,84000037.0,USA,52884.912058293965,,2020-12-05,5546614.0,1.4196298050196627
13859,North Carolina,US,2020-12-07 05:30:36,35.6301,-79.8064,394990,5543,315979.0,73468.0,37.0,3766.0834905593815,,,,84000037.0,USA,53501.440301202776,,2020-12-06,5611276.0,1.4033266664978858
13917,North Carolina,US,2020-12-08 05:30:26,35.6301,-79.8064,399362,5560,341041.0,52761.0,37.0,3807.768892773933,,,,84000037.0,USA,53926.10318529104,,2020-12-07,5655815.0,1.3922205918439912
13975,North Carolina,US,2020-12-09 05:30:36,35.6301,-79.8064,404032,5605,341041.0,57386.0,37.0,3852.2956147185705,,,,84000037.0,USA,54394.11049720808,,2020-12-08,5704900.0,1.3872663551401871
14033,North Carolina,US,2020-12-10 05:30:26,35.6301,-79.8064,410527,5661,341041.0,63825.0,37.0,3914.223036352493,,,,84000037.0,USA,54908.923307631776,,2020-12-09,5758894.0,1.378959240196138
14091,North Carolina,US,2020-12-11 05:30:31,35.6301,-79.8064,416083,5714,341041.0,69328.0,37.0,3967.197440447655,,,,84000037.0,USA,55095.458808300915,,2020-12-10,5778458.0,1.3732836958010777
14149,North Carolina,US,2020-12-12 05:30:32,35.6301,-79.8064,423623,5752,341041.0,76830.0,37.0,4039.088550396812,,,,84000037.0,USA,56055.25279927201,,2020-12-11,5879122.0,1.3578110725810448
14207,North Carolina,US,2020-12-13 05:30:42,35.6301,-79.8064,429776,5796,341041.0,82939.0,37.0,4097.755128582113,,,,84000037.0,USA,56603.522626248974,,2020-12-12,5936625.0,1.3486095082089269
14265,North Carolina,US,2020-12-14 05:30:41,35.6301,-79.8064,436595,5823,341041.0,89731.0,37.0,4162.7717703252565,,,,84000037.0,USA,57216.45631366034,,2020-12-13,6000910.0,1.3337303450566314
14323,North Carolina,US,2020-12-15 05:30:31,35.6301,-79.8064,441365,5855,365273.0,70237.0,37.0,4208.251955266567,,,,84000037.0,USA,57655.20184620947,,2020-12-14,6046926.0,1.3265664472715326
14381,North Carolina,US,2020-12-16 05:30:42,35.6301,-79.8064,446601,5881,365273.0,75447.0,37.0,4258.175277772375,,,,84000037.0,USA,58139.55151388947,,2020-12-15,6097725.0,1.3168353855007042
14439,North Carolina,US,2020-12-17 05:30:43,35.6301,-79.8064,451874,5979,365273.0,80622.0,37.0,4308.451381586951,,,,84000037.0,USA,58531.615498121486,,2020-12-16,6138845.0,1.3231564551180195
14497,North Carolina,US,2020-12-18 05:30:33,35.6301,-79.8064,457660,6065,365273.0,86322.0,37.0,4363.618750574461,,,,84000037.0,USA,58957.23184520643,,2020-12-17,6183484.0,1.32521959533278
14555,North Carolina,US,2020-12-19 05:30:27,35.6301,-79.8064,466104,6125,365273.0,94706.0,37.0,4444.129166013545,,,,84000037.0,USA,59750.92304752707,,2020-12-18,6266727.0,1.3140844103461888
14613,North Carolina,US,2020-12-20 05:30:33,35.6301,-79.8064,472268,6184,365273.0,100811.0,37.0,4502.900625128479,,,,84000037.0,USA,60477.0995350533,,2020-12-19,6342889.0,1.3094260038791534
14671,North Carolina,US,2020-12-21 05:30:38,35.6301,-79.8064,479168,6224,365273.0,107671.0,37.0,4568.689571898928,,,,84000037.0,USA,61110.44686522343,,2020-12-20,6409315.0,1.2989181247495658
14729,North Carolina,US,2020-12-22 05:30:44,35.6301,-79.8064,483647,6240,403488.0,73919.0,37.0,4611.39517951992,,,,84000037.0,USA,61560.09047982453,,2020-12-21,6456474.0,1.2901971892723412
14787,North Carolina,US,2020-12-23 05:30:33,35.6301,-79.8064,488902,6291,403488.0,79123.0,37.0,4661.4996599950955,,,,84000037.0,USA,62000.58084965758,,2020-12-22,6502673.0,1.2867609459564493
14845,North Carolina,US,2020-12-24 05:30:27,35.6301,-79.8064,494511,6360,403488.0,84663.0,37.0,4714.979399478494,,,,84000037.0,USA,62432.73795289969,,2020-12-23,6547998.0,1.286119014541638
14903,North Carolina,US,2020-12-25 05:30:37,35.6301,-79.8064,494511,6360,403488.0,84663.0,37.0,4714.979399478494,,,,84000037.0,USA,62432.73795289969,,2020-12-24,6547998.0,1.286119014541638
14961,North Carolina,US,2020-12-26 05:30:27,35.6301,-79.8064,494511,6360,403488.0,84663.0,37.0,4714.979399478494,,,,84000037.0,USA,62432.73795289969,,2020-12-25,6547998.0,1.286119014541638
15019,North Carolina,US,2020-12-27 05:30:43,35.6301,-79.8064,513930,6526,403488.0,103916.0,37.0,4900.132378802458,,,,84000037.0,USA,64354.27099935508,,2020-12-26,6749530.0,1.269822738505244
15077,North Carolina,US,2020-12-28 05:30:44,35.6301,-79.8064,516828,6549,403488.0,106791.0,37.0,4927.763736446047,,,,84000037.0,USA,64639.28969295059,,2020-12-27,6779423.0,1.2671527084445888
15135,North Carolina,US,2020-12-29 05:30:33,35.6301,-79.8064,520716,6561,403488.0,110667.0,37.0,4964.8343777567,,,,84000037.0,USA,64988.30482288281,,2020-12-28,6816028.0,1.2599958518655083
15193,North Carolina,US,2020-12-30 05:30:45,35.6301,-79.8064,524279,6574,403488.0,114217.0,37.0,4998.8062643281655,,,,84000037.0,USA,65242.31689982651,,2020-12-29,6842669.0,1.2539125160458455
15251,North Carolina,US,2020-12-31 05:30:27,35.6301,-79.8064,532830,6729,403488.0,122613.0,37.0,5080.336885173689,,,,84000037.0,USA,65602.9738129481,,2020-12-30,6880495.0,1.2628793423793705
15309,North Carolina,US,2021-01-01 05:30:27,35.6301,-79.8064,539545,6748,403488.0,129309.0,37.0,5144.3619254002915,,,,84000037.0,USA,66209.45255587198,,2020-12-31,6944103.0,1.2506834462371073
15367,North Carolina,US,2021-01-02 05:30:44,35.6301,-79.8064,539545,6748,403488.0,129309.0,37.0,5144.3619254002915,,,,84000037.0,USA,66209.45255587198,,2021-01-01,6944103.0,1.2506834462371073
15425,North Carolina,US,2021-01-03 05:30:33,35.6301,-79.8064,558437,6892,403488.0,148057.0,37.0,5324.490154731789,,,,84000037.0,USA,67499.30683240143,,2021-01-02,7079384.0,1.2341589113901836
15483,North Carolina,US,2021-01-04 05:30:45,35.6301,-79.8064,564924,6910,403488.0,154526.0,37.0,5386.341299325978,,,,84000037.0,USA,68007.28331313898,,2021-01-03,7132661.0,1.2231733826142983
15541,North Carolina,US,2021-01-05 05:30:33,35.6301,-79.8064,570111,6941,487090.0,76080.0,37.0,5435.797424963415,,,,84000037.0,USA,68343.14065371711,,2021-01-04,7167886.0,1.2174822096047964
15599,North Carolina,US,2021-01-06 05:30:39,35.6301,-79.8064,575396,6996,487090.0,81310.0,37.0,5486.187944337593,,,,84000037.0,USA,68650.96618219305,,2021-01-05,7200171.0,1.2158582958519002
15657,North Carolina,US,2021-01-07 05:30:38,35.6301,-79.8064,582348,7076,487090.0,88182.0,37.0,5552.472691866312,,,,84000037.0,USA,69061.40339837095,,2021-01-06,7243218.0,1.2150810168490318
15715,North Carolina,US,2021-01-08 05:30:47,35.6301,-79.8064,592746,7213,487090.0,98443.0,37.0,5651.61377426039,,,,84000037.0,USA,69742.4048091148,,2021-01-07,7314642.0,1.216878730518637
15773,North Carolina,US,2021-01-09 05:30:45,35.6301,-79.8064,602774,7328,487090.0,108356.0,37.0,5747.227043566775,,,,84000037.0,USA,70618.71358009719,,2021-01-08,7406550.0,1.215712688337586
15831,North Carolina,US,2021-01-10 05:30:28,35.6301,-79.8064,614355,7425,487090.0,119840.0,37.0,5857.647593211496,,,,84000037.0,USA,71390.89465721289,,2021-01-09,7487537.0,1.2085846131308446
15889,North Carolina,US,2021-01-11 05:30:40,35.6301,-79.8064,623188,7567,487090.0,128531.0,37.0,5941.866979707638,,,,84000037.0,USA,72037.52372692668,,2021-01-10,7555356.0,1.21424032555184
15947,North Carolina,US,2021-01-12 05:30:28,35.6301,-79.8064,629124,7578,521475.0,100071.0,37.0,5998.464543190157,,,,84000037.0,USA,73118.12147957625,,2021-01-11,7668690.0,1.2045320159459818
16005,North Carolina,US,2021-01-13 05:30:34,35.6301,-79.8064,635975,7638,521475.0,106862.0,37.0,6063.786293092237,,,,84000037.0,USA,73680.27372778479,,2021-01-12,7727649.0,1.2009906049766108
16063,North Carolina,US,2021-01-14 05:30:28,35.6301,-79.8064,641073,7745,521475.0,111853.0,37.0,6112.393836662635,,,,84000037.0,USA,74047.64302040296,,2021-01-13,7766179.0,1.208130743300685
16121,North Carolina,US,2021-01-15 05:30:28,35.6301,-79.8064,650926,7825,521475.0,121626.0,37.0,6206.338545724842,,,,84000037.0,USA,74848.4470566788,,2021-01-14,7850168.0,1.2021335758596214
16179,North Carolina,US,2021-01-16 05:30:49,35.6301,-79.8064,659840,7933,521475.0,130432.0,37.0,6291.3302372482885,,,,84000037.0,USA,75683.14670248638,,2021-01-15,7937712.0,1.2022611542192048
16237,North Carolina,US,2021-01-17 05:30:35,35.6301,-79.8064,667826,8016,521475.0,138335.0,37.0,6367.47379216261,,,,84000037.0,USA,76411.07756192648,,2021-01-16,8014058.0,1.2003126562907105
16295,North Carolina,US,2021-01-18 05:30:33,35.6301,-79.8064,674637,8083,521475.0,145079.0,37.0,6432.414156866021,,,,84000037.0,USA,77110.64289721554,,2021-01-17,8087429.0,1.1981258069154226
16353,North Carolina,US,2021-01-19 05:30:28,35.6301,-79.8064,674637,8083,521475.0,145079.0,37.0,6432.414156866021,,,,84000037.0,USA,77110.64289721554,,2021-01-18,8087429.0,1.1981258069154226
16411,North Carolina,US,2021-01-20 05:30:46,35.6301,-79.8064,684497,8139,579573.0,96785.0,37.0,6526.425608337996,,,,84000037.0,USA,78054.21848261321,,2021-01-19,8186392.0,1.189048308465925
16469,North Carolina,US,2021-01-21 05:30:34,35.6301,-79.8064,690912,8200,579573.0,103139.0,37.0,6587.59025957458,,,,84000037.0,USA,78562.61448706932,,2021-01-20,8239713.0,1.1868371080542819
16527,North Carolina,US,2021-01-22 05:30:39,35.6301,-79.8064,698099,8339,579573.0,110187.0,37.0,6656.1156451454835,,,,84000037.0,USA,79234.97752306331,,2021-01-21,8310231.0,1.1945297156993493
16585,North Carolina,US,2021-01-23 05:30:27,35.6301,-79.8064,705535,8464,579573.0,117498.0,37.0,6727.015153578101,,,,84000037.0,USA,79973.15810971765,,2021-01-22,8387652.0,1.1996569978810403
16643,North Carolina,US,2021-01-24 05:30:28,35.6301,-79.8064,712716,8586,579573.0,124557.0,37.0,6795.483331369201,,,,84000037.0,USA,80687.39724052553,,2021-01-23,8462562.0,1.204687421076558
16701,North Carolina,US,2021-01-25 05:30:45,35.6301,-79.8064,718812,8695,579573.0,130544.0,37.0,6853.606435646397,,,,84000037.0,USA,81278.4012790134,,2021-01-24,8524547.0,1.2096347862862613
16759,North Carolina,US,2021-01-26 05:30:28,35.6301,-79.8064,723445,8720,635543.0,79182.0,37.0,6897.780376282264,,,,84000037.0,USA,81750.4894125562,,2021-01-25,8574060.0,1.2053438754846602
16817,North Carolina,US,2021-01-27 05:30:51,35.6301,-79.8064,727423,8776,635543.0,83104.0,37.0,6935.709134289924,,,,84000037.0,USA,82073.49407193916,,2021-01-26,8607937.0,1.206450717120575
16875,North Carolina,US,2021-01-28 05:30:28,35.6301,-79.8064,733010,8915,635543.0,88552.0,37.0,6988.979111914054,,,,84000037.0,USA,82532.9869592959,,2021-01-27,8656129.0,1.2162180597809034
16933,North Carolina,US,2021-01-29 05:30:28,35.6301,-79.8064,739500,9046,635543.0,94911.0,37.0,7050.858860398143,,,,84000037.0,USA,83196.67348202018,,2021-01-28,8725737.0,1.2232589587559162
16991,North Carolina,US,2021-01-30 05:30:40,35.6301,-79.8064,746459,9157,635543.0,101759.0,37.0,7117.21035033663,,,,84000037.0,USA,84004.27570946228,,2021-01-29,8810439.0,1.2267251114930626
17049,North Carolina,US,2021-01-31 05:30:41,35.6301,-79.8064,752627,9287,635543.0,107797.0,37.0,7176.019947971431,,,,84000037.0,USA,84692.79994324988,,2021-01-30,8882652.0,1.23394457015228
17107,North Carolina,US,2021-02-01 05:30:44,35.6301,-79.8064,757526,9335,635543.0,112648.0,37.0,7222.73010017845,,,,84000037.0,USA,85274.11679769155,,2021-01-31,8943621.0,1.2323009375255771
17165,North Carolina,US,2021-02-02 05:30:40,35.6301,-79.8064,761302,9342,683697.0,68263.0,37.0,7258.732862932829,,,,84000037.0,USA,85707.87571876807,,2021-02-01,8989114.0,1.2271082960507131
17223,North Carolina,US,2021-02-03 05:30:38,35.6301,-79.8064,764228,9409,683697.0,71122.0,37.0,7286.631190215487,,,,84000037.0,USA,85995.4115546748,,2021-02-02,9019271.0,1.231177083278812
17281,North Carolina,US,2021-02-04 05:30:42,35.6301,-79.8064,776307,9578,683697.0,83032.0,37.0,7401.7999855836415,,,,84000037.0,USA,86787.53907768092,,2021-02-03,9102350.0,1.2337902402013636
17339,North Carolina,US,2021-02-05 05:30:47,35.6301,-79.8064,781802,9728,683697.0,88377.0,37.0,7454.1927772508325,,,,84000037.0,USA,87446.63944339119,,2021-02-04,9171477.0,1.244304823983566
17397,North Carolina,US,2021-02-06 05:30:40,35.6301,-79.8064,787349,9841,683697.0,93811.0,37.0,7507.081369676292,,,,84000037.0,USA,88094.75591537976,,2021-02-05,9239452.0,1.2498904551856926
17455,North Carolina,US,2021-02-07 05:30:57,35.6301,-79.8064,791521,9926,683697.0,97898.0,37.0,7546.8598458974975,,,,84000037.0,USA,88641.36671674254,,2021-02-06,9296781.0,1.2540412699094527
17513,North Carolina,US,2021-02-08 05:30:33,35.6301,-79.8064,796195,9983,683697.0,102515.0,37.0,7591.424706362,,,,84000037.0,USA,89232.2849435607,,2021-02-07,9358757.0,1.2538385696971222
17571,North Carolina,US,2021-02-09 05:30:43,35.6301,-79.8064,799279,9991,730454.0,58834.0,37.0,7620.829505179402,,,,84000037.0,USA,89668.51333379863,,2021-02-08,9404509.0,1.2500015639094737
17629,North Carolina,US,2021-02-10 05:30:29,35.6301,-79.8064,802065,10046,730454.0,61565.0,37.0,7647.392984266718,,,,84000037.0,USA,89991.05079631323,,2021-02-09,9438337.0,1.2525169406469552
17687,North Carolina,US,2021-02-11 05:30:49,35.6301,-79.8064,805898,10181,730454.0,65263.0,37.0,7683.939220929199,,,,84000037.0,USA,90334.32607900546,,2021-02-10,9474340.0,1.263311237898593
17745,North Carolina,US,2021-02-12 05:30:51,35.6301,-79.8064,810466,10294,730454.0,69718.0,37.0,7727.49341061723,,,,84000037.0,USA,90999.20443047557,,2021-02-11,9544073.0,1.270133478764069
17803,North Carolina,US,2021-02-13 05:30:30,35.6301,-79.8064,814594,10376,730454.0,73764.0,37.0,7766.852363119899,,,,84000037.0,USA,91595.72901971418,,2021-02-12,9606637.0,1.2737633716919103
17861,North Carolina,US,2021-02-14 05:30:42,35.6301,-79.8064,818724,10453,730454.0,77817.0,37.0,7806.230384882501,,,,84000037.0,USA,92212.06657002367,,2021-02-13,9671279.0,1.2767428339709108
17919,North Carolina,US,2021-02-15 05:31:10,35.6301,-79.8064,821894,10491,730454.0,80949.0,37.0,7836.455161877041,,,,84000037.0,USA,92696.58786104307,,2021-02-14,9722096.0,1.2764419742691882
17977,North Carolina,US,2021-02-16 05:31:00,35.6301,-79.8064,824352,10501,765456.0,48395.0,37.0,7859.8912823352675,,,,84000037.0,USA,93048.9782499835,,2021-02-15,9759055.0,1.2738490353635343
18035,North Carolina,US,2021-02-17 05:30:30,35.6301,-79.8064,826340,10562,765456.0,50322.0,37.0,7878.84612670913,,,,84000037.0,USA,93331.94699813618,,2021-02-16,9788733.0,1.2781663721954644
18093,North Carolina,US,2021-02-18 05:30:52,35.6301,-79.8064,829507,10670,765456.0,53381.0,37.0,7909.042299813769,,,,84000037.0,USA,93632.03994170908,,2021-02-17,9820207.0,1.2863062035642858
18151,North Carolina,US,2021-02-19 05:31:04,35.6301,-79.8064,833423,10766,765456.0,57201.0,37.0,7946.379910763491,,,,84000037.0,USA,94163.17603863584,,2021-02-18,9875913.0,1.2917810043639304
18209,North Carolina,US,2021-02-20 05:30:30,35.6301,-79.8064,836650,10820,765456.0,60374.0,37.0,7977.148161666135,,,,84000037.0,USA,94659.4058552544,,2021-02-19,9927958.0,1.2932528536425028
18267,North Carolina,US,2021-02-21 05:30:53,35.6301,-79.8064,840096,10896,765456.0,63744.0,37.0,8010.004496531492,,,,84000037.0,USA,95205.9213103175,,2021-02-20,9985277.0,1.296994629185236
18325,North Carolina,US,2021-02-22 05:30:43,35.6301,-79.8064,842637,10926,765456.0,66255.0,37.0,8034.231991276958,,,,84000037.0,USA,95643.99941876896,,2021-02-21,10031223.0,1.2966437505117865
18383,North Carolina,US,2021-02-23 05:30:53,35.6301,-79.8064,844770,10934,795521.0,38315.0,37.0,8054.5693569959985,,,,84000037.0,USA,96007.59299792028,,2021-02-22,10069357.0,1.2943167962877469
18441,North Carolina,US,2021-02-24 05:31:21,35.6301,-79.8064,846284,10965,,835319.0,37.0,8069.0047867656285,,,,84000037.0,USA,96256.19893967287,,2021-02-23,10095431.0,1.2956643396306675
18499,North Carolina,US,2021-02-25 05:31:00,35.6301,-79.8064,849630,11074,,838556.0,37.0,8100.907658634313,,,,84000037.0,USA,96652.9348925886,,2021-02-24,10137041.0,1.303390887798218
18557,North Carolina,US,2021-02-26 05:30:48,35.6301,-79.8064,852981,11137,,841844.0,37.0,8132.85820365283,,,,84000037.0,USA,97247.07582433552,,2021-02-25,10199355.0,1.3056562807377892
18615,North Carolina,US,2021-02-27 05:30:48,35.6301,-79.8064,855905,11186,,844719.0,37.0,8160.737461675555,,,,84000037.0,USA,97817.36111190566,,2021-02-26,10259167.0,1.3069207447088171
18673,North Carolina,US,2021-02-28 05:30:29,35.6301,-79.8064,858548,11212,,847336.0,37.0,8185.937488677627,,,,84000037.0,USA,98426.18537380137,,2021-02-27,10323021.0,1.3059258189408165
18731,North Carolina,US,2021-03-01 05:30:39,35.6301,-79.8064,858548,11212,,847336.0,37.0,8185.937488677627,,,,84000037.0,USA,98426.18537380137,,2021-02-28,10323021.0,1.3059258189408165
18789,North Carolina,US,2021-03-02 05:30:53,35.6301,-79.8064,862170,11254,,850916.0,37.0,8220.47191841713,,,,84000037.0,USA,99172.03180294894,,2021-03-01,10401246.0,1.3053110175487432
18847,North Carolina,US,2021-03-03 05:30:49,35.6301,-79.8064,863409,11288,,852121.0,37.0,8232.28532494591,,,,84000037.0,USA,99370.00885957817,,2021-03-02,10422010.0,1.3073757628192433
18905,North Carolina,US,2021-03-04 05:30:41,35.6301,-79.8064,865554,11363,,854191.0,37.0,8252.73710622455,,,,84000037.0,USA,91166.76601751092,,2021-03-03,9561647.0,1.3128008188974922
18963,North Carolina,US,2021-03-05 05:31:07,35.6301,-79.8064,868056,11399,,856657.0,37.0,8276.592750401314,,,,84000037.0,USA,91586.76646754547,,2021-03-04,9605697.0,1.3131641276599666
19021,North Carolina,US,2021-03-06 04:30:38,35.6301,-79.8064,870149,11446,,858703.0,37.0,8296.548730921682,,,,84000037.0,USA,92010.93355087543,,2021-03-05,9650184.0,1.3154069015766263
19079,North Carolina,US,2021-03-07 05:31:30,35.6301,-79.8064,872176,11502,,860674.0,37.0,8315.875425864248,,,,84000037.0,USA,92010.93355087543,,2021-03-06,9650184.0,1.3187705233806022
19137,North Carolina,US,2021-03-08 05:31:09,35.6301,-79.8064,872176,11502,,,37.0,8315.875425864248,,,,84000037.0,USA,92379.48513760947,,2021-03-07,9688838.0,1.3187705233806022
19195,North Carolina,US,2021-03-09 05:30:55,35.6301,-79.8064,874906,11535,,,37.0,8341.904965673426,,,,84000037.0,USA,92379.48513760947,,2021-03-08,9688838.0,1.3184273510525701
19253,North Carolina,US,2021-03-10 05:31:08,35.6301,-79.8064,875903,11552,,,37.0,8351.410991750257,,,,84000037.0,USA,92939.43488629573,,2021-03-09,9747566.0,1.3188675001683976
19311,North Carolina,US,2021-03-11 05:30:58,35.6301,-79.8064,877764,11595,,,37.0,8369.154938118345,,,,84000037.0,USA,101973.09632531546,,2021-03-10,10695024.0,1.3209701013028559
19369,North Carolina,US,2021-03-12 05:30:41,35.6301,-79.8064,879825,11622,,,37.0,8388.805810479778,,,,84000037.0,USA,94320.79300661587,,2021-03-11,9892444.0,1.3209445060097178
19427,North Carolina,US,2021-03-13 05:30:48,35.6301,-79.8064,881823,11663,,,37.0,8407.856001153308,,,,84000037.0,USA,94684.1100814982,,2021-03-12,9930549.0,1.3226010208397831
19485,North Carolina,US,2021-03-14 05:31:09,35.6301,-79.8064,882715,11691,,,37.0,8416.360891083634,,,,84000037.0,USA,95094.16591247745,,2021-03-13,9973556.0,1.3244365395399422
19543,North Carolina,US,2021-03-15 05:31:06,35.6301,-79.8064,882715,11691,,,37.0,8416.360891083634,,,,84000037.0,USA,95231.11180268961,,2021-03-14,9987919.0,1.3244365395399422
19601,North Carolina,US,2021-03-16 05:31:04,35.6301,-79.8064,886218,11709,,,37.0,8449.760699857095,,,,84000037.0,USA,95231.11180268961,,2021-03-15,9987919.0,1.3212324732740703
19659,North Carolina,US,2021-03-17 05:31:00,35.6301,-79.8064,887311,11722,,,37.0,8460.182050410733,,,,84000037.0,USA,95957.68874467444,,2021-03-16,10064123.0,1.3210700644982425
19717,North Carolina,US,2021-03-18 05:31:01,35.6301,-79.8064,889310,11757,,,37.0,8479.24177571423,,,,84000037.0,USA,96093.03281705221,,2021-03-17,10078318.0,1.3220361853571871
19775,North Carolina,US,2021-03-19 05:30:59,35.6301,-79.8064,891314,11783,,,37.0,8498.34917416756,,,,84000037.0,USA,96284.74562179326,,2021-03-18,10098425.0,1.321980805866395
19833,North Carolina,US,2021-03-20 05:31:09,35.6301,-79.8064,893229,11805,,,37.0,8516.607990553852,,,,84000037.0,USA,96672.33786457087,,2021-03-19,10139076.0,1.3216095760437694
19891,North Carolina,US,2021-03-21 05:30:52,35.6301,-79.8064,895263,11820,,,37.0,8536.001427906183,,,,84000037.0,USA,97055.25813866481,,2021-03-20,10179237.0,1.320282419802896
19949,North Carolina,US,2021-03-22 05:30:46,35.6301,-79.8064,895263,11820,,,37.0,8536.001427906183,,,,84000037.0,USA,97365.55313630213,,2021-03-21,10211781.0,1.320282419802896
20007,North Carolina,US,2021-03-23 05:31:19,35.6301,-79.8064,898102,11836,,,37.0,8563.070242381735,,,,84000037.0,USA,97365.55313630213,,2021-03-22,10211781.0,1.3178903955230028
20065,North Carolina,US,2021-03-24 05:31:13,35.6301,-79.8064,899164,11854,,,37.0,8573.196019406405,,,,84000037.0,USA,97839.26215693924,,2021-03-23,10261464.0,1.318335698493267
20123,North Carolina,US,2021-03-25 05:30:43,35.6301,-79.8064,901262,11894,,,37.0,8593.199673076608,,,,84000037.0,USA,97957.53924167657,,2021-03-24,10273869.0,1.3197050358275395
20181,North Carolina,US,2021-03-26 05:30:37,35.6301,-79.8064,903374,11987,,,37.0,8613.336811566345,,,,84000037.0,USA,98156.22186092332,,2021-03-25,10294707.0,1.3269144341103465
20239,North Carolina,US,2021-03-27 05:31:28,35.6301,-79.8064,905528,12028,,,37.0,8633.874404514685,,,,84000037.0,USA,98536.57731955618,,2021-03-26,10334599.0,1.3282858177770318
20297,North Carolina,US,2021-03-28 05:31:16,35.6301,-79.8064,905528,12028,,,37.0,8633.874404514685,,,,84000037.0,USA,98910.6685263009,,2021-03-27,10373834.0,1.3282858177770318
20355,North Carolina,US,2021-03-29 04:31:08,35.6301,-79.8064,905528,12028,,,37.0,8633.874404514685,,,,84000037.0,USA,98910.6685263009,,2021-03-28,10373834.0,1.3282858177770318
20413,North Carolina,US,2021-03-30 04:31:00,35.6301,-79.8064,910833,12085,,,37.0,8684.455616488198,,,,84000037.0,USA,98910.6685263009,,2021-03-29,10373834.0,1.3268074389048268
20471,North Carolina,US,2021-03-31 04:31:15,35.6301,-79.8064,912203,12087,,,37.0,8697.518059542619,,,,84000037.0,USA,99778.73937699203,,2021-03-30,10464878.0,1.3250340110699044
20529,North Carolina,US,2021-04-01 04:30:33,35.6301,-79.8064,914132,12112,,,37.0,8715.910360748445,,,,84000037.0,USA,100010.9457552018,,2021-03-31,10489232.0,1.3249727610454507
20587,North Carolina,US,2021-04-02 04:30:39,35.6301,-79.8064,916159,12136,,,37.0,8735.23705569101,,,,84000037.0,USA,100199.187954635,,2021-04-01,10508975.0,1.324660894015122
20645,North Carolina,US,2021-04-03 04:30:31,35.6301,-79.8064,916159,12136,,,37.0,8735.23705569101,,,,84000037.0,USA,100552.82738010108,,2021-04-02,10546065.0,1.324660894015122
20703,North Carolina,US,2021-04-04 04:30:32,35.6301,-79.8064,916159,12136,,,37.0,8735.23705569101,,,,84000037.0,USA,100552.82738010108,,2021-04-03,10546065.0,1.324660894015122
20761,North Carolina,US,2021-04-05 04:30:40,35.6301,-79.8064,916159,12136,,,37.0,8735.23705569101,,,,84000037.0,USA,100552.82738010108,,2021-04-04,10546065.0,1.324660894015122
20819,North Carolina,US,2021-04-06 04:30:57,35.6301,-79.8064,922560,12173,,,37.0,8796.268222108061,,,,84000037.0,USA,100552.82738010108,,2021-04-05,10546065.0,1.3194805757891086
20877,North Carolina,US,2021-04-07 04:30:42,35.6301,-79.8064,923430,12189,,,37.0,8804.563350179118,,,,84000037.0,USA,101616.75859956881,,2021-04-06,10657651.0,1.3199701114323772
20935,North Carolina,US,2021-04-08 04:30:30,35.6301,-79.8064,924810,12212,,,37.0,8817.721139533207,,,,84000037.0,USA,101831.62148586912,,2021-04-07,10680186.0,1.3204874514765197
20993,North Carolina,US,2021-04-09 04:30:59,35.6301,-79.8064,926897,12224,,,37.0,8837.619912273776,,,,84000037.0,USA,101985.4436711224,,2021-04-08,10696319.0,1.3188088859927265
21051,North Carolina,US,2021-04-10 04:30:47,35.6301,-79.8064,929406,12248,,,37.0,8861.542298860306,,,,84000037.0,USA,102284.48780539897,,2021-04-09,10727683.0,1.3178309586983514
21109,North Carolina,US,2021-04-11 04:30:51,35.6301,-79.8064,929406,12248,,,37.0,8861.542298860306,,,,84000037.0,USA,102645.64051927882,,2021-04-10,10765561.0,1.3178309586983514
21167,North Carolina,US,2021-04-12 04:30:34,35.6301,-79.8064,929406,12248,,,37.0,8861.542298860306,,,,84000037.0,USA,102645.64051927882,,2021-04-11,10765561.0,1.3178309586983514
21225,North Carolina,US,2021-04-13 04:30:56,35.6301,-79.8064,935061,12290,,,37.0,8915.460631322174,,,,84000037.0,USA,102645.64051927882,,2021-04-12,10765561.0,1.3143527534567263
21283,North Carolina,US,2021-04-14 04:30:32,35.6301,-79.8064,936425,12305,,,37.0,8928.465866596796,,,,84000037.0,USA,103416.23884782006,,2021-04-13,10846382.0,1.3140400993138799
21341,North Carolina,US,2021-04-15 04:30:32,35.6301,-79.8064,938784,12325,,,37.0,8950.958058688317,,,,84000037.0,USA,103536.67075892985,,2021-04-14,10859013.0,1.31286856188431
21399,North Carolina,US,2021-04-16 04:31:03,35.6301,-79.8064,941218,12359,,,37.0,8974.165348027342,,,,84000037.0,USA,103736.097079314,,2021-04-15,10879929.0,1.3130858100886298
21457,North Carolina,US,2021-04-17 04:31:07,35.6301,-79.8064,943693,12387,,,37.0,8997.763557195003,,,,84000037.0,USA,104179.47644202695,,2021-04-16,10926431.0,1.3126090794357912
21515,North Carolina,US,2021-04-18 04:30:57,35.6301,-79.8064,943693,12387,,,37.0,8997.763557195003,,,,84000037.0,USA,104541.00100647553,,2021-04-17,10964348.0,1.3126090794357912
21573,North Carolina,US,2021-04-19 04:30:30,35.6301,-79.8064,943693,12387,,,37.0,8997.763557195003,,,,84000037.0,USA,104541.00100647553,,2021-04-18,10964348.0,1.3126090794357912
21631,North Carolina,US,2021-04-20 04:30:55,35.6301,-79.8064,949366,12418,,,37.0,9051.853512996271,,,,84000037.0,USA,104541.00100647553,,2021-04-19,10964348.0,1.3080308332086887
21689,North Carolina,US,2021-04-21 04:30:46,35.6301,-79.8064,950566,12437,,,37.0,9063.295068956353,,,,84000037.0,USA,105308.71987676682,,2021-04-20,11044867.0,1.3083783766724246
21747,North Carolina,US,2021-04-22 04:30:30,35.6301,-79.8064,952529,12480,,,37.0,9082.011547581043,,,,84000037.0,USA,105423.81239509523,,2021-04-21,11056938.0,1.3101963299805046
21805,North Carolina,US,2021-04-23 04:30:31,35.6301,-79.8064,954765,12505,,,37.0,9103.330980186658,,,,84000037.0,USA,105715.80090319645,,2021-04-22,11087562.0,1.3097463773808216
21863,North Carolina,US,2021-04-24 04:30:47,35.6301,-79.8064,956932,12523,,,37.0,9123.992523324565,,,,84000037.0,USA,106048.54041977543,,2021-04-23,11122460.0,1.3086614304882689
21921,North Carolina,US,2021-04-25 04:30:46,35.6301,-79.8064,956932,12523,,,37.0,9123.992523324565,,,,84000037.0,USA,106413.4497778622,,2021-04-24,11160732.0,1.3086614304882689
21979,North Carolina,US,2021-04-26 04:30:31,35.6301,-79.8064,956932,12523,,,37.0,9123.992523324565,,,,84000037.0,USA,106413.4497778622,,2021-04-25,11160732.0,1.3086614304882689
22037,North Carolina,US,2021-04-27 04:30:56,35.6301,-79.8064,962623,12560,,,37.0,9178.254102465236,,,,84000037.0,USA,106413.4497778622,,2021-04-26,11160732.0,1.3047683257100648
22095,North Carolina,US,2021-04-28 04:30:34,35.6301,-79.8064,963771,12583,,,37.0,9189.199857667043,,,,84000037.0,USA,107212.50897685412,,2021-04-27,11244538.0,1.3056006042929285
22153,North Carolina,US,2021-04-29 04:30:35,35.6301,-79.8064,965536,12619,,,37.0,9206.028479558325,,,,84000037.0,USA,107424.47333564454,,2021-04-28,11266769.0,1.3069424651178203
22211,North Carolina,US,2021-04-30 04:30:59,35.6301,-79.8064,967521,12631,,,37.0,9224.954720042288,,,,84000037.0,USA,107612.49623858847,,2021-04-29,11286489.0,1.305501379298227
22269,North Carolina,US,2021-05-01 04:30:31,35.6301,-79.8064,969752,12651,,,37.0,9246.226479498067,,,,84000037.0,USA,107945.76969444564,,2021-04-30,11321443.0,1.3045603412006368
22327,North Carolina,US,2021-05-02 04:30:59,35.6301,-79.8064,969752,12651,,,37.0,9246.226479498067,,,,84000037.0,USA,108315.5989215952,,2021-05-01,11360231.0,1.3045603412006368
22385,North Carolina,US,2021-05-03 04:30:41,35.6301,-79.8064,969752,12651,,,37.0,9246.226479498067,,,,84000037.0,USA,108315.5989215952,,2021-05-02,11360231.0,1.3045603412006368
22443,North Carolina,US,2021-05-04 04:30:32,35.6301,-79.8064,974319,12691,,,37.0,9289.771134556131,,,,84000037.0,USA,108315.5989215952,,2021-05-03,11360231.0,1.302550807281804
22501,North Carolina,US,2021-05-05 04:30:45,35.6301,-79.8064,975300,12700,,,37.0,9299.124606553494,,,,84000037.0,USA,109030.93453484926,,2021-05-04,11435256.0,1.302163436891213
22559,North Carolina,US,2021-05-06 04:30:57,35.6301,-79.8064,976768,12721,,,37.0,9313.121443344657,,,,84000037.0,USA,109141.77460821252,,2021-05-05,11446881.0,1.3023563425501246
22617,North Carolina,US,2021-05-07 04:30:42,35.6301,-79.8064,978566,12738,,,37.0,9330.26470802484,,,,84000037.0,USA,109310.94754771225,,2021-05-06,11464624.0,1.3017006517700391
22675,North Carolina,US,2021-05-08 04:30:57,35.6301,-79.8064,980498,12780,,,37.0,9348.685613120566,,,,84000037.0,USA,109636.16424124748,,2021-05-07,11498733.0,1.303419282854223
22733,North Carolina,US,2021-05-09 04:31:08,35.6301,-79.8064,980498,12780,,,37.0,9348.685613120566,,,,84000037.0,USA,109978.97232707137,,2021-05-08,11534687.0,1.303419282854223
22791,North Carolina,US,2021-05-10 04:30:58,35.6301,-79.8064,980498,12780,,,37.0,9348.685613120566,,,,84000037.0,USA,109978.97232707137,,2021-05-09,11534687.0,1.303419282854223
22849,North Carolina,US,2021-05-11 04:31:00,35.6301,-79.8064,984251,12790,,,37.0,9384.46907938571,,,,84000037.0,USA,109978.97232707137,,2021-05-10,11534687.0,1.2994652786738343
22907,North Carolina,US,2021-05-12 04:31:06,35.6301,-79.8064,984950,12801,,,37.0,9391.133785732456,,,,84000037.0,USA,110656.15035119855,,2021-05-11,11605710.0,1.2996598812122442
22965,North Carolina,US,2021-05-13 04:31:15,35.6301,-79.8064,986443,12830,,,37.0,9405.368988272789,,,,84000037.0,USA,110752.43104460262,,2021-05-12,11615808.0,1.3006326772048664
